questionnaire_id,questionnaire_name,version,instrument_type,sector,subtype,section,final_item,original_item,item_id,item_text,response_type,default_scoring,allowed_scoring,validation_status,source,source_line_start,source_line_end,notes
audit,Auditoría del sistema de gestión del riesgo biológico,final_2015_annex1,core_questionnaire,,,Auditoría / gestión,1,1,AUDIT-F2015-001,La empresa ha realizado o dispone de una evaluación de riesgos biológicos (4 puntos),yes_no_not_applicable,binary_yes_no_na,binary_yes_no_na|audit_0_4,validated_final,"Aguilar Elena doctoral thesis (2015), Annex 1",11,12,
audit,Auditoría del sistema de gestión del riesgo biológico,final_2015_annex1,core_questionnaire,,,Auditoría / gestión,2,2,AUDIT-F2015-002,"La empresa, en la evaluación de riesgos ha identificado y clasificado los agentes biológicos (4 puntos)",yes_no_not_applicable,binary_yes_no_na,binary_yes_no_na|audit_0_4,validated_final,"Aguilar Elena doctoral thesis (2015), Annex 1",13,14,
audit,Auditoría del sistema de gestión del riesgo biológico,final_2015_annex1,core_questionnaire,,,Auditoría / gestión,3,3,AUDIT-F2015-003,La evaluación de riesgos se repite periódicamente (4 puntos),yes_no_not_applicable,binary_yes_no_na,binary_yes_no_na|audit_0_4,validated_final,"Aguilar Elena doctoral thesis (2015), Annex 1",15,21,
audit,Auditoría del sistema de gestión del riesgo biológico,final_2015_annex1,core_questionnaire,,,Auditoría / gestión,4,5,AUDIT-F2015-004,El empresario adopta las medidas higiénicas y de protección individual necesarias en todas las actividades donde existe riesgo para la salud o seguridad de los trabajadores como consecuencia del trabajo con agentes biológicos (4 puntos),yes_no_not_applicable,binary_yes_no_na,binary_yes_no_na|audit_0_4,validated_final,"Aguilar Elena doctoral thesis (2015), Annex 1",29,31,
audit,Auditoría del sistema de gestión del riesgo biológico,final_2015_annex1,core_questionnaire,,,Auditoría / gestión,5,6,AUDIT-F2015-005,Las medidas higiénicas adoptadas no suponen coste alguno para los trabajadores (4 puntos),yes_no_not_applicable,binary_yes_no_na,binary_yes_no_na|audit_0_4,validated_final,"Aguilar Elena doctoral thesis (2015), Annex 1",32,34,
audit,Auditoría del sistema de gestión del riesgo biológico,final_2015_annex1,core_questionnaire,,,Auditoría / gestión,6,7,AUDIT-F2015-006,"Los trabajadores disponen, dentro de la jornada laboral, de 10 minutos para su aseo personal antes de la comida y de otros 10 minutos antes de abandonar el trabajo (4 puntos)",yes_no_not_applicable,binary_yes_no_na,binary_yes_no_na|audit_0_4,validated_final,"Aguilar Elena doctoral thesis (2015), Annex 1",35,36,
audit,Auditoría del sistema de gestión del riesgo biológico,final_2015_annex1,core_questionnaire,,,Auditoría / gestión,7,8,AUDIT-F2015-007,"Al salir de la zona de trabajo, el trabajador se quita las ropas de trabajo y los equipos de protección individual potencialmente contaminados con agentes biológicos y los guarda en un lugar que no contiene otras prendas (4 puntos)",yes_no_not_applicable,binary_yes_no_na,binary_yes_no_na|audit_0_4,validated_final,"Aguilar Elena doctoral thesis (2015), Annex 1",37,39,
audit,Auditoría del sistema de gestión del riesgo biológico,final_2015_annex1,core_questionnaire,,,Auditoría / gestión,8,13,AUDIT-F2015-008,El empresario garantiza una vigilancia de la salud adecuada y específica de los trabajadores expuestos a riesgos derivados de la exposición a agentes biológicos (4 puntos),yes_no_not_applicable,binary_yes_no_na,binary_yes_no_na|audit_0_4,validated_final,"Aguilar Elena doctoral thesis (2015), Annex 1",40,41,
audit,Auditoría del sistema de gestión del riesgo biológico,final_2015_annex1,core_questionnaire,,,Auditoría / gestión,9,15,AUDIT-F2015-009,"Si existe riesgo de exposición a agentes biológicos para los que haya vacunas eficaces, la empresa las pone a disposición de los trabajadores informándoles de las ventajas e inconvenientes de la vacunación (4 puntos)",yes_no_not_applicable,binary_yes_no_na,binary_yes_no_na|audit_0_4,validated_final,"Aguilar Elena doctoral thesis (2015), Annex 1",42,44,
audit,Auditoría del sistema de gestión del riesgo biológico,final_2015_annex1,core_questionnaire,,,Auditoría / gestión,10,16,AUDIT-F2015-010,La empresa tiene en cuenta que debe aconsejar e informar a los trabajadores sobre cualquier control médico que sea pertinente efectuar con posterioridad al cese de la exposición a los agentes biológicos (4 puntos),yes_no_not_applicable,binary_yes_no_na,binary_yes_no_na|audit_0_4,validated_final,"Aguilar Elena doctoral thesis (2015), Annex 1",45,47,
audit,Auditoría del sistema de gestión del riesgo biológico,final_2015_annex1,core_questionnaire,,,Auditoría / gestión,11,17,AUDIT-F2015-011,El empresario dispone de la documentación adecuada (evaluación de riesgos y certificados de aptitud de los reconocimientos médicos) con posibilidad de ser puesta en todo momento a disposición de la autoridad laboral o sanitaria (4 puntos),yes_no_not_applicable,binary_yes_no_na,binary_yes_no_na|audit_0_4,validated_final,"Aguilar Elena doctoral thesis (2015), Annex 1",48,50,
audit,Auditoría del sistema de gestión del riesgo biológico,final_2015_annex1,core_questionnaire,,,Auditoría / gestión,12,18,AUDIT-F2015-012,El empresario dispone de un sistema para garantizar la conservación de la documentación (4 puntos),yes_no_not_applicable,binary_yes_no_na,binary_yes_no_na|audit_0_4,validated_final,"Aguilar Elena doctoral thesis (2015), Annex 1",51,52,
audit,Auditoría del sistema de gestión del riesgo biológico,final_2015_annex1,core_questionnaire,,,Auditoría / gestión,13,19,AUDIT-F2015-013,"Si la evaluación de riesgos pone de manifiesto la existencia de riesgos, la empresa dispone de la documentación reglamentaria, para informar a la autoridad sanitaria o laboral que lo solicite (4 puntos)",yes_no_not_applicable,binary_yes_no_na,binary_yes_no_na|audit_0_4,validated_final,"Aguilar Elena doctoral thesis (2015), Annex 1",53,55,
audit,Auditoría del sistema de gestión del riesgo biológico,final_2015_annex1,core_questionnaire,,,Auditoría / gestión,14,20,AUDIT-F2015-014,"La empresa notifica a la autoridad laboral, con la antelación mínima exigible, la utilización por primera vez de agentes biológicos de los grupos 2, 3 o 4 (4 puntos)",yes_no_not_applicable,binary_yes_no_na,binary_yes_no_na|audit_0_4,validated_final,"Aguilar Elena doctoral thesis (2015), Annex 1",56,57,
audit,Auditoría del sistema de gestión del riesgo biológico,final_2015_annex1,core_questionnaire,,,Auditoría / gestión,15,21,AUDIT-F2015-015,"La empresa ha realizado nuevas notificaciones, siempre que se han introducido cambios sustanciales en los procesos o procedimientos de trabajo que invaliden la notificación anterior (4 puntos)",yes_no_not_applicable,binary_yes_no_na,binary_yes_no_na|audit_0_4,validated_final,"Aguilar Elena doctoral thesis (2015), Annex 1",58,60,
audit,Auditoría del sistema de gestión del riesgo biológico,final_2015_annex1,core_questionnaire,,,Auditoría / gestión,16,22,AUDIT-F2015-016,La empresa ha informado a las autoridades laborales y sanitarias de los accidentes o incidentes con liberación de agentes biológicos de los grupos 3 y 4 y de los daños a la salud resultantes de la exposición a los mismos en el trabajo (4 puntos),yes_no_not_applicable,binary_yes_no_na,binary_yes_no_na|audit_0_4,validated_final,"Aguilar Elena doctoral thesis (2015), Annex 1",61,68,
audit,Auditoría del sistema de gestión del riesgo biológico,final_2015_annex1,core_questionnaire,,,Auditoría / gestión,17,23,AUDIT-F2015-017,La empresa tiene en cuenta que debe remitir los historiales médicos y la lista de los trabajadores expuestos a agentes biológicos de los grupos 3 y 4 en caso de cese de la actividad (4 puntos),yes_no_not_applicable,binary_yes_no_na,binary_yes_no_na|audit_0_4,validated_final,"Aguilar Elena doctoral thesis (2015), Annex 1",69,71,
audit,Auditoría del sistema de gestión del riesgo biológico,final_2015_annex1,core_questionnaire,,,Auditoría / gestión,18,24,AUDIT-F2015-018,El empresario adopta las medidas adecuadas para que los trabajadores y sus representantes reciban formación y sean informados sobre las medidas a adoptar en relación con la exposición a agentes biológicos (4 puntos),yes_no_not_applicable,binary_yes_no_na,binary_yes_no_na|audit_0_4,validated_final,"Aguilar Elena doctoral thesis (2015), Annex 1",72,74,
audit,Auditoría del sistema de gestión del riesgo biológico,final_2015_annex1,core_questionnaire,,,Auditoría / gestión,19,25,AUDIT-F2015-019,"El empresario da instrucciones escritas en el lugar de trabajo y , si procede, coloca avisos que contienen como mínimo, el procedimiento que hay que seguir en caso de accidente o incidentes graves que impliquen la manipulación de un agente biológico o en caso de manipulación de un agente biológico del grupo 4 (4 puntos)",yes_no_not_applicable,binary_yes_no_na,binary_yes_no_na|audit_0_4,validated_final,"Aguilar Elena doctoral thesis (2015), Annex 1",75,78,
audit,Auditoría del sistema de gestión del riesgo biológico,final_2015_annex1,core_questionnaire,,,Auditoría / gestión,20,26,AUDIT-F2015-020,Los trabajadores comunican inmediatamente a su superior jerárquico directo y a la persona o personas con responsabilidades en materia de prevención en la empresa (o en su caso al servicio de prevención) cualquier accidente o incidente que implique el contacto con un agente biológico (4 puntos),yes_no_not_applicable,binary_yes_no_na,binary_yes_no_na|audit_0_4,validated_final,"Aguilar Elena doctoral thesis (2015), Annex 1",79,82,
audit,Auditoría del sistema de gestión del riesgo biológico,final_2015_annex1,core_questionnaire,,,Auditoría / gestión,21,27,AUDIT-F2015-021,"El empresario informa a los trabajadores y a sus representantes de cualquier accidente o incidente que hubiese provocado la liberación o el contacto de un agente biológico capaz de causar una grave infección o enfermedad en el hombre o de cualquier accidente o incidente grave, de su causa y de las medidas adoptadas o que se vayan a adoptar, para remediar la situación (4 puntos)",yes_no_not_applicable,binary_yes_no_na,binary_yes_no_na|audit_0_4,validated_final,"Aguilar Elena doctoral thesis (2015), Annex 1",83,87,
audit,Auditoría del sistema de gestión del riesgo biológico,final_2015_annex1,core_questionnaire,,,Auditoría / gestión,22,28,AUDIT-F2015-022,Los trabajadores tienen acceso a la información concerniente a ellos sobre la exposición a agentes biológicos de los grupos 3 y 4 (4 puntos),yes_no_not_applicable,binary_yes_no_na,binary_yes_no_na|audit_0_4,validated_final,"Aguilar Elena doctoral thesis (2015), Annex 1",88,89,
audit,Auditoría del sistema de gestión del riesgo biológico,final_2015_annex1,core_questionnaire,,,Auditoría / gestión,23,29,AUDIT-F2015-023,"Los representantes de los trabajadores, o en su defecto, los propios trabajadores tienen acceso a los resultados de la evaluación de riesgos y las medidas de prevención y protección que derivan de la misma (4 puntos)",yes_no_not_applicable,binary_yes_no_na,binary_yes_no_na|audit_0_4,validated_final,"Aguilar Elena doctoral thesis (2015), Annex 1",90,92,
audit,Auditoría del sistema de gestión del riesgo biológico,final_2015_annex1,core_questionnaire,,,Auditoría / gestión,24,30,AUDIT-F2015-024,El empresario consulta a los trabajadores y permite su participación en el marco de todas las cuestiones que afectan a la seguridad y salud en el trabajo donde se utilicen agentes biológicos (4 puntos),yes_no_not_applicable,binary_yes_no_na,binary_yes_no_na|audit_0_4,validated_final,"Aguilar Elena doctoral thesis (2015), Annex 1",93,95,
audit,Auditoría del sistema de gestión del riesgo biológico,final_2015_annex1,core_questionnaire,,,Auditoría / gestión,25,31,AUDIT-F2015-025,"La empresa o centro de trabajo que utilizaba en el momento de la entrada en vigor del R.D. 664/1997 agentes biológicos de los grupos 2, 3 o 4 notificó a la autoridad laboral tal utilización en el plazo de 3 meses a partir de la fecha de entrada en vigor del citado R.D. (4 puntos)",yes_no_not_applicable,binary_yes_no_na,binary_yes_no_na|audit_0_4,validated_final,"Aguilar Elena doctoral thesis (2015), Annex 1",96,100,
audit,Auditoría del sistema de gestión del riesgo biológico,final_2015_annex1,core_questionnaire,,,Auditoría / gestión,26,32,AUDIT-F2015-026,"En el caso de establecimientos sanitarios y veterinarios distintos de los laboratorios de diagnóstico, se adoptan las medidas particulares para la protección sanitaria y la seguridad de los trabajadores (4 puntos)",yes_no_not_applicable,binary_yes_no_na,binary_yes_no_na|audit_0_4,validated_final,"Aguilar Elena doctoral thesis (2015), Annex 1",101,103,
audit,Auditoría del sistema de gestión del riesgo biológico,final_2015_annex1,core_questionnaire,,,Auditoría / gestión,27,33,AUDIT-F2015-027,"En los servicios de aislamiento en que se encuentren pacientes o animales que están o se sospeche que están contaminados por agentes biológicos de los grupos 3 y 4, se seleccionan medidas de contención adecuadas con objeto de minimizar el riesgo de infección (4 puntos)",yes_no_not_applicable,binary_yes_no_na,binary_yes_no_na|audit_0_4,validated_final,"Aguilar Elena doctoral thesis (2015), Annex 1",104,107,
audit,Auditoría del sistema de gestión del riesgo biológico,final_2015_annex1,core_questionnaire,,,Auditoría / gestión,28,34,AUDIT-F2015-028,"Los laboratorios que emprenden trabajos que implican la manipulación de agentes biológicos de los grupos 2, 3 o 4 con fines de investigación, desarrollo, enseñanza o diagnóstico tienen establecidas medidas de contención adecuadas, a fin de reducir el riesgo de infección (4 puntos)",yes_no_not_applicable,binary_yes_no_na,binary_yes_no_na|audit_0_4,validated_final,"Aguilar Elena doctoral thesis (2015), Annex 1",108,111,
audit,Auditoría del sistema de gestión del riesgo biológico,final_2015_annex1,core_questionnaire,,,Auditoría / gestión,29,35,AUDIT-F2015-029,"En laboratorios y procedimientos industriales cuyas actividades suponen la manipulación de un agente biológico de los grupos 2, 3 o 4 se ejecutan en zonas de trabajo que corresponden, por lo menos, al mismo nivel de contención que exige el agente biológico manipulado (4 puntos)",yes_no_not_applicable,binary_yes_no_na,binary_yes_no_na|audit_0_4,validated_final,"Aguilar Elena doctoral thesis (2015), Annex 1",112,115,
audit,Auditoría del sistema de gestión del riesgo biológico,final_2015_annex1,core_questionnaire,,,Auditoría / gestión,30,36,AUDIT-F2015-030,"Los laboratorios que manipulan materiales con respecto a los cuales existe incertidumbre acerca de la presencia de agentes biológicos que pueden causar una enfermedad en el hombre, pero que no tiene como objetivo trabajar con ellos como tales, cultivándolos o concentrándolos adoptan al menos el nivel 2 de contención o utilizan los niveles 3 y 4 siempre que se sepa o sospeche que son necesarios, salvo cuando las líneas directrices establecidas por las autoridades sanitarias indiquen que, en algunos casos, conviene un nivel de contención menor (4 puntos).",yes_no_not_applicable,binary_yes_no_na,binary_yes_no_na|audit_0_4,validated_final,"Aguilar Elena doctoral thesis (2015), Annex 1",116,122,
audit,Auditoría del sistema de gestión del riesgo biológico,final_2015_annex1,core_questionnaire,,,Auditoría / gestión,31,37,AUDIT-F2015-031,"En los procedimientos industriales que utilizan agentes biológicos de los grupos 2, 3 o 4 se toman las medidas adecuadas, a fin de reducir el riesgo de infección (4 puntos)",yes_no_not_applicable,binary_yes_no_na,binary_yes_no_na|audit_0_4,validated_final,"Aguilar Elena doctoral thesis (2015), Annex 1",123,124,
audit,Auditoría del sistema de gestión del riesgo biológico,final_2015_annex1,core_questionnaire,,,Auditoría / gestión,32,38,AUDIT-F2015-032,"Las actividades relacionadas con laboratorios o procedimientos industriales donde no ha sido posible proceder a una evaluación concluyente de un agente biológico, pero de cuya utilización prevista parece que puede derivarse de un riesgo grave para la salud de los trabajadores, únicamente se realizan en locales de trabajo cuyo nivel de contención corresponde, al menos, al nivel 3 (4 puntos)",yes_no_not_applicable,binary_yes_no_na,binary_yes_no_na|audit_0_4,validated_final,"Aguilar Elena doctoral thesis (2015), Annex 1",125,131,
general,Valoración general del riesgo biológico,final_2015_annex1,core_questionnaire,,,Condiciones generales de los lugares de trabajo,1,1,GENERAL-F2015-001,"¿Existe un suelo de materiales impermeables, fácil de limpiar y de desinfectar, imputrescible y dispuesto de forma tal que permita una salida fácil del agua; para evitar los olores? Dicha agua deberá encauzarse hacia sumideros trasegados con sifones y provistos de rejillas",yes_no_not_applicable,binary_yes_no_na,binary_yes_no_na,validated_final,"Aguilar Elena doctoral thesis (2015), Annex 1",149,151,
general,Valoración general del riesgo biológico,final_2015_annex1,core_questionnaire,,,Condiciones generales de los lugares de trabajo,2,2,GENERAL-F2015-002,"¿Las paredes son lisas, resistentes e impermeables, recubiertas de un revestimiento lavable? La línea de unión de las paredes y del suelo debe ser redondeada o estar dotada de un terminado similar",yes_no_not_applicable,binary_yes_no_na,binary_yes_no_na,validated_final,"Aguilar Elena doctoral thesis (2015), Annex 1",152,153,
general,Valoración general del riesgo biológico,final_2015_annex1,core_questionnaire,,,Condiciones generales de los lugares de trabajo,3,3,GENERAL-F2015-003,¿Se dispone de dispositivos adecuados de protección contra los animales indeseables tales como insectos o roedores (insectocultores y rodenticidas)?,yes_no_not_applicable,binary_yes_no_na,binary_yes_no_na,validated_final,"Aguilar Elena doctoral thesis (2015), Annex 1",154,155,
general,Valoración general del riesgo biológico,final_2015_annex1,core_questionnaire,,,Condiciones generales de los lugares de trabajo,4,4,GENERAL-F2015-004,"¿Se dispone de una instalación que permita el suministro de agua potable, a presión y en cantidad suficiente? No obstante, con carácter excepcional, se autorizará una instalación que proporcione agua no potable para la producción de vapor, la lucha contra incendios y la refrigeración de equipos frigoríficos, a condición de que los conductos instalados a tal efecto no permitan la utilización de dicha agua para otros fines y no presenten ningún riesgo de contaminación. Los conductos de agua no potable deberán estar bien diferenciados de aquellos que se utilicen para el agua potable",yes_no_not_applicable,binary_yes_no_na,binary_yes_no_na,validated_final,"Aguilar Elena doctoral thesis (2015), Annex 1",156,161,
general,Valoración general del riesgo biológico,final_2015_annex1,core_questionnaire,,,Condiciones generales de los lugares de trabajo,5,5,GENERAL-F2015-005,¿Se dispone de una instalación que proporcione una cantidad suficiente de agua potable caliente para ser utilizada por los trabajadores?,yes_no_not_applicable,binary_yes_no_na,binary_yes_no_na,validated_final,"Aguilar Elena doctoral thesis (2015), Annex 1",162,163,
general,Valoración general del riesgo biológico,final_2015_annex1,core_questionnaire,,,Condiciones generales de los lugares de trabajo,6,6,GENERAL-F2015-006,"¿Se dispone de un número adecuado de vestuarios dotados de paredes y de suelos lisos, impermeables y lavables, de lavabos, de duchas y de evacuatorios con agua corriente, equipados de manera que protejan de una posible contaminación las partes limpias del edificio? Dichos evacuatorios no podrán abrirse directamente sobre los locales de trabajo. Los lavabos deberán estar provistos de agua corriente caliente y fría o de agua temperada a una temperatura apropiada.",yes_no_not_applicable,binary_yes_no_na,binary_yes_no_na,validated_final,"Aguilar Elena doctoral thesis (2015), Annex 1",164,168,
general,Valoración general del riesgo biológico,final_2015_annex1,core_questionnaire,,,Condiciones generales de los lugares de trabajo,7,7,GENERAL-F2015-007,¿Hay vestuarios provistos de dobles taquillas u otro sistema que impida que la ropa de trabajo se mezcle con la ropa de calle?,yes_no_not_applicable,binary_yes_no_na,binary_yes_no_na,validated_final,"Aguilar Elena doctoral thesis (2015), Annex 1",169,170,
general,Valoración general del riesgo biológico,final_2015_annex1,core_questionnaire,,,Condiciones generales de los lugares de trabajo,8,8,GENERAL-F2015-008,En los cuartos vestuarios o de aseo ¿hay duchas con servicio de agua caliente y fría? al menos 1 por cada 10 trabajadores o fracción que trabajen en la misma jornada),yes_no_not_applicable,binary_yes_no_na,binary_yes_no_na,validated_final,"Aguilar Elena doctoral thesis (2015), Annex 1",171,172,
general,Valoración general del riesgo biológico,final_2015_annex1,core_questionnaire,,,Condiciones generales de los lugares de trabajo,9,9,GENERAL-F2015-009,¿Las duchas están aisladas en cabinas o compartimentos individuales?,yes_no_not_applicable,binary_yes_no_na,binary_yes_no_na,validated_final,"Aguilar Elena doctoral thesis (2015), Annex 1",173,173,
general,Valoración general del riesgo biológico,final_2015_annex1,core_questionnaire,,,Condiciones generales de los lugares de trabajo,10,10,GENERAL-F2015-010,"¿Hay, al menos, un inodoro por cada 25 personas que trabajen en la misma jornada?",yes_no_not_applicable,binary_yes_no_na,binary_yes_no_na,validated_final,"Aguilar Elena doctoral thesis (2015), Annex 1",174,174,
general,Valoración general del riesgo biológico,final_2015_annex1,core_questionnaire,,,Condiciones generales de los lugares de trabajo,11,11,GENERAL-F2015-011,¿Los retretes son con descarga automática de agua corriente y están separados en cabinas aisladas?,yes_no_not_applicable,binary_yes_no_na,binary_yes_no_na,validated_final,"Aguilar Elena doctoral thesis (2015), Annex 1",175,176,
general,Valoración general del riesgo biológico,final_2015_annex1,core_questionnaire,,,Condiciones generales de los lugares de trabajo,12,12,GENERAL-F2015-012,¿Hay jabón desinfectante en lavabos y duchas?,yes_no_not_applicable,binary_yes_no_na,binary_yes_no_na,validated_final,"Aguilar Elena doctoral thesis (2015), Annex 1",177,177,
general,Valoración general del riesgo biológico,final_2015_annex1,core_questionnaire,,,Condiciones generales de los lugares de trabajo,13,13,GENERAL-F2015-013,¿Los retretes están separados de los vestuarios o de las áreas de trabajo por un local o zona intermedia de paso?,yes_no_not_applicable,binary_yes_no_na,binary_yes_no_na,validated_final,"Aguilar Elena doctoral thesis (2015), Annex 1",178,179,
general,Valoración general del riesgo biológico,final_2015_annex1,core_questionnaire,,,Condiciones generales de los lugares de trabajo,14,14,GENERAL-F2015-014,"¿Los retretes tienen acceso sencillo e inmediato (por ejemplo, no hay que ir a buscar una llave para poder entrar en ellos)?",yes_no_not_applicable,binary_yes_no_na,binary_yes_no_na,validated_final,"Aguilar Elena doctoral thesis (2015), Annex 1",180,181,
general,Valoración general del riesgo biológico,final_2015_annex1,core_questionnaire,,,Condiciones generales de los lugares de trabajo,15,15,GENERAL-F2015-015,¿Los trabajadores tienen suficientes áreas de descanso?,yes_no_not_applicable,binary_yes_no_na,binary_yes_no_na,validated_final,"Aguilar Elena doctoral thesis (2015), Annex 1",182,182,
general,Valoración general del riesgo biológico,final_2015_annex1,core_questionnaire,,,Condiciones generales de los lugares de trabajo,16,16,GENERAL-F2015-016,¿Hay una sala de primeros auxilios?,yes_no_not_applicable,binary_yes_no_na,binary_yes_no_na,validated_final,"Aguilar Elena doctoral thesis (2015), Annex 1",183,183,
general,Valoración general del riesgo biológico,final_2015_annex1,core_questionnaire,,,Condiciones generales de los lugares de trabajo,17,17,GENERAL-F2015-017,"¿Se dispone de un local o dispositivo para el almacenamiento de detergentes, desinfectantes y sustancias similares?",yes_no_not_applicable,binary_yes_no_na,binary_yes_no_na,validated_final,"Aguilar Elena doctoral thesis (2015), Annex 1",184,185,
general,Valoración general del riesgo biológico,final_2015_annex1,core_questionnaire,,,Condiciones generales de los lugares de trabajo,18,18,GENERAL-F2015-018,"¿Las instalaciones de oficinas, laboratorios de calidad, etc. se encuentran separados físicamente de las instalaciones donde existe el riesgo biológico?",yes_no_not_applicable,binary_yes_no_na,binary_yes_no_na,validated_final,"Aguilar Elena doctoral thesis (2015), Annex 1",186,187,
general,Valoración general del riesgo biológico,final_2015_annex1,core_questionnaire,,,Condiciones generales de los lugares de trabajo,19,19,GENERAL-F2015-019,Si se dispone de naves de ambiente controlado ¿estas cuentan con filtros para bacterias y virus a la entrada de la toma de aire?,yes_no_not_applicable,binary_yes_no_na,binary_yes_no_na,validated_final,"Aguilar Elena doctoral thesis (2015), Annex 1",188,189,
general,Valoración general del riesgo biológico,final_2015_annex1,core_questionnaire,,,Condiciones generales de los equipos de trabajo,20,20,GENERAL-F2015-020,¿Los equipos de trabajo se limpian y/o desinfectan periódicamente?,yes_no_not_applicable,binary_yes_no_na,binary_yes_no_na,validated_final,"Aguilar Elena doctoral thesis (2015), Annex 1",191,191,
general,Valoración general del riesgo biológico,final_2015_annex1,core_questionnaire,,,Condiciones generales de los equipos de trabajo,21,21,GENERAL-F2015-021,"¿Todo material que se introduce en la instalación es lavado y desinfectado previamente, disponiendo de un local específico para ello?",yes_no_not_applicable,binary_yes_no_na,binary_yes_no_na,validated_final,"Aguilar Elena doctoral thesis (2015), Annex 1",192,193,
general,Valoración general del riesgo biológico,final_2015_annex1,core_questionnaire,,,Condiciones generales de los equipos de trabajo,22,22,GENERAL-F2015-022,¿Se realiza una limpieza y desinfección general del lugar de trabajo de manera periódica?,yes_no_not_applicable,binary_yes_no_na,binary_yes_no_na,validated_final,"Aguilar Elena doctoral thesis (2015), Annex 1",194,195,
general,Valoración general del riesgo biológico,final_2015_annex1,core_questionnaire,,,Higiene del personal y limpieza de locales,23,24,GENERAL-F2015-023,"¿Existen sistemas de limpieza tipo lavabotas, lavamanos en zonas de entrada y salida a los locales?",yes_no_not_applicable,binary_yes_no_na,binary_yes_no_na,validated_final,"Aguilar Elena doctoral thesis (2015), Annex 1",197,198,
general,Valoración general del riesgo biológico,final_2015_annex1,core_questionnaire,,,Higiene del personal y limpieza de locales,24,25,GENERAL-F2015-024,¿El personal que haya estado en contacto con animales enfermos se lava inmediatamente y cuidadosamente las manos y los brazos con agua caliente y luego los desinfectan?,yes_no_not_applicable,binary_yes_no_na,binary_yes_no_na,validated_final,"Aguilar Elena doctoral thesis (2015), Annex 1",199,200,
general,Valoración general del riesgo biológico,final_2015_annex1,core_questionnaire,,,Higiene del personal y limpieza de locales,25,27,GENERAL-F2015-025,"¿Los trabajadores, dentro de la jornada laboral, tienen 10 minutos para su aseo personal antes de la comida y otros 10 minutos antes de abandonar el trabajo?",yes_no_not_applicable,binary_yes_no_na,binary_yes_no_na,validated_final,"Aguilar Elena doctoral thesis (2015), Annex 1",201,207,
general,Valoración general del riesgo biológico,final_2015_annex1,core_questionnaire,,,Higiene del personal y limpieza de locales,26,29,GENERAL-F2015-026,"En caso de que haya exposiciones accidentales a materiales de riesgo, ¿Se lava la zona con agua y jabón abundante y se declara inmediatamente el accidente o incidente?",yes_no_not_applicable,binary_yes_no_na,binary_yes_no_na,validated_final,"Aguilar Elena doctoral thesis (2015), Annex 1",208,209,
general,Valoración general del riesgo biológico,final_2015_annex1,core_questionnaire,,,Higiene del personal y limpieza de locales,27,30,GENERAL-F2015-027,¿Se evita la presencia de animales domésticos en el interior de la empresa?,yes_no_not_applicable,binary_yes_no_na,binary_yes_no_na,validated_final,"Aguilar Elena doctoral thesis (2015), Annex 1",210,211,
general,Valoración general del riesgo biológico,final_2015_annex1,core_questionnaire,,,Equipos de protección y ropa de trabajo,28,33,GENERAL-F2015-028,¿El empresario proporciona los equipos de protección y controla que son los adecuados y que se utilizan de forma adecuada?,yes_no_not_applicable,binary_yes_no_na,binary_yes_no_na,validated_final,"Aguilar Elena doctoral thesis (2015), Annex 1",213,214,
general,Valoración general del riesgo biológico,final_2015_annex1,core_questionnaire,,,Equipos de protección y ropa de trabajo,29,34,GENERAL-F2015-029,¿Los trabajadores conocen las características de las prendas y equipos de protección?,yes_no_not_applicable,binary_yes_no_na,binary_yes_no_na,validated_final,"Aguilar Elena doctoral thesis (2015), Annex 1",215,215,
general,Valoración general del riesgo biológico,final_2015_annex1,core_questionnaire,,,Equipos de protección y ropa de trabajo,30,36,GENERAL-F2015-030,¿Hay un almacén o recipientes adecuados para guardar por separado la ropa sucia de la ropa limpia?,yes_no_not_applicable,binary_yes_no_na,binary_yes_no_na,validated_final,"Aguilar Elena doctoral thesis (2015), Annex 1",216,217,
general,Valoración general del riesgo biológico,final_2015_annex1,core_questionnaire,,,Equipos de protección y ropa de trabajo,31,37,GENERAL-F2015-031,"¿Los equipos de protección se comprueban antes, o en todo caso después de cada uso, reparando y sustituyendo los equipos defectuosos antes de su nuevo uso?",yes_no_not_applicable,binary_yes_no_na,binary_yes_no_na,validated_final,"Aguilar Elena doctoral thesis (2015), Annex 1",218,219,
general,Valoración general del riesgo biológico,final_2015_annex1,core_questionnaire,,,Equipos de protección y ropa de trabajo,32,38,GENERAL-F2015-032,"Al salir de la zona de trabajo, ¿el trabajador se quita las ropas de trabajo y los equipos de protección individual potencialmente contaminados y sucios y los guarda en un lugar que no contiene otras prendas?",yes_no_not_applicable,binary_yes_no_na,binary_yes_no_na,validated_final,"Aguilar Elena doctoral thesis (2015), Annex 1",220,222,
general,Valoración general del riesgo biológico,final_2015_annex1,core_questionnaire,,,Equipos de protección y ropa de trabajo,33,39,GENERAL-F2015-033,"¿El empresario se responsabiliza del lavado, descontaminación y, en su caso, destrucción de la ropa de trabajo y de los EPI´s?",yes_no_not_applicable,binary_yes_no_na,binary_yes_no_na,validated_final,"Aguilar Elena doctoral thesis (2015), Annex 1",223,224,
general,Valoración general del riesgo biológico,final_2015_annex1,core_questionnaire,,,Equipos de protección y ropa de trabajo,34,40,GENERAL-F2015-034,"¿El empresario prohíbe, de manera rigurosa, que los trabajadores se lleven la ropa de trabajo y los EPI´s a su domicilio?",yes_no_not_applicable,binary_yes_no_na,binary_yes_no_na,validated_final,"Aguilar Elena doctoral thesis (2015), Annex 1",225,226,
general,Valoración general del riesgo biológico,final_2015_annex1,core_questionnaire,,,Vacunaciones del personal,35,42,GENERAL-F2015-035,¿Los trabajadores disponen de un carnet de vacunación que certifica que han recibido una dosis determinada de las vacunas? Las vacunas más aconsejables son la antitetánica y gripe común.,yes_no_not_applicable,binary_yes_no_na,binary_yes_no_na,validated_final,"Aguilar Elena doctoral thesis (2015), Annex 1",228,230,
general,Valoración general del riesgo biológico,final_2015_annex1,core_questionnaire,,,Vacunaciones del personal,36,43,GENERAL-F2015-036,"¿Los trabajadores son informados sobre los beneficios, ventajas e inconvenientes tanto de la vacunación como de la no vacunación?",yes_no_not_applicable,binary_yes_no_na,binary_yes_no_na,validated_final,"Aguilar Elena doctoral thesis (2015), Annex 1",231,232,
general,Valoración general del riesgo biológico,final_2015_annex1,core_questionnaire,,,Vacunaciones del personal,37,44,GENERAL-F2015-037,Si se dispone de los carnets de vacunación ¿aparecen las fechas de próximas vacunaciones?,yes_no_not_applicable,binary_yes_no_na,binary_yes_no_na,validated_final,"Aguilar Elena doctoral thesis (2015), Annex 1",233,234,
general,Valoración general del riesgo biológico,final_2015_annex1,core_questionnaire,,,Formación e información,38,45,GENERAL-F2015-038,"¿El trabajador conoce el grado de peligrosidad de los contaminantes biológicos que ""están"" o ""pueden estar"" presentes en el lugar de trabajo?",yes_no_not_applicable,binary_yes_no_na,binary_yes_no_na,validated_final,"Aguilar Elena doctoral thesis (2015), Annex 1",236,237,
general,Valoración general del riesgo biológico,final_2015_annex1,core_questionnaire,,,Formación e información,39,46,GENERAL-F2015-039,"¿El empresario informa a todos los trabajadores expuestos de sus responsabilidades, para permitirles desarrollar sus tareas y prevenir riesgos?",yes_no_not_applicable,binary_yes_no_na,binary_yes_no_na,validated_final,"Aguilar Elena doctoral thesis (2015), Annex 1",238,239,
general,Valoración general del riesgo biológico,final_2015_annex1,core_questionnaire,,,Formación e información,40,47,GENERAL-F2015-040,¿Se planifican acciones formativas a todos los niveles para prevenir los riesgos a los que están expuestos los trabajadores?,yes_no_not_applicable,binary_yes_no_na,binary_yes_no_na,validated_final,"Aguilar Elena doctoral thesis (2015), Annex 1",240,241,
general,Valoración general del riesgo biológico,final_2015_annex1,core_questionnaire,,,Procedimientos de trabajo,41,48,GENERAL-F2015-041,¿La señal de peligro biológico está colocada en aquellos lugares o recipientes donde al entrar o el material depositado puede dar lugar a una enfermedad infecciosa?,yes_no_not_applicable,binary_yes_no_na,binary_yes_no_na,validated_final,"Aguilar Elena doctoral thesis (2015), Annex 1",243,244,
general,Valoración general del riesgo biológico,final_2015_annex1,core_questionnaire,,,Procedimientos de trabajo,42,49,GENERAL-F2015-042,"¿Los trabajadores se lavan las manos y la piel expuesta antes de comer, beber, fumar, usar el teléfono o ir al lavabo?",yes_no_not_applicable,binary_yes_no_na,binary_yes_no_na,validated_final,"Aguilar Elena doctoral thesis (2015), Annex 1",245,246,
general,Valoración general del riesgo biológico,final_2015_annex1,core_questionnaire,,,Procedimientos de trabajo,43,50,GENERAL-F2015-043,¿Está prohibido almacenar alimentos u otros productos de consumo humano en los locales de trabajo?,yes_no_not_applicable,binary_yes_no_na,binary_yes_no_na,validated_final,"Aguilar Elena doctoral thesis (2015), Annex 1",247,248,
general,Valoración general del riesgo biológico,final_2015_annex1,core_questionnaire,,,Procedimientos de trabajo,44,51,GENERAL-F2015-044,"¿Hay un protocolo definido de primeros auxilios y se dispone de medios para llevarlo a cabo? Es imprescindible que los trabajadores conozcan el protocolo de actuación de primeros auxilios en casos de accidentes o incidentes que puedan causar exposición a agentes biológicos (contacto con animales susceptibles de estar infectados, cortes, heridas,…)",yes_no_not_applicable,binary_yes_no_na,binary_yes_no_na,validated_final,"Aguilar Elena doctoral thesis (2015), Annex 1",249,251,
general,Valoración general del riesgo biológico,final_2015_annex1,core_questionnaire,,,Procedimientos de trabajo,45,52,GENERAL-F2015-045,"¿Cuándo tienen alguna herida, los trabajadores, se la cubren con material impermeable, antes de empezar la jornada laboral?",yes_no_not_applicable,binary_yes_no_na,binary_yes_no_na,validated_final,"Aguilar Elena doctoral thesis (2015), Annex 1",252,253,
general,Valoración general del riesgo biológico,final_2015_annex1,core_questionnaire,,,Procedimientos de trabajo,46,53,GENERAL-F2015-046,¿Hay y se cumple un programa de gestión de todos los residuos generados en el lugar de trabajo?,yes_no_not_applicable,binary_yes_no_na,binary_yes_no_na,validated_final,"Aguilar Elena doctoral thesis (2015), Annex 1",254,255,
general,Valoración general del riesgo biológico,final_2015_annex1,core_questionnaire,,,Procedimientos de trabajo,47,54,GENERAL-F2015-047,¿La higiene de locales se asegura mediante un procedimiento establecido de limpieza?,yes_no_not_applicable,binary_yes_no_na,binary_yes_no_na,validated_final,"Aguilar Elena doctoral thesis (2015), Annex 1",256,256,
general,Valoración general del riesgo biológico,final_2015_annex1,core_questionnaire,,,Procedimientos de trabajo,48,55,GENERAL-F2015-048,¿Se usan mangueras de alta presión para limpiar las áreas que puedan estar contaminadas con materiales de riesgo y considerar los líquidos de esta limpieza como materiales de riesgo?,yes_no_not_applicable,binary_yes_no_na,binary_yes_no_na,validated_final,"Aguilar Elena doctoral thesis (2015), Annex 1",257,258,
workers,Valoración del riesgo biológico en trabajadores,final_2015_annex1,core_questionnaire,,,Trabajadores,1,1,WORKERS-F2015-001,"¿La empresa prohíbe comer, beber o fumar mientras se realizan los trabajos?",yes_no_not_applicable,binary_yes_no_na,binary_yes_no_na,validated_final,"Aguilar Elena doctoral thesis (2015), Annex 1",278,278,
workers,Valoración del riesgo biológico en trabajadores,final_2015_annex1,core_questionnaire,,,Trabajadores,2,2,WORKERS-F2015-002,"¿Usted se lava las manos antes de ir a comer y antes de beber, fumar,...?",yes_no_not_applicable,binary_yes_no_na,binary_yes_no_na,validated_final,"Aguilar Elena doctoral thesis (2015), Annex 1",279,279,
workers,Valoración del riesgo biológico en trabajadores,final_2015_annex1,core_questionnaire,,,Trabajadores,3,3,WORKERS-F2015-003,¿La empresa dispone de un vestuario adecuado con duchas de agua caliente y fría?,yes_no_not_applicable,binary_yes_no_na,binary_yes_no_na,validated_final,"Aguilar Elena doctoral thesis (2015), Annex 1",280,280,
workers,Valoración del riesgo biológico en trabajadores,final_2015_annex1,core_questionnaire,,,Trabajadores,4,4,WORKERS-F2015-004,"¿Usted dispone de 10 minutos para cambiarse de ropa y lavarse, antes y después de la jornada laboral?",yes_no_not_applicable,binary_yes_no_na,binary_yes_no_na,validated_final,"Aguilar Elena doctoral thesis (2015), Annex 1",281,282,
workers,Valoración del riesgo biológico en trabajadores,final_2015_annex1,core_questionnaire,,,Trabajadores,5,5,WORKERS-F2015-005,"¿Usted se ducha después de la jornada de trabajo, antes de volver a casa?",yes_no_not_applicable,binary_yes_no_na,binary_yes_no_na,validated_final,"Aguilar Elena doctoral thesis (2015), Annex 1",283,283,
workers,Valoración del riesgo biológico en trabajadores,final_2015_annex1,core_questionnaire,,,Trabajadores,6,6,WORKERS-F2015-006,¿Usted tiene disponible jabón antibacteriano?,yes_no_not_applicable,binary_yes_no_na,binary_yes_no_na,validated_final,"Aguilar Elena doctoral thesis (2015), Annex 1",284,284,
workers,Valoración del riesgo biológico en trabajadores,final_2015_annex1,core_questionnaire,,,Trabajadores,7,7,WORKERS-F2015-007,¿La empresa les mantiene informados de los riesgos a los que se exponen cuando acceden a un área para realizar algún trabajo?,yes_no_not_applicable,binary_yes_no_na,binary_yes_no_na,validated_final,"Aguilar Elena doctoral thesis (2015), Annex 1",285,286,
workers,Valoración del riesgo biológico en trabajadores,final_2015_annex1,core_questionnaire,,,Trabajadores,8,8,WORKERS-F2015-008,¿La empresa les prohíbe llevar a casa la ropa de trabajo para su lavado?,yes_no_not_applicable,binary_yes_no_na,binary_yes_no_na,validated_final,"Aguilar Elena doctoral thesis (2015), Annex 1",287,287,
workers,Valoración del riesgo biológico en trabajadores,final_2015_annex1,core_questionnaire,,,Trabajadores,9,9,WORKERS-F2015-009,¿Del lavado de la ropa se encarga la empresa?,yes_no_not_applicable,binary_yes_no_na,binary_yes_no_na,validated_final,"Aguilar Elena doctoral thesis (2015), Annex 1",288,288,
workers,Valoración del riesgo biológico en trabajadores,final_2015_annex1,core_questionnaire,,,Trabajadores,10,10,WORKERS-F2015-010,¿Dispone de un vestuario adecuado con taquillas dobles para evitar que la ropa de trabajo se mezcle con la ropa de calle?,yes_no_not_applicable,binary_yes_no_na,binary_yes_no_na,validated_final,"Aguilar Elena doctoral thesis (2015), Annex 1",289,290,
workers,Valoración del riesgo biológico en trabajadores,final_2015_annex1,core_questionnaire,,,Trabajadores,11,11,WORKERS-F2015-011,¿En la empresa se dispone de material de cura y primeros auxilios?,yes_no_not_applicable,binary_yes_no_na,binary_yes_no_na,validated_final,"Aguilar Elena doctoral thesis (2015), Annex 1",291,291,
workers,Valoración del riesgo biológico en trabajadores,final_2015_annex1,core_questionnaire,,,Trabajadores,12,12,WORKERS-F2015-012,¿Se cura las heridas ocasionadas en el transcurso de las tareas de manera inmediata?,yes_no_not_applicable,binary_yes_no_na,binary_yes_no_na,validated_final,"Aguilar Elena doctoral thesis (2015), Annex 1",292,292,
workers,Valoración del riesgo biológico en trabajadores,final_2015_annex1,core_questionnaire,,,Trabajadores,13,13,WORKERS-F2015-013,¿Realiza una valoración del riesgo y se adoptan las protecciones adecuadas antes de efectuar cualquier trabajo?,yes_no_not_applicable,binary_yes_no_na,binary_yes_no_na,validated_final,"Aguilar Elena doctoral thesis (2015), Annex 1",293,294,
workers,Valoración del riesgo biológico en trabajadores,final_2015_annex1,core_questionnaire,,,Trabajadores,14,14,WORKERS-F2015-014,¿Usted o la empresa desinfectan adecuadamente las herramientas de trabajo que puedan estar en contacto con material susceptible de estar contaminado?,yes_no_not_applicable,binary_yes_no_na,binary_yes_no_na,validated_final,"Aguilar Elena doctoral thesis (2015), Annex 1",295,296,
workers,Valoración del riesgo biológico en trabajadores,final_2015_annex1,core_questionnaire,,,Trabajadores,15,15,WORKERS-F2015-015,¿Usa guantes de protección biológica (látex o análogo) cuando se mantiene contacto con material que pueda estar contaminado?,yes_no_not_applicable,binary_yes_no_na,binary_yes_no_na,validated_final,"Aguilar Elena doctoral thesis (2015), Annex 1",297,298,
workers,Valoración del riesgo biológico en trabajadores,final_2015_annex1,core_questionnaire,,,Trabajadores,16,16,WORKERS-F2015-016,¿Usa pantallas de protección cuando se prevea que pueden producirse salpicaduras o protección de material contaminado?,yes_no_not_applicable,binary_yes_no_na,binary_yes_no_na,validated_final,"Aguilar Elena doctoral thesis (2015), Annex 1",299,300,
workers,Valoración del riesgo biológico en trabajadores,final_2015_annex1,core_questionnaire,,,Trabajadores,17,17,WORKERS-F2015-017,¿Utiliza mascarillas cuando se prevé la formación de aerosoles o cuando se puedan producir salpicaduras?,yes_no_not_applicable,binary_yes_no_na,binary_yes_no_na,validated_final,"Aguilar Elena doctoral thesis (2015), Annex 1",301,302,
workers,Valoración del riesgo biológico en trabajadores,final_2015_annex1,core_questionnaire,,,Trabajadores,18,18,WORKERS-F2015-018,¿Utiliza ropa de trabajo adecuada?,yes_no_not_applicable,binary_yes_no_na,binary_yes_no_na,validated_final,"Aguilar Elena doctoral thesis (2015), Annex 1",303,303,
workers,Valoración del riesgo biológico en trabajadores,final_2015_annex1,core_questionnaire,,,Trabajadores,19,19,WORKERS-F2015-019,¿Recibe formación en el uso adecuado de los equipos de protección?,yes_no_not_applicable,binary_yes_no_na,binary_yes_no_na,validated_final,"Aguilar Elena doctoral thesis (2015), Annex 1",304,304,
workers,Valoración del riesgo biológico en trabajadores,final_2015_annex1,core_questionnaire,,,Trabajadores,20,20,WORKERS-F2015-020,¿Lava y/o desinfecta los equipos de protección personal antes de guardarlos para su posterior uso?,yes_no_not_applicable,binary_yes_no_na,binary_yes_no_na,validated_final,"Aguilar Elena doctoral thesis (2015), Annex 1",305,306,
workers,Valoración del riesgo biológico en trabajadores,final_2015_annex1,core_questionnaire,,,Trabajadores,21,21,WORKERS-F2015-021,¿Ha recibido formación respecto al riesgo biológico que pueden suponer determinadas tareas?,yes_no_not_applicable,binary_yes_no_na,binary_yes_no_na,validated_final,"Aguilar Elena doctoral thesis (2015), Annex 1",307,307,
workers,Valoración del riesgo biológico en trabajadores,final_2015_annex1,core_questionnaire,,,Trabajadores,22,22,WORKERS-F2015-022,¿La empresa dispone de manuales o protocolos que definen cómo se realizan las tareas que implican riesgo con agentes biológicos?,yes_no_not_applicable,binary_yes_no_na,binary_yes_no_na,validated_final,"Aguilar Elena doctoral thesis (2015), Annex 1",308,309,
workers,Valoración del riesgo biológico en trabajadores,final_2015_annex1,core_questionnaire,,,Trabajadores,23,23,WORKERS-F2015-023,¿Se han evitado los accidentes con los agentes biológicos?,yes_no_not_applicable,binary_yes_no_na,binary_yes_no_na,validated_final,"Aguilar Elena doctoral thesis (2015), Annex 1",310,310,
workers,Valoración del riesgo biológico en trabajadores,final_2015_annex1,core_questionnaire,,,Trabajadores,24,24,WORKERS-F2015-024,¿Conoce las consignas en caso de accidente?,yes_no_not_applicable,binary_yes_no_na,binary_yes_no_na,validated_final,"Aguilar Elena doctoral thesis (2015), Annex 1",311,311,
workers,Valoración del riesgo biológico en trabajadores,final_2015_annex1,core_questionnaire,,,Trabajadores,25,25,WORKERS-F2015-025,¿Se lava las manos durante la jornada laboral?,yes_no_not_applicable,binary_yes_no_na,binary_yes_no_na,validated_final,"Aguilar Elena doctoral thesis (2015), Annex 1",312,312,
workers,Valoración del riesgo biológico en trabajadores,final_2015_annex1,core_questionnaire,,,Trabajadores,26,26,WORKERS-F2015-026,¿Se desinfecta periódicamente el lugar de trabajo?,yes_no_not_applicable,binary_yes_no_na,binary_yes_no_na,validated_final,"Aguilar Elena doctoral thesis (2015), Annex 1",313,313,
workers,Valoración del riesgo biológico en trabajadores,final_2015_annex1,core_questionnaire,,,Trabajadores,27,27,WORKERS-F2015-027,"¿Existe en la empresa un control eficiente de las plagas (roedores, insectos…) en el lugar de trabajo?",yes_no_not_applicable,binary_yes_no_na,binary_yes_no_na,validated_final,"Aguilar Elena doctoral thesis (2015), Annex 1",314,320,
workers,Valoración del riesgo biológico en trabajadores,final_2015_annex1,core_questionnaire,,,Trabajadores,28,28,WORKERS-F2015-028,¿Se realiza los reconocimientos médicos periódicos?,yes_no_not_applicable,binary_yes_no_na,binary_yes_no_na,validated_final,"Aguilar Elena doctoral thesis (2015), Annex 1",321,321,
workers,Valoración del riesgo biológico en trabajadores,final_2015_annex1,core_questionnaire,,,Trabajadores,29,29,WORKERS-F2015-029,¿Existen en la empresa procedimientos específicos de limpieza y desinfección de las instalaciones?,yes_no_not_applicable,binary_yes_no_na,binary_yes_no_na,validated_final,"Aguilar Elena doctoral thesis (2015), Annex 1",322,323,
workers,Valoración del riesgo biológico en trabajadores,final_2015_annex1,core_questionnaire,,,Trabajadores,30,30,WORKERS-F2015-030,"¿Se ha vacunado alguna vez del tétanos, gripe y/o hepatitis?",yes_no_not_applicable,binary_yes_no_na,binary_yes_no_na,validated_final,"Aguilar Elena doctoral thesis (2015), Annex 1",324,324,
workers,Valoración del riesgo biológico en trabajadores,final_2015_annex1,core_questionnaire,,,Trabajadores,31,31,WORKERS-F2015-031,¿Se le ha informado de las ventajas e inconvenientes de la vacunación?,yes_no_not_applicable,binary_yes_no_na,binary_yes_no_na,validated_final,"Aguilar Elena doctoral thesis (2015), Annex 1",325,325,
workers,Valoración del riesgo biológico en trabajadores,final_2015_annex1,core_questionnaire,,,Trabajadores,32,32,WORKERS-F2015-032,"Indique respondiendo si o no, si la siguiente afirmación es correcta, “No he sufrido ningún accidente en el que pudiera estar implicado algún agente biológico”.",yes_no_not_applicable,binary_yes_no_na,binary_yes_no_na,validated_final,"Aguilar Elena doctoral thesis (2015), Annex 1",326,327,
workers,Valoración del riesgo biológico en trabajadores,final_2015_annex1,core_questionnaire,,,Trabajadores,33,33,WORKERS-F2015-033,"Indique respondiendo si o no, si la siguiente afirmación es correcta, “Ningún compañero ha sufrido algún accidente en el que pudiera estar implicado algún agente biológico”.",yes_no_not_applicable,binary_yes_no_na,binary_yes_no_na,validated_final,"Aguilar Elena doctoral thesis (2015), Annex 1",328,329,
workers,Valoración del riesgo biológico en trabajadores,final_2015_annex1,core_questionnaire,,,Trabajadores,34,34,WORKERS-F2015-034,"Indique respondiendo si o no, si la siguiente afirmación es correcta, “No he detectado que algún compañero haya sufrido alguna enfermedad como consecuencia del trabajo”.",yes_no_not_applicable,binary_yes_no_na,binary_yes_no_na,validated_final,"Aguilar Elena doctoral thesis (2015), Annex 1",330,332,
sec_health_services_general,Centros sanitarios — Servicios generales,final_2015_annex1_unvalidated,sector_specific_questionnaire,Centros sanitarios,Servicios generales,MEDIDAS HIGIENICAS QUE AFECTAN A TODO EL PERSONAL,1,1,SEC-HEALTH-SERVICES-GENERAL-F2015-001,"¿Está prohibido que los trabajadores coman, beban o fumen en las zonas de trabajo en las que exista dicho riesgo?",yes_no_not_applicable,binary_yes_no_na,binary_yes_no_na,not_validated_insufficient_sector_sample,"Aguilar Elena doctoral thesis (2015), Annex 1, sector-specific questionnaires",357,359,Use as source-preserved sector-specific instrument; do not label as validated.
sec_health_services_general,Centros sanitarios — Servicios generales,final_2015_annex1_unvalidated,sector_specific_questionnaire,Centros sanitarios,Servicios generales,MEDIDAS HIGIENICAS QUE AFECTAN A TODO EL PERSONAL,2,2,SEC-HEALTH-SERVICES-GENERAL-F2015-002,¿Los trabajadores disponen de prendas de protección apropiadas o de otro tipo de prendas especiales adecuadas?,yes_no_not_applicable,binary_yes_no_na,binary_yes_no_na,not_validated_insufficient_sector_sample,"Aguilar Elena doctoral thesis (2015), Annex 1, sector-specific questionnaires",360,362,Use as source-preserved sector-specific instrument; do not label as validated.
sec_health_services_general,Centros sanitarios — Servicios generales,final_2015_annex1_unvalidated,sector_specific_questionnaire,Centros sanitarios,Servicios generales,MEDIDAS HIGIENICAS QUE AFECTAN A TODO EL PERSONAL,3,3,SEC-HEALTH-SERVICES-GENERAL-F2015-003,"¿Se dispone de retretes y cuartos de aseo apropiados, adecuados para el uso de los trabajadores (estos incluyen productos para la limpieza ocular y antisépticos para la piel)?",yes_no_not_applicable,binary_yes_no_na,binary_yes_no_na,not_validated_insufficient_sector_sample,"Aguilar Elena doctoral thesis (2015), Annex 1, sector-specific questionnaires",363,365,Use as source-preserved sector-specific instrument; do not label as validated.
sec_health_services_general,Centros sanitarios — Servicios generales,final_2015_annex1_unvalidated,sector_specific_questionnaire,Centros sanitarios,Servicios generales,MEDIDAS HIGIENICAS QUE AFECTAN A TODO EL PERSONAL,4,4,SEC-HEALTH-SERVICES-GENERAL-F2015-004,"¿Se disponer de un lugar determinado para el almacenamiento adecuado de los equipos de protección y se verifica que se limpian, se comprueba su buen funcionamiento, si fuera posible con anterioridad y, en todo caso, después de cada utilización, reparando o sustituyendo los equipos defectuosos antes de nuevo uso?.",yes_no_not_applicable,binary_yes_no_na,binary_yes_no_na,not_validated_insufficient_sector_sample,"Aguilar Elena doctoral thesis (2015), Annex 1, sector-specific questionnaires",366,370,Use as source-preserved sector-specific instrument; do not label as validated.
sec_health_services_general,Centros sanitarios — Servicios generales,final_2015_annex1_unvalidated,sector_specific_questionnaire,Centros sanitarios,Servicios generales,MEDIDAS HIGIENICAS QUE AFECTAN A TODO EL PERSONAL,5,5,SEC-HEALTH-SERVICES-GENERAL-F2015-005,"¿Se especifican los procedimientos de obtención, manipulación y procesamiento de muestras de origen humano o animal?.",yes_no_not_applicable,binary_yes_no_na,binary_yes_no_na,not_validated_insufficient_sector_sample,"Aguilar Elena doctoral thesis (2015), Annex 1, sector-specific questionnaires",371,373,Use as source-preserved sector-specific instrument; do not label as validated.
sec_health_services_general,Centros sanitarios — Servicios generales,final_2015_annex1_unvalidated,sector_specific_questionnaire,Centros sanitarios,Servicios generales,MEDIDAS HIGIENICAS QUE AFECTAN A TODO EL PERSONAL,6,6,SEC-HEALTH-SERVICES-GENERAL-F2015-006,"¿Los trabajadores disponen, dentro de la jornada laboral, de diez minutos para su aseo personal antes de la comida y otros diez minutos antes de abandonar el trabajo?.",yes_no_not_applicable,binary_yes_no_na,binary_yes_no_na,not_validated_insufficient_sector_sample,"Aguilar Elena doctoral thesis (2015), Annex 1, sector-specific questionnaires",374,376,Use as source-preserved sector-specific instrument; do not label as validated.
sec_health_services_general,Centros sanitarios — Servicios generales,final_2015_annex1_unvalidated,sector_specific_questionnaire,Centros sanitarios,Servicios generales,MEDIDAS HIGIENICAS QUE AFECTAN A TODO EL PERSONAL,7,7,SEC-HEALTH-SERVICES-GENERAL-F2015-007,"¿Al salir de la zona de trabajo, el trabajador se quita las ropas de trabajo y los equipos de protección personal que pueden estar contaminado por agentes biológicos y éstos se guardan en lugares que no tengan otras prendas?.",yes_no_not_applicable,binary_yes_no_na,binary_yes_no_na,not_validated_insufficient_sector_sample,"Aguilar Elena doctoral thesis (2015), Annex 1, sector-specific questionnaires",377,380,Use as source-preserved sector-specific instrument; do not label as validated.
sec_health_services_general,Centros sanitarios — Servicios generales,final_2015_annex1_unvalidated,sector_specific_questionnaire,Centros sanitarios,Servicios generales,MEDIDAS HIGIENICAS QUE AFECTAN A TODO EL PERSONAL,8,8,SEC-HEALTH-SERVICES-GENERAL-F2015-008,"¿El empresario se responsabiliza del lavado, descontaminación y, en caso necesario, destrucción de la ropa de trabajo y los equipos de protección? Queda rigurosamente prohibido que los trabajadores se lleven los mismos a su domicilio para tal fin. Cuando se contrate, este servicio, a una empresa estará obligado a asegurar que la ropa y los equipos se envíen en recipientes cerrados y etiquetados con las advertencias precisas",yes_no_not_applicable,binary_yes_no_na,binary_yes_no_na,not_validated_insufficient_sector_sample,"Aguilar Elena doctoral thesis (2015), Annex 1, sector-specific questionnaires",381,386,Use as source-preserved sector-specific instrument; do not label as validated.
sec_health_services_general,Centros sanitarios — Servicios generales,final_2015_annex1_unvalidated,sector_specific_questionnaire,Centros sanitarios,Servicios generales,MEDIDAS HIGIENICAS QUE AFECTAN A TODO EL PERSONAL,9,9,SEC-HEALTH-SERVICES-GENERAL-F2015-009,¿Antes de empezar a trabajar se cubren cortes y heridas con apósitos impermeables?.,yes_no_not_applicable,binary_yes_no_na,binary_yes_no_na,not_validated_insufficient_sector_sample,"Aguilar Elena doctoral thesis (2015), Annex 1, sector-specific questionnaires",387,388,Use as source-preserved sector-specific instrument; do not label as validated.
sec_health_services_general,Centros sanitarios — Servicios generales,final_2015_annex1_unvalidated,sector_specific_questionnaire,Centros sanitarios,Servicios generales,MEDIDAS HIGIENICAS QUE AFECTAN A TODO EL PERSONAL,10,10,SEC-HEALTH-SERVICES-GENERAL-F2015-010,¿Además cuando estas lesiones cutáneas se encuentren en las manos se cubren con guantes?.,yes_no_not_applicable,binary_yes_no_na,binary_yes_no_na,not_validated_insufficient_sector_sample,"Aguilar Elena doctoral thesis (2015), Annex 1, sector-specific questionnaires",389,390,Use as source-preserved sector-specific instrument; do not label as validated.
sec_health_services_general,Centros sanitarios — Servicios generales,final_2015_annex1_unvalidated,sector_specific_questionnaire,Centros sanitarios,Servicios generales,MEDIDAS HIGIENICAS QUE AFECTAN A TODO EL PERSONAL,11,11,SEC-HEALTH-SERVICES-GENERAL-F2015-011,"¿Antes de empezar a trabajar, cuando se tengan que utilizar guantes, se retiran anillos y joyas?.",yes_no_not_applicable,binary_yes_no_na,binary_yes_no_na,not_validated_insufficient_sector_sample,"Aguilar Elena doctoral thesis (2015), Annex 1, sector-specific questionnaires",391,392,Use as source-preserved sector-specific instrument; do not label as validated.
sec_health_services_general,Centros sanitarios — Servicios generales,final_2015_annex1_unvalidated,sector_specific_questionnaire,Centros sanitarios,Servicios generales,SERVICIO DE BARBERIA Y PELUQUERIA,12,12,SEC-HEALTH-SERVICES-GENERAL-F2015-012,¿Siempre se lavan las manos al terminar el trabajo con un paciente?.,yes_no_not_applicable,binary_yes_no_na,binary_yes_no_na,not_validated_insufficient_sector_sample,"Aguilar Elena doctoral thesis (2015), Annex 1, sector-specific questionnaires",394,395,Use as source-preserved sector-specific instrument; do not label as validated.
sec_health_services_general,Centros sanitarios — Servicios generales,final_2015_annex1_unvalidated,sector_specific_questionnaire,Centros sanitarios,Servicios generales,SERVICIO DE BARBERIA Y PELUQUERIA,13,13,SEC-HEALTH-SERVICES-GENERAL-F2015-013,¿El enjabonado de los pacientes para realizarles el afeitado se realiza con gasas desechables? En ningún caso se utilizará brocha para el enjabonado.,yes_no_not_applicable,binary_yes_no_na,binary_yes_no_na,not_validated_insufficient_sector_sample,"Aguilar Elena doctoral thesis (2015), Annex 1, sector-specific questionnaires",396,399,Use as source-preserved sector-specific instrument; do not label as validated.
sec_health_services_general,Centros sanitarios — Servicios generales,final_2015_annex1_unvalidated,sector_specific_questionnaire,Centros sanitarios,Servicios generales,SERVICIO DE BARBERIA Y PELUQUERIA,14,14,SEC-HEALTH-SERVICES-GENERAL-F2015-014,¿El afeitado se realiza con cuchilla desechable y se desecha con cada paciente?,yes_no_not_applicable,binary_yes_no_na,binary_yes_no_na,not_validated_insufficient_sector_sample,"Aguilar Elena doctoral thesis (2015), Annex 1, sector-specific questionnaires",400,401,Use as source-preserved sector-specific instrument; do not label as validated.
sec_health_services_general,Centros sanitarios — Servicios generales,final_2015_annex1_unvalidated,sector_specific_questionnaire,Centros sanitarios,Servicios generales,SERVICIO DE BARBERIA Y PELUQUERIA,15,15,SEC-HEALTH-SERVICES-GENERAL-F2015-015,Ante cortes en el rasurado ¿Se utilizan tiritas? No se debe utilizar la barrita restañadora.,yes_no_not_applicable,binary_yes_no_na,binary_yes_no_na,not_validated_insufficient_sector_sample,"Aguilar Elena doctoral thesis (2015), Annex 1, sector-specific questionnaires",402,405,Use as source-preserved sector-specific instrument; do not label as validated.
sec_health_services_general,Centros sanitarios — Servicios generales,final_2015_annex1_unvalidated,sector_specific_questionnaire,Centros sanitarios,Servicios generales,SERVICIO DE BARBERIA Y PELUQUERIA,16,16,SEC-HEALTH-SERVICES-GENERAL-F2015-016,"¿El resto de material (tijeras, peines, etc..) son igualmente limpiados y desinfectados mediante una solución de glutaraldehido 2% (cidex, instrunet esporocide, etc) mediante inmersión durante: 10- 20 minutos?.",yes_no_not_applicable,binary_yes_no_na,binary_yes_no_na,not_validated_insufficient_sector_sample,"Aguilar Elena doctoral thesis (2015), Annex 1, sector-specific questionnaires",406,409,Use as source-preserved sector-specific instrument; do not label as validated.
sec_health_services_general,Centros sanitarios — Servicios generales,final_2015_annex1_unvalidated,sector_specific_questionnaire,Centros sanitarios,Servicios generales,SERVICIO DE LAVANDERIA,17,17,SEC-HEALTH-SERVICES-GENERAL-F2015-017,¿Existen dos zonas claramente diferenciadas: zona sucia y zona limpia?. ¿Esto impide que ropa sucia y limpia puedan mezclarse?,yes_no_not_applicable,binary_yes_no_na,binary_yes_no_na,not_validated_insufficient_sector_sample,"Aguilar Elena doctoral thesis (2015), Annex 1, sector-specific questionnaires",411,417,Use as source-preserved sector-specific instrument; do not label as validated.
sec_health_services_general,Centros sanitarios — Servicios generales,final_2015_annex1_unvalidated,sector_specific_questionnaire,Centros sanitarios,Servicios generales,SERVICIO DE LAVANDERIA,18,18,SEC-HEALTH-SERVICES-GENERAL-F2015-018,¿Las bolsas de lavandería tienen un color establecido o se etiquetan adecuadamente para alertar al personal de peligros potenciales?,yes_no_not_applicable,binary_yes_no_na,binary_yes_no_na,not_validated_insufficient_sector_sample,"Aguilar Elena doctoral thesis (2015), Annex 1, sector-specific questionnaires",418,420,Use as source-preserved sector-specific instrument; do not label as validated.
sec_health_services_general,Centros sanitarios — Servicios generales,final_2015_annex1_unvalidated,sector_specific_questionnaire,Centros sanitarios,Servicios generales,SERVICIO DE LAVANDERIA,19,19,SEC-HEALTH-SERVICES-GENERAL-F2015-019,¿La ropa de cama usada se coloca en bolsas de plástico al lado de la cama? La ropa de cama no se lleva por los corredores hasta las bolsas colectoras,yes_no_not_applicable,binary_yes_no_na,binary_yes_no_na,not_validated_insufficient_sector_sample,"Aguilar Elena doctoral thesis (2015), Annex 1, sector-specific questionnaires",421,424,Use as source-preserved sector-specific instrument; do not label as validated.
sec_health_services_general,Centros sanitarios — Servicios generales,final_2015_annex1_unvalidated,sector_specific_questionnaire,Centros sanitarios,Servicios generales,SERVICIO DE LAVANDERIA,20,20,SEC-HEALTH-SERVICES-GENERAL-F2015-020,"Cuando la ropa llega a las instalaciones de la lavandería, ¿se vuelca directamente el contenido de las bolsas dentro de la lavadora. (Al menos, cuando la bolsa presenta coloración de peligro potencial)?",yes_no_not_applicable,binary_yes_no_na,binary_yes_no_na,not_validated_insufficient_sector_sample,"Aguilar Elena doctoral thesis (2015), Annex 1, sector-specific questionnaires",425,427,Use as source-preserved sector-specific instrument; do not label as validated.
sec_health_services_general,Centros sanitarios — Servicios generales,final_2015_annex1_unvalidated,sector_specific_questionnaire,Centros sanitarios,Servicios generales,SERVICIO DE LAVANDERIA,21,21,SEC-HEALTH-SERVICES-GENERAL-F2015-021,¿La ropa contaminada se manipula lo menos posible y con la mínima agitación?,yes_no_not_applicable,binary_yes_no_na,binary_yes_no_na,not_validated_insufficient_sector_sample,"Aguilar Elena doctoral thesis (2015), Annex 1, sector-specific questionnaires",428,429,Use as source-preserved sector-specific instrument; do not label as validated.
sec_health_services_general,Centros sanitarios — Servicios generales,final_2015_annex1_unvalidated,sector_specific_questionnaire,Centros sanitarios,Servicios generales,SERVICIO DE LAVANDERIA,22,22,SEC-HEALTH-SERVICES-GENERAL-F2015-022,¿La ropa contaminada no se ordena ni aclara en el lugar de procedencia?,yes_no_not_applicable,binary_yes_no_na,binary_yes_no_na,not_validated_insufficient_sector_sample,"Aguilar Elena doctoral thesis (2015), Annex 1, sector-specific questionnaires",430,431,Use as source-preserved sector-specific instrument; do not label as validated.
sec_health_services_general,Centros sanitarios — Servicios generales,final_2015_annex1_unvalidated,sector_specific_questionnaire,Centros sanitarios,Servicios generales,SERVICIO DE LAVANDERIA,23,23,SEC-HEALTH-SERVICES-GENERAL-F2015-023,"Si la ropa está húmeda, para evitar derrames o goteos, ¿se traslada en bolsas o contenedores que impidan filtraciones?.",yes_no_not_applicable,binary_yes_no_na,binary_yes_no_na,not_validated_insufficient_sector_sample,"Aguilar Elena doctoral thesis (2015), Annex 1, sector-specific questionnaires",432,434,Use as source-preserved sector-specific instrument; do not label as validated.
sec_health_services_general,Centros sanitarios — Servicios generales,final_2015_annex1_unvalidated,sector_specific_questionnaire,Centros sanitarios,Servicios generales,SERVICIO DE LAVANDERIA,24,24,SEC-HEALTH-SERVICES-GENERAL-F2015-024,El personal que distribuye y dobla la ropa blanca limpia ¿mantiene una escrupulosa higiene personal (esencialmente lavado de manos adecuado con detergentes desinfectantes y uso de guantes de caucho)?.,yes_no_not_applicable,binary_yes_no_na,binary_yes_no_na,not_validated_insufficient_sector_sample,"Aguilar Elena doctoral thesis (2015), Annex 1, sector-specific questionnaires",435,438,Use as source-preserved sector-specific instrument; do not label as validated.
sec_health_services_general,Centros sanitarios — Servicios generales,final_2015_annex1_unvalidated,sector_specific_questionnaire,Centros sanitarios,Servicios generales,SERVICIO DE LAVANDERIA,25,25,SEC-HEALTH-SERVICES-GENERAL-F2015-025,¿El personal utiliza guantes de látex y se los cambian con cada paciente?.,yes_no_not_applicable,binary_yes_no_na,binary_yes_no_na,not_validated_insufficient_sector_sample,"Aguilar Elena doctoral thesis (2015), Annex 1, sector-specific questionnaires",439,440,Use as source-preserved sector-specific instrument; do not label as validated.
sec_health_services_general,Centros sanitarios — Servicios generales,final_2015_annex1_unvalidated,sector_specific_questionnaire,Centros sanitarios,Servicios generales,SERVICIO DE LAVANDERIA,26,26,SEC-HEALTH-SERVICES-GENERAL-F2015-026,¿Toda la ropa blanca limpia está cuidadosamente envuelta y no colocada de cualquier manera en un carro o armario?.,yes_no_not_applicable,binary_yes_no_na,binary_yes_no_na,not_validated_insufficient_sector_sample,"Aguilar Elena doctoral thesis (2015), Annex 1, sector-specific questionnaires",441,443,Use as source-preserved sector-specific instrument; do not label as validated.
sec_health_services_general,Centros sanitarios — Servicios generales,final_2015_annex1_unvalidated,sector_specific_questionnaire,Centros sanitarios,Servicios generales,SERVICIO DE COCINA,27,27,SEC-HEALTH-SERVICES-GENERAL-F2015-027,"¿El personal de cocina se lava a menudo las manos, principalmente antes de empezar a trabajar?",yes_no_not_applicable,binary_yes_no_na,binary_yes_no_na,not_validated_insufficient_sector_sample,"Aguilar Elena doctoral thesis (2015), Annex 1, sector-specific questionnaires",445,446,Use as source-preserved sector-specific instrument; do not label as validated.
sec_health_services_general,Centros sanitarios — Servicios generales,final_2015_annex1_unvalidated,sector_specific_questionnaire,Centros sanitarios,Servicios generales,SERVICIO DE COCINA,28,28,SEC-HEALTH-SERVICES-GENERAL-F2015-028,"¿El personal usa ropa exclusiva para el trabajo, en uso de gorro es obligatorio?",yes_no_not_applicable,binary_yes_no_na,binary_yes_no_na,not_validated_insufficient_sector_sample,"Aguilar Elena doctoral thesis (2015), Annex 1, sector-specific questionnaires",447,448,Use as source-preserved sector-specific instrument; do not label as validated.
sec_health_services_general,Centros sanitarios — Servicios generales,final_2015_annex1_unvalidated,sector_specific_questionnaire,Centros sanitarios,Servicios generales,SERVICIO DE COCINA,29,29,SEC-HEALTH-SERVICES-GENERAL-F2015-029,"¿Cuándo se tiene alguna herida, se procede a cubrirla con un apósito impermeable o tirita?",yes_no_not_applicable,binary_yes_no_na,binary_yes_no_na,not_validated_insufficient_sector_sample,"Aguilar Elena doctoral thesis (2015), Annex 1, sector-specific questionnaires",449,450,Use as source-preserved sector-specific instrument; do not label as validated.
sec_health_services_general,Centros sanitarios — Servicios generales,final_2015_annex1_unvalidated,sector_specific_questionnaire,Centros sanitarios,Servicios generales,SERVICIO DE COCINA,30,30,SEC-HEALTH-SERVICES-GENERAL-F2015-030,¿Está prohibido fumar y comer en las zonas de preparación y manipulación de alimentos?,yes_no_not_applicable,binary_yes_no_na,binary_yes_no_na,not_validated_insufficient_sector_sample,"Aguilar Elena doctoral thesis (2015), Annex 1, sector-specific questionnaires",451,452,Use as source-preserved sector-specific instrument; do not label as validated.
sec_health_services_general,Centros sanitarios — Servicios generales,final_2015_annex1_unvalidated,sector_specific_questionnaire,Centros sanitarios,Servicios generales,SERVICIO DE COCINA,31,31,SEC-HEALTH-SERVICES-GENERAL-F2015-031,En las tareas de lavado de platos (manual o a través de máquinas) ¿se procuran evitar las salpicaduras?,yes_no_not_applicable,binary_yes_no_na,binary_yes_no_na,not_validated_insufficient_sector_sample,"Aguilar Elena doctoral thesis (2015), Annex 1, sector-specific questionnaires",453,455,Use as source-preserved sector-specific instrument; do not label as validated.
sec_health_services_general,Centros sanitarios — Servicios generales,final_2015_annex1_unvalidated,sector_specific_questionnaire,Centros sanitarios,Servicios generales,SERVICIO DE COCINA,32,32,SEC-HEALTH-SERVICES-GENERAL-F2015-032,¿Se prohíbe el acceso al personal que no trabaja en esta zona?,yes_no_not_applicable,binary_yes_no_na,binary_yes_no_na,not_validated_insufficient_sector_sample,"Aguilar Elena doctoral thesis (2015), Annex 1, sector-specific questionnaires",456,457,Use as source-preserved sector-specific instrument; do not label as validated.
sec_health_services_general,Centros sanitarios — Servicios generales,final_2015_annex1_unvalidated,sector_specific_questionnaire,Centros sanitarios,Servicios generales,SERVICIO DE COCINA,33,33,SEC-HEALTH-SERVICES-GENERAL-F2015-033,¿Se prohíbe el acceso en las áreas de elaboración de alimentos a cualquier persona que no lleve la indumentaria adecuada?,yes_no_not_applicable,binary_yes_no_na,binary_yes_no_na,not_validated_insufficient_sector_sample,"Aguilar Elena doctoral thesis (2015), Annex 1, sector-specific questionnaires",458,460,Use as source-preserved sector-specific instrument; do not label as validated.
sec_health_services_general,Centros sanitarios — Servicios generales,final_2015_annex1_unvalidated,sector_specific_questionnaire,Centros sanitarios,Servicios generales,SERVICIO DE COCINA,34,34,SEC-HEALTH-SERVICES-GENERAL-F2015-034,¿Las ventanas están protegidas con telas mosquiteras o similar para evitar que entren en la cocina insectos¿¿También hay control de roedores?,yes_no_not_applicable,binary_yes_no_na,binary_yes_no_na,not_validated_insufficient_sector_sample,"Aguilar Elena doctoral thesis (2015), Annex 1, sector-specific questionnaires",461,463,Use as source-preserved sector-specific instrument; do not label as validated.
sec_health_services_general,Centros sanitarios — Servicios generales,final_2015_annex1_unvalidated,sector_specific_questionnaire,Centros sanitarios,Servicios generales,SERVICIO DE COCINA,35,35,SEC-HEALTH-SERVICES-GENERAL-F2015-035,¿Los materiales de las superficies de trabajo son de fácil limpieza y desinfección (no se utilizan materiales porosos como tablas de madera para cortar)?,yes_no_not_applicable,binary_yes_no_na,binary_yes_no_na,not_validated_insufficient_sector_sample,"Aguilar Elena doctoral thesis (2015), Annex 1, sector-specific questionnaires",464,466,Use as source-preserved sector-specific instrument; do not label as validated.
sec_health_services_general,Centros sanitarios — Servicios generales,final_2015_annex1_unvalidated,sector_specific_questionnaire,Centros sanitarios,Servicios generales,SERVICIO DE COCINA,36,36,SEC-HEALTH-SERVICES-GENERAL-F2015-036,¿La zona donde se cocina está separada de la zona donde se lavan los platos?,yes_no_not_applicable,binary_yes_no_na,binary_yes_no_na,not_validated_insufficient_sector_sample,"Aguilar Elena doctoral thesis (2015), Annex 1, sector-specific questionnaires",467,468,Use as source-preserved sector-specific instrument; do not label as validated.
sec_health_services_general,Centros sanitarios — Servicios generales,final_2015_annex1_unvalidated,sector_specific_questionnaire,Centros sanitarios,Servicios generales,SERVICIO DE COCINA,37,37,SEC-HEALTH-SERVICES-GENERAL-F2015-037,¿Se mantiene una estricta limpieza de las instalaciones?,yes_no_not_applicable,binary_yes_no_na,binary_yes_no_na,not_validated_insufficient_sector_sample,"Aguilar Elena doctoral thesis (2015), Annex 1, sector-specific questionnaires",469,470,Use as source-preserved sector-specific instrument; do not label as validated.
sec_health_services_general,Centros sanitarios — Servicios generales,final_2015_annex1_unvalidated,sector_specific_questionnaire,Centros sanitarios,Servicios generales,SERVICIO DE LIMPIEZA,38,38,SEC-HEALTH-SERVICES-GENERAL-F2015-038,"¿Se prohíbe al personal de limpieza, en cualquier caso, manipular agujas o cualquier otro material punzante? Todas las agujas son descartadas, por el personal cualificado (DUE, médico,...) en recipientes especialmente rotulados",yes_no_not_applicable,binary_yes_no_na,binary_yes_no_na,not_validated_insufficient_sector_sample,"Aguilar Elena doctoral thesis (2015), Annex 1, sector-specific questionnaires",472,476,Use as source-preserved sector-specific instrument; do not label as validated.
sec_health_services_general,Centros sanitarios — Servicios generales,final_2015_annex1_unvalidated,sector_specific_questionnaire,Centros sanitarios,Servicios generales,SERVICIO DE LIMPIEZA,39,39,SEC-HEALTH-SERVICES-GENERAL-F2015-039,"¿Las soluciones acuosas o detergentes y desinfectantes (sobre todo en recipientes abiertos) se usan lo antes posible, y siempre dentro de las 24 horas después de su preparación para evitar que pierdan sus propiedades?",yes_no_not_applicable,binary_yes_no_na,binary_yes_no_na,not_validated_insufficient_sector_sample,"Aguilar Elena doctoral thesis (2015), Annex 1, sector-specific questionnaires",477,480,Use as source-preserved sector-specific instrument; do not label as validated.
sec_health_services_general,Centros sanitarios — Servicios generales,final_2015_annex1_unvalidated,sector_specific_questionnaire,Centros sanitarios,Servicios generales,SERVICIO DE LIMPIEZA,40,40,SEC-HEALTH-SERVICES-GENERAL-F2015-040,"¿Los suelos se limpian mediante métodos que no forman polvo (barrido húmedo, mopas, aspiradores de bolsa filtrante o con depósito de agua, ...) que disperse los posibles microorganismos depositados en las superficies por todo el área y superficies?",yes_no_not_applicable,binary_yes_no_na,binary_yes_no_na,not_validated_insufficient_sector_sample,"Aguilar Elena doctoral thesis (2015), Annex 1, sector-specific questionnaires",481,484,Use as source-preserved sector-specific instrument; do not label as validated.
sec_health_services_general,Centros sanitarios — Servicios generales,final_2015_annex1_unvalidated,sector_specific_questionnaire,Centros sanitarios,Servicios generales,SERVICIO DE LIMPIEZA,41,41,SEC-HEALTH-SERVICES-GENERAL-F2015-041,"¿Hay procedimientos de limpieza y desinfección específicos para las zonas de aislamientos, en las que se incluyen las medidas de seguridad que se deben adoptar?",yes_no_not_applicable,binary_yes_no_na,binary_yes_no_na,not_validated_insufficient_sector_sample,"Aguilar Elena doctoral thesis (2015), Annex 1, sector-specific questionnaires",485,487,Use as source-preserved sector-specific instrument; do not label as validated.
sec_health_services_general,Centros sanitarios — Servicios generales,final_2015_annex1_unvalidated,sector_specific_questionnaire,Centros sanitarios,Servicios generales,SERVICIO DE LIMPIEZA,42,42,SEC-HEALTH-SERVICES-GENERAL-F2015-042,"¿Está instituido un programa para la limpieza, desinfección de los locales y materiales?",yes_no_not_applicable,binary_yes_no_na,binary_yes_no_na,not_validated_insufficient_sector_sample,"Aguilar Elena doctoral thesis (2015), Annex 1, sector-specific questionnaires",488,489,Use as source-preserved sector-specific instrument; do not label as validated.
sec_health_services_general,Centros sanitarios — Servicios generales,final_2015_annex1_unvalidated,sector_specific_questionnaire,Centros sanitarios,Servicios generales,SERVICIO DE LIMPIEZA,43,43,SEC-HEALTH-SERVICES-GENERAL-F2015-043,¿Cuándo recojan residuos que puedan estar contaminados se utilizan guantes?,yes_no_not_applicable,binary_yes_no_na,binary_yes_no_na,not_validated_insufficient_sector_sample,"Aguilar Elena doctoral thesis (2015), Annex 1, sector-specific questionnaires",490,491,Use as source-preserved sector-specific instrument; do not label as validated.
sec_health_services_general,Centros sanitarios — Servicios generales,final_2015_annex1_unvalidated,sector_specific_questionnaire,Centros sanitarios,Servicios generales,SERVICIO DE LIMPIEZA,44,44,SEC-HEALTH-SERVICES-GENERAL-F2015-044,¿Han recibido la formación adecuada para la manipulación de residuos?,yes_no_not_applicable,binary_yes_no_na,binary_yes_no_na,not_validated_insufficient_sector_sample,"Aguilar Elena doctoral thesis (2015), Annex 1, sector-specific questionnaires",492,493,Use as source-preserved sector-specific instrument; do not label as validated.
sec_health_services_general,Centros sanitarios — Servicios generales,final_2015_annex1_unvalidated,sector_specific_questionnaire,Centros sanitarios,Servicios generales,SERVICIO DE LIMPIEZA,45,45,SEC-HEALTH-SERVICES-GENERAL-F2015-045,¿Los residuos contaminados están adecuadamente señalizados?,yes_no_not_applicable,binary_yes_no_na,binary_yes_no_na,not_validated_insufficient_sector_sample,"Aguilar Elena doctoral thesis (2015), Annex 1, sector-specific questionnaires",494,495,Use as source-preserved sector-specific instrument; do not label as validated.
sec_health_services_general,Centros sanitarios — Servicios generales,final_2015_annex1_unvalidated,sector_specific_questionnaire,Centros sanitarios,Servicios generales,SERVICIO DE LIMPIEZA,46,46,SEC-HEALTH-SERVICES-GENERAL-F2015-046,¿Los residuos contaminados los recoge personal especialmente formado para ello?,yes_no_not_applicable,binary_yes_no_na,binary_yes_no_na,not_validated_insufficient_sector_sample,"Aguilar Elena doctoral thesis (2015), Annex 1, sector-specific questionnaires",496,501,Use as source-preserved sector-specific instrument; do not label as validated.
sec_health_services_general,Centros sanitarios — Servicios generales,final_2015_annex1_unvalidated,sector_specific_questionnaire,Centros sanitarios,Servicios generales,SERVICIO DE LIMPIEZA,47,47,SEC-HEALTH-SERVICES-GENERAL-F2015-047,¿Las operaciones de recogida de residuos se realiza con guantes adecuados a las circunstancias?,yes_no_not_applicable,binary_yes_no_na,binary_yes_no_na,not_validated_insufficient_sector_sample,"Aguilar Elena doctoral thesis (2015), Annex 1, sector-specific questionnaires",502,503,Use as source-preserved sector-specific instrument; do not label as validated.
sec_health_services_general,Centros sanitarios — Servicios generales,final_2015_annex1_unvalidated,sector_specific_questionnaire,Centros sanitarios,Servicios generales,SERVICIO DE LIMPIEZA,48,48,SEC-HEALTH-SERVICES-GENERAL-F2015-048,"¿Hay un protocolo específico, y se sigue, para la limpieza de las habitaciones de aislamiento y zonas especiales?.",yes_no_not_applicable,binary_yes_no_na,binary_yes_no_na,not_validated_insufficient_sector_sample,"Aguilar Elena doctoral thesis (2015), Annex 1, sector-specific questionnaires",504,506,Use as source-preserved sector-specific instrument; do not label as validated.
sec_health_services_general,Centros sanitarios — Servicios generales,final_2015_annex1_unvalidated,sector_specific_questionnaire,Centros sanitarios,Servicios generales,SERVICIO DE LIMPIEZA,49,49,SEC-HEALTH-SERVICES-GENERAL-F2015-049,¿Se utiliza la técnica del doble cubo (uno con agua “sucia” y otro con agua “limpia”)?,yes_no_not_applicable,binary_yes_no_na,binary_yes_no_na,not_validated_insufficient_sector_sample,"Aguilar Elena doctoral thesis (2015), Annex 1, sector-specific questionnaires",507,508,Use as source-preserved sector-specific instrument; do not label as validated.
sec_health_services_general,Centros sanitarios — Servicios generales,final_2015_annex1_unvalidated,sector_specific_questionnaire,Centros sanitarios,Servicios generales,SERVICIO DE LIMPIEZA,50,50,SEC-HEALTH-SERVICES-GENERAL-F2015-050,¿En el carro del doble cubo se diferencia la zona de limpio y la de sucio?.,yes_no_not_applicable,binary_yes_no_na,binary_yes_no_na,not_validated_insufficient_sector_sample,"Aguilar Elena doctoral thesis (2015), Annex 1, sector-specific questionnaires",509,510,Use as source-preserved sector-specific instrument; do not label as validated.
sec_health_services_general,Centros sanitarios — Servicios generales,final_2015_annex1_unvalidated,sector_specific_questionnaire,Centros sanitarios,Servicios generales,SERVICIO DE LIMPIEZA,51,51,SEC-HEALTH-SERVICES-GENERAL-F2015-051,¿Se limpian los pomos de las puertas diariamente?.,yes_no_not_applicable,binary_yes_no_na,binary_yes_no_na,not_validated_insufficient_sector_sample,"Aguilar Elena doctoral thesis (2015), Annex 1, sector-specific questionnaires",511,512,Use as source-preserved sector-specific instrument; do not label as validated.
sec_health_services_general,Centros sanitarios — Servicios generales,final_2015_annex1_unvalidated,sector_specific_questionnaire,Centros sanitarios,Servicios generales,SERVICIO DE LIMPIEZA,52,52,SEC-HEALTH-SERVICES-GENERAL-F2015-052,¿Se utilizan las concentraciones adecuadas de detergente – desinfectante para suelos y superficies?,yes_no_not_applicable,binary_yes_no_na,binary_yes_no_na,not_validated_insufficient_sector_sample,"Aguilar Elena doctoral thesis (2015), Annex 1, sector-specific questionnaires",513,515,Use as source-preserved sector-specific instrument; do not label as validated.
sec_health_services_general,Centros sanitarios — Servicios generales,final_2015_annex1_unvalidated,sector_specific_questionnaire,Centros sanitarios,Servicios generales,SERVICIO DE LIMPIEZA,53,53,SEC-HEALTH-SERVICES-GENERAL-F2015-053,"¿Utilizan adecuadamente los paños: rojo – inodoro, amarillo – sanitario, azul – mobiliario (u otra combinación de colores)?",yes_no_not_applicable,binary_yes_no_na,binary_yes_no_na,not_validated_insufficient_sector_sample,"Aguilar Elena doctoral thesis (2015), Annex 1, sector-specific questionnaires",516,518,Use as source-preserved sector-specific instrument; do not label as validated.
sec_health_services_general,Centros sanitarios — Servicios generales,final_2015_annex1_unvalidated,sector_specific_questionnaire,Centros sanitarios,Servicios generales,SERVICIO DE LIMPIEZA,54,54,SEC-HEALTH-SERVICES-GENERAL-F2015-054,¿Se realiza desinfección del material de limpieza al final de cada turno?,yes_no_not_applicable,binary_yes_no_na,binary_yes_no_na,not_validated_insufficient_sector_sample,"Aguilar Elena doctoral thesis (2015), Annex 1, sector-specific questionnaires",519,520,Use as source-preserved sector-specific instrument; do not label as validated.
sec_health_services_general,Centros sanitarios — Servicios generales,final_2015_annex1_unvalidated,sector_specific_questionnaire,Centros sanitarios,Servicios generales,SERVICIO DE LIMPIEZA,55,55,SEC-HEALTH-SERVICES-GENERAL-F2015-055,¿Se realiza una limpieza especial más profunda cuando se dan de alta el/los pacientes de una habitación?,yes_no_not_applicable,binary_yes_no_na,binary_yes_no_na,not_validated_insufficient_sector_sample,"Aguilar Elena doctoral thesis (2015), Annex 1, sector-specific questionnaires",521,523,Use as source-preserved sector-specific instrument; do not label as validated.
sec_health_services_general,Centros sanitarios — Servicios generales,final_2015_annex1_unvalidated,sector_specific_questionnaire,Centros sanitarios,Servicios generales,SERVICIO DE LIMPIEZA,56,56,SEC-HEALTH-SERVICES-GENERAL-F2015-056,"¿Las/os limpiadoras/es utilizan vestimenta y EPI’s adecuados, en especial guantes de goma o látex?",yes_no_not_applicable,binary_yes_no_na,binary_yes_no_na,not_validated_insufficient_sector_sample,"Aguilar Elena doctoral thesis (2015), Annex 1, sector-specific questionnaires",524,526,Use as source-preserved sector-specific instrument; do not label as validated.
sec_health_services_general,Centros sanitarios — Servicios generales,final_2015_annex1_unvalidated,sector_specific_questionnaire,Centros sanitarios,Servicios generales,GESTION DE RESIDUOS,57,57,SEC-HEALTH-SERVICES-GENERAL-F2015-057,¿Hay contenedores diferenciados según el tipo de residuo?,yes_no_not_applicable,binary_yes_no_na,binary_yes_no_na,not_validated_insufficient_sector_sample,"Aguilar Elena doctoral thesis (2015), Annex 1, sector-specific questionnaires",528,529,Use as source-preserved sector-specific instrument; do not label as validated.
sec_health_services_general,Centros sanitarios — Servicios generales,final_2015_annex1_unvalidated,sector_specific_questionnaire,Centros sanitarios,Servicios generales,GESTION DE RESIDUOS,58,58,SEC-HEALTH-SERVICES-GENERAL-F2015-058,¿Se informa a los trabajadores del tipo de residuo que deben depositar en cada contenedor?,yes_no_not_applicable,binary_yes_no_na,binary_yes_no_na,not_validated_insufficient_sector_sample,"Aguilar Elena doctoral thesis (2015), Annex 1, sector-specific questionnaires",530,531,Use as source-preserved sector-specific instrument; do not label as validated.
sec_health_services_general,Centros sanitarios — Servicios generales,final_2015_annex1_unvalidated,sector_specific_questionnaire,Centros sanitarios,Servicios generales,GESTION DE RESIDUOS,59,59,SEC-HEALTH-SERVICES-GENERAL-F2015-059,¿El personal que cierra los contenedores de residuos específicos comprueba que queda estanco?,yes_no_not_applicable,binary_yes_no_na,binary_yes_no_na,not_validated_insufficient_sector_sample,"Aguilar Elena doctoral thesis (2015), Annex 1, sector-specific questionnaires",532,533,Use as source-preserved sector-specific instrument; do not label as validated.
sec_health_services_general,Centros sanitarios — Servicios generales,final_2015_annex1_unvalidated,sector_specific_questionnaire,Centros sanitarios,Servicios generales,GESTION DE RESIDUOS,60,60,SEC-HEALTH-SERVICES-GENERAL-F2015-060,"¿El personal que manipula y/o transporta los residuos biosanitarios especiales (clase III) utiliza guantes resistentes a pinchazos por agujas, vidrios y otros materiales punzantes?",yes_no_not_applicable,binary_yes_no_na,binary_yes_no_na,not_validated_insufficient_sector_sample,"Aguilar Elena doctoral thesis (2015), Annex 1, sector-specific questionnaires",534,536,Use as source-preserved sector-specific instrument; do not label as validated.
sec_health_services_general,Centros sanitarios — Servicios generales,final_2015_annex1_unvalidated,sector_specific_questionnaire,Centros sanitarios,Servicios generales,GESTION DE RESIDUOS,61,61,SEC-HEALTH-SERVICES-GENERAL-F2015-061,¿Los residuos sanitarios recogidos en las distintas zonas del centro se transportan al almacén de residuos sanitarios con una periodicidad máxima de 12 horas?.,yes_no_not_applicable,binary_yes_no_na,binary_yes_no_na,not_validated_insufficient_sector_sample,"Aguilar Elena doctoral thesis (2015), Annex 1, sector-specific questionnaires",537,539,Use as source-preserved sector-specific instrument; do not label as validated.
sec_health_services_general,Centros sanitarios — Servicios generales,final_2015_annex1_unvalidated,sector_specific_questionnaire,Centros sanitarios,Servicios generales,GESTION DE RESIDUOS,62,62,SEC-HEALTH-SERVICES-GENERAL-F2015-062,¿Los contenedores o estructuras de soporte y sistemas de transporte se limpian en lugares adecuados con agua a presión y detergentes?,yes_no_not_applicable,binary_yes_no_na,binary_yes_no_na,not_validated_insufficient_sector_sample,"Aguilar Elena doctoral thesis (2015), Annex 1, sector-specific questionnaires",540,542,Use as source-preserved sector-specific instrument; do not label as validated.
sec_health_services_general,Centros sanitarios — Servicios generales,final_2015_annex1_unvalidated,sector_specific_questionnaire,Centros sanitarios,Servicios generales,GESTION DE RESIDUOS,63,63,SEC-HEALTH-SERVICES-GENERAL-F2015-063,"¿Los sistemas de transporte y los contenedores de los centros generadores de residuos, son estructuras sin rincones, que facilitan al máximo el proceso de limpieza?",yes_no_not_applicable,binary_yes_no_na,binary_yes_no_na,not_validated_insufficient_sector_sample,"Aguilar Elena doctoral thesis (2015), Annex 1, sector-specific questionnaires",543,545,Use as source-preserved sector-specific instrument; do not label as validated.
sec_health_services_general,Centros sanitarios — Servicios generales,final_2015_annex1_unvalidated,sector_specific_questionnaire,Centros sanitarios,Servicios generales,GESTION DE RESIDUOS,64,64,SEC-HEALTH-SERVICES-GENERAL-F2015-064,"¿No se dejan ni recipientes ni residuos en lugares no previstos, excepto donde se han producido, o bien en el almacén (o almacenes intermedios que estén delimitados, definidos y señalizados)?.",yes_no_not_applicable,binary_yes_no_na,binary_yes_no_na,not_validated_insufficient_sector_sample,"Aguilar Elena doctoral thesis (2015), Annex 1, sector-specific questionnaires",546,548,Use as source-preserved sector-specific instrument; do not label as validated.
sec_health_services_general,Centros sanitarios — Servicios generales,final_2015_annex1_unvalidated,sector_specific_questionnaire,Centros sanitarios,Servicios generales,GESTION DE RESIDUOS,65,65,SEC-HEALTH-SERVICES-GENERAL-F2015-065,¿Las bolsas no se almacenan unas encima de otras; si no unas al lado de otras sobre superficies horizontales?,yes_no_not_applicable,binary_yes_no_na,binary_yes_no_na,not_validated_insufficient_sector_sample,"Aguilar Elena doctoral thesis (2015), Annex 1, sector-specific questionnaires",549,551,Use as source-preserved sector-specific instrument; do not label as validated.
sec_health_services_general,Centros sanitarios — Servicios generales,final_2015_annex1_unvalidated,sector_specific_questionnaire,Centros sanitarios,Servicios generales,GESTION DE RESIDUOS,66,66,SEC-HEALTH-SERVICES-GENERAL-F2015-066,"¿En la estructura o carro de transporte no se comprimen las bolsas para poder transportar más cantidad en un trayecto, ni se sobrepasa el nivel que permite cerrar la tapa del carro?",yes_no_not_applicable,binary_yes_no_na,binary_yes_no_na,not_validated_insufficient_sector_sample,"Aguilar Elena doctoral thesis (2015), Annex 1, sector-specific questionnaires",552,554,Use as source-preserved sector-specific instrument; do not label as validated.
sec_health_services_general,Centros sanitarios — Servicios generales,final_2015_annex1_unvalidated,sector_specific_questionnaire,Centros sanitarios,Servicios generales,GESTION DE RESIDUOS,67,67,SEC-HEALTH-SERVICES-GENERAL-F2015-067,"¿Las bolsas no se arrastran por el suelo, se usan sistemas de transporte?",yes_no_not_applicable,binary_yes_no_na,binary_yes_no_na,not_validated_insufficient_sector_sample,"Aguilar Elena doctoral thesis (2015), Annex 1, sector-specific questionnaires",555,556,Use as source-preserved sector-specific instrument; do not label as validated.
sec_health_services_general,Centros sanitarios — Servicios generales,final_2015_annex1_unvalidated,sector_specific_questionnaire,Centros sanitarios,Servicios generales,GESTION DE RESIDUOS,68,68,SEC-HEALTH-SERVICES-GENERAL-F2015-068,¿El personal que recoge los residuos biosanitarios usa ropa exclusiva para este trabajo y al acabarlo tiene un vestuario con ducha y ropa limpia?,yes_no_not_applicable,binary_yes_no_na,binary_yes_no_na,not_validated_insufficient_sector_sample,"Aguilar Elena doctoral thesis (2015), Annex 1, sector-specific questionnaires",557,559,Use as source-preserved sector-specific instrument; do not label as validated.
sec_health_services_general,Centros sanitarios — Servicios generales,final_2015_annex1_unvalidated,sector_specific_questionnaire,Centros sanitarios,Servicios generales,GESTION DE RESIDUOS,69,69,SEC-HEALTH-SERVICES-GENERAL-F2015-069,"¿Siempre que se sospecha que en la manipulación se pueden producir aerosoles o salpicaduras, se usan gafas y mascarilla?",yes_no_not_applicable,binary_yes_no_na,binary_yes_no_na,not_validated_insufficient_sector_sample,"Aguilar Elena doctoral thesis (2015), Annex 1, sector-specific questionnaires",560,562,Use as source-preserved sector-specific instrument; do not label as validated.
sec_health_services_general,Centros sanitarios — Servicios generales,final_2015_annex1_unvalidated,sector_specific_questionnaire,Centros sanitarios,Servicios generales,GESTION DE RESIDUOS,70,70,SEC-HEALTH-SERVICES-GENERAL-F2015-070,"¿Características del almacén: ventilado, espacioso, bien iluminado, señalizado, puede cerrarse y tiene fácil acceso desde el exterior, está protegido de animales, de la intemperie y de temperaturas elevadas?",yes_no_not_applicable,binary_yes_no_na,binary_yes_no_na,not_validated_insufficient_sector_sample,"Aguilar Elena doctoral thesis (2015), Annex 1, sector-specific questionnaires",563,566,Use as source-preserved sector-specific instrument; do not label as validated.
sec_health_services_general,Centros sanitarios — Servicios generales,final_2015_annex1_unvalidated,sector_specific_questionnaire,Centros sanitarios,Servicios generales,GESTION DE RESIDUOS,71,71,SEC-HEALTH-SERVICES-GENERAL-F2015-071,¿Al almacén sólo tiene acceso el personal autorizado?,yes_no_not_applicable,binary_yes_no_na,binary_yes_no_na,not_validated_insufficient_sector_sample,"Aguilar Elena doctoral thesis (2015), Annex 1, sector-specific questionnaires",567,568,Use as source-preserved sector-specific instrument; do not label as validated.
sec_health_services_general,Centros sanitarios — Servicios generales,final_2015_annex1_unvalidated,sector_specific_questionnaire,Centros sanitarios,Servicios generales,GESTION DE RESIDUOS,72,72,SEC-HEALTH-SERVICES-GENERAL-F2015-072,¿Las bolsas para los residuos son suficientemente resistentes para soportar el peso de los residuos y no se rompen fácilmente?,yes_no_not_applicable,binary_yes_no_na,binary_yes_no_na,not_validated_insufficient_sector_sample,"Aguilar Elena doctoral thesis (2015), Annex 1, sector-specific questionnaires",569,571,Use as source-preserved sector-specific instrument; do not label as validated.
sec_health_services_general,Centros sanitarios — Servicios generales,final_2015_annex1_unvalidated,sector_specific_questionnaire,Centros sanitarios,Servicios generales,GESTION DE RESIDUOS,73,73,SEC-HEALTH-SERVICES-GENERAL-F2015-073,¿El almacenamiento máximo es de 72 horas o una semana si el almacén dispone de sistemas de refrigeración adecuado?,yes_no_not_applicable,binary_yes_no_na,binary_yes_no_na,not_validated_insufficient_sector_sample,"Aguilar Elena doctoral thesis (2015), Annex 1, sector-specific questionnaires",572,574,Use as source-preserved sector-specific instrument; do not label as validated.
sec_health_maintenance,Centros sanitarios — Mantenimiento,final_2015_annex1_unvalidated,sector_specific_questionnaire,Centros sanitarios,Mantenimiento,CONDICIONES GENERALE EN TRABAJOS DE MANTENIMIENTO,1,1,SEC-HEALTH-MAINTENANCE-F2015-001,"¿Está prohibido comer, beber o fumar mientras se realizan las tareas de mantenimiento?",yes_no_not_applicable,binary_yes_no_na,binary_yes_no_na,not_validated_insufficient_sector_sample,"Aguilar Elena doctoral thesis (2015), Annex 1, sector-specific questionnaires",593,594,Use as source-preserved sector-specific instrument; do not label as validated.
sec_health_maintenance,Centros sanitarios — Mantenimiento,final_2015_annex1_unvalidated,sector_specific_questionnaire,Centros sanitarios,Mantenimiento,CONDICIONES GENERALE EN TRABAJOS DE MANTENIMIENTO,2,2,SEC-HEALTH-MAINTENANCE-F2015-002,"¿Se lavan las manos antes de ir a comer y antes de beber, fumar,...?",yes_no_not_applicable,binary_yes_no_na,binary_yes_no_na,not_validated_insufficient_sector_sample,"Aguilar Elena doctoral thesis (2015), Annex 1, sector-specific questionnaires",595,596,Use as source-preserved sector-specific instrument; do not label as validated.
sec_health_maintenance,Centros sanitarios — Mantenimiento,final_2015_annex1_unvalidated,sector_specific_questionnaire,Centros sanitarios,Mantenimiento,CONDICIONES GENERALE EN TRABAJOS DE MANTENIMIENTO,3,3,SEC-HEALTH-MAINTENANCE-F2015-003,¿Tienen un vestuario adecuado con duchas de agua caliente y fría?,yes_no_not_applicable,binary_yes_no_na,binary_yes_no_na,not_validated_insufficient_sector_sample,"Aguilar Elena doctoral thesis (2015), Annex 1, sector-specific questionnaires",597,598,Use as source-preserved sector-specific instrument; do not label as validated.
sec_health_maintenance,Centros sanitarios — Mantenimiento,final_2015_annex1_unvalidated,sector_specific_questionnaire,Centros sanitarios,Mantenimiento,CONDICIONES GENERALE EN TRABAJOS DE MANTENIMIENTO,4,4,SEC-HEALTH-MAINTENANCE-F2015-004,"¿Tienen 10 minutos para cambiarse de ropa y lavarse, antes y después de la jornada laboral?",yes_no_not_applicable,binary_yes_no_na,binary_yes_no_na,not_validated_insufficient_sector_sample,"Aguilar Elena doctoral thesis (2015), Annex 1, sector-specific questionnaires",599,600,Use as source-preserved sector-specific instrument; do not label as validated.
sec_health_maintenance,Centros sanitarios — Mantenimiento,final_2015_annex1_unvalidated,sector_specific_questionnaire,Centros sanitarios,Mantenimiento,CONDICIONES GENERALE EN TRABAJOS DE MANTENIMIENTO,5,5,SEC-HEALTH-MAINTENANCE-F2015-005,"¿Se duchan después de la jornada de trabajo, antes de volver a casa?",yes_no_not_applicable,binary_yes_no_na,binary_yes_no_na,not_validated_insufficient_sector_sample,"Aguilar Elena doctoral thesis (2015), Annex 1, sector-specific questionnaires",601,602,Use as source-preserved sector-specific instrument; do not label as validated.
sec_health_maintenance,Centros sanitarios — Mantenimiento,final_2015_annex1_unvalidated,sector_specific_questionnaire,Centros sanitarios,Mantenimiento,CONDICIONES GENERALE EN TRABAJOS DE MANTENIMIENTO,6,6,SEC-HEALTH-MAINTENANCE-F2015-006,¿Disponen de jabón antibacteriano?,yes_no_not_applicable,binary_yes_no_na,binary_yes_no_na,not_validated_insufficient_sector_sample,"Aguilar Elena doctoral thesis (2015), Annex 1, sector-specific questionnaires",603,604,Use as source-preserved sector-specific instrument; do not label as validated.
sec_health_maintenance,Centros sanitarios — Mantenimiento,final_2015_annex1_unvalidated,sector_specific_questionnaire,Centros sanitarios,Mantenimiento,CONDICIONES GENERALE EN TRABAJOS DE MANTENIMIENTO,7,7,SEC-HEALTH-MAINTENANCE-F2015-007,¿Están informados de los riesgos a los que se exponen cuando acceden a un área para realizar algún trabajo?,yes_no_not_applicable,binary_yes_no_na,binary_yes_no_na,not_validated_insufficient_sector_sample,"Aguilar Elena doctoral thesis (2015), Annex 1, sector-specific questionnaires",605,607,Use as source-preserved sector-specific instrument; do not label as validated.
sec_health_maintenance,Centros sanitarios — Mantenimiento,final_2015_annex1_unvalidated,sector_specific_questionnaire,Centros sanitarios,Mantenimiento,CONDICIONES GENERALE EN TRABAJOS DE MANTENIMIENTO,8,8,SEC-HEALTH-MAINTENANCE-F2015-008,"¿La ropa de trabajo no se puede llevar a casa para su lavado, del lavado de esta ropa se encarga el empresario?",yes_no_not_applicable,binary_yes_no_na,binary_yes_no_na,not_validated_insufficient_sector_sample,"Aguilar Elena doctoral thesis (2015), Annex 1, sector-specific questionnaires",608,610,Use as source-preserved sector-specific instrument; do not label as validated.
sec_health_maintenance,Centros sanitarios — Mantenimiento,final_2015_annex1_unvalidated,sector_specific_questionnaire,Centros sanitarios,Mantenimiento,CONDICIONES GENERALE EN TRABAJOS DE MANTENIMIENTO,9,9,SEC-HEALTH-MAINTENANCE-F2015-009,¿Tienen un vestuario adecuado con taquillas dobles para evitar que la ropa de trabajo se mezcle la ropa de trabajo con la ropa de calle?.,yes_no_not_applicable,binary_yes_no_na,binary_yes_no_na,not_validated_insufficient_sector_sample,"Aguilar Elena doctoral thesis (2015), Annex 1, sector-specific questionnaires",611,613,Use as source-preserved sector-specific instrument; do not label as validated.
sec_health_maintenance,Centros sanitarios — Mantenimiento,final_2015_annex1_unvalidated,sector_specific_questionnaire,Centros sanitarios,Mantenimiento,CONDICIONES GENERALE EN TRABAJOS DE MANTENIMIENTO,10,10,SEC-HEALTH-MAINTENANCE-F2015-010,¿Las heridas ocasionadas en el transcurso de las tareas se curan de inmediato?,yes_no_not_applicable,binary_yes_no_na,binary_yes_no_na,not_validated_insufficient_sector_sample,"Aguilar Elena doctoral thesis (2015), Annex 1, sector-specific questionnaires",614,615,Use as source-preserved sector-specific instrument; do not label as validated.
sec_health_maintenance,Centros sanitarios — Mantenimiento,final_2015_annex1_unvalidated,sector_specific_questionnaire,Centros sanitarios,Mantenimiento,CONDICIONES GENERALE EN TRABAJOS DE MANTENIMIENTO,11,11,SEC-HEALTH-MAINTENANCE-F2015-011,¿Antes de efectuar cualquier trabajo de mantenimiento deberá hacerse una valoración del riesgo y adoptar la protección adecuada del mismo?,yes_no_not_applicable,binary_yes_no_na,binary_yes_no_na,not_validated_insufficient_sector_sample,"Aguilar Elena doctoral thesis (2015), Annex 1, sector-specific questionnaires",616,618,Use as source-preserved sector-specific instrument; do not label as validated.
sec_health_maintenance,Centros sanitarios — Mantenimiento,final_2015_annex1_unvalidated,sector_specific_questionnaire,Centros sanitarios,Mantenimiento,CONDICIONES GENERALE EN TRABAJOS DE MANTENIMIENTO,12,12,SEC-HEALTH-MAINTENANCE-F2015-012,"¿Las herramientas de trabajo que puedan estar en contacto con material susceptible de estar contaminado, se desinfectan adecuadamente?",yes_no_not_applicable,binary_yes_no_na,binary_yes_no_na,not_validated_insufficient_sector_sample,"Aguilar Elena doctoral thesis (2015), Annex 1, sector-specific questionnaires",619,621,Use as source-preserved sector-specific instrument; do not label as validated.
sec_health_maintenance,Centros sanitarios — Mantenimiento,final_2015_annex1_unvalidated,sector_specific_questionnaire,Centros sanitarios,Mantenimiento,CONDICIONES GENERALE EN TRABAJOS DE MANTENIMIENTO,13,13,SEC-HEALTH-MAINTENANCE-F2015-013,"¿Se usan guantes de protección al corte en aquellos trabajos que puedan producirse cortes o cuando exista la posibilidad de encontrar agujas, etc¿",yes_no_not_applicable,binary_yes_no_na,binary_yes_no_na,not_validated_insufficient_sector_sample,"Aguilar Elena doctoral thesis (2015), Annex 1, sector-specific questionnaires",622,624,Use as source-preserved sector-specific instrument; do not label as validated.
sec_health_maintenance,Centros sanitarios — Mantenimiento,final_2015_annex1_unvalidated,sector_specific_questionnaire,Centros sanitarios,Mantenimiento,CONDICIONES GENERALE EN TRABAJOS DE MANTENIMIENTO,14,14,SEC-HEALTH-MAINTENANCE-F2015-014,"¿Se usan guantes de protección biológica (látex o análogo) cuando se mantiene contacto con material que pueda estar contaminado (aguas sanitarias, filtros HEPA,...)?",yes_no_not_applicable,binary_yes_no_na,binary_yes_no_na,not_validated_insufficient_sector_sample,"Aguilar Elena doctoral thesis (2015), Annex 1, sector-specific questionnaires",625,627,Use as source-preserved sector-specific instrument; do not label as validated.
sec_health_maintenance,Centros sanitarios — Mantenimiento,final_2015_annex1_unvalidated,sector_specific_questionnaire,Centros sanitarios,Mantenimiento,CONDICIONES GENERALE EN TRABAJOS DE MANTENIMIENTO,15,15,SEC-HEALTH-MAINTENANCE-F2015-015,¿Se usan pantallas cuando se prevea que pueden producirse salpicaduras o protección de material contaminado?,yes_no_not_applicable,binary_yes_no_na,binary_yes_no_na,not_validated_insufficient_sector_sample,"Aguilar Elena doctoral thesis (2015), Annex 1, sector-specific questionnaires",628,630,Use as source-preserved sector-specific instrument; do not label as validated.
sec_health_maintenance,Centros sanitarios — Mantenimiento,final_2015_annex1_unvalidated,sector_specific_questionnaire,Centros sanitarios,Mantenimiento,CONDICIONES GENERALE EN TRABAJOS DE MANTENIMIENTO,16,16,SEC-HEALTH-MAINTENANCE-F2015-016,¿Se usan mascarillas cuando se prevé la formación de aerosoles y siempre que se proceda a realizar revisiones y/o reparaciones en sistemas de aire acondicionado?,yes_no_not_applicable,binary_yes_no_na,binary_yes_no_na,not_validated_insufficient_sector_sample,"Aguilar Elena doctoral thesis (2015), Annex 1, sector-specific questionnaires",631,633,Use as source-preserved sector-specific instrument; do not label as validated.
sec_health_maintenance,Centros sanitarios — Mantenimiento,final_2015_annex1_unvalidated,sector_specific_questionnaire,Centros sanitarios,Mantenimiento,CONDICIONES GENERALE EN TRABAJOS DE MANTENIMIENTO,17,17,SEC-HEALTH-MAINTENANCE-F2015-017,¿Los equipos de protección personal se lavan y desinfectan antes de guardarlos?,yes_no_not_applicable,binary_yes_no_na,binary_yes_no_na,not_validated_insufficient_sector_sample,"Aguilar Elena doctoral thesis (2015), Annex 1, sector-specific questionnaires",634,635,Use as source-preserved sector-specific instrument; do not label as validated.
sec_health_maintenance,Centros sanitarios — Mantenimiento,final_2015_annex1_unvalidated,sector_specific_questionnaire,Centros sanitarios,Mantenimiento,CONDICIONES GENERALE EN TRABAJOS DE MANTENIMIENTO,18,18,SEC-HEALTH-MAINTENANCE-F2015-018,¿Se ha impartido formación respecto al riesgo biológico que pueden suponer determinadas tareas?,yes_no_not_applicable,binary_yes_no_na,binary_yes_no_na,not_validated_insufficient_sector_sample,"Aguilar Elena doctoral thesis (2015), Annex 1, sector-specific questionnaires",636,638,Use as source-preserved sector-specific instrument; do not label as validated.
sec_health_maintenance,Centros sanitarios — Mantenimiento,final_2015_annex1_unvalidated,sector_specific_questionnaire,Centros sanitarios,Mantenimiento,CONDICIONES GENERALE EN TRABAJOS DE MANTENIMIENTO,19,19,SEC-HEALTH-MAINTENANCE-F2015-019,¿Hay manuales o protocolos que definen como se realizan las tareas que implican riesgo biológico?,yes_no_not_applicable,binary_yes_no_na,binary_yes_no_na,not_validated_insufficient_sector_sample,"Aguilar Elena doctoral thesis (2015), Annex 1, sector-specific questionnaires",639,641,Use as source-preserved sector-specific instrument; do not label as validated.
sec_health_hygiene,Centros sanitarios — Realización de higienes,final_2015_annex1_unvalidated,sector_specific_questionnaire,Centros sanitarios,Realización de higienes,CONDICIONES GENERALES EN LA REALIZACIÓN DE HIGIENES,1,1,SEC-HEALTH-HYGIENE-F2015-001,"¿Las zonas de contención y las áreas de aislamiento (habitaciones especiales) son de acceso limitado?. Y cuando se realicen limpiezas a pacientes de estas áreas ¿se extreman las precauciones, manteniéndose las recomendaciones necesarias para cada tipo de aislamiento? Además el personal que accede a estas zonas tiene que estar especialmente informado y entrenado.",yes_no_not_applicable,binary_yes_no_na,binary_yes_no_na,not_validated_insufficient_sector_sample,"Aguilar Elena doctoral thesis (2015), Annex 1, sector-specific questionnaires",660,665,Use as source-preserved sector-specific instrument; do not label as validated.
sec_health_hygiene,Centros sanitarios — Realización de higienes,final_2015_annex1_unvalidated,sector_specific_questionnaire,Centros sanitarios,Realización de higienes,CONDICIONES GENERALES EN LA REALIZACIÓN DE HIGIENES,2,2,SEC-HEALTH-HYGIENE-F2015-002,"¿Se cumple el protocolo para la manipulación de los pacientes de riesgo especial y/o para la manipulación del material biológico procedente de los mismos (ropa del enfermo, ropa de cama)?",yes_no_not_applicable,binary_yes_no_na,binary_yes_no_na,not_validated_insufficient_sector_sample,"Aguilar Elena doctoral thesis (2015), Annex 1, sector-specific questionnaires",666,668,Use as source-preserved sector-specific instrument; do not label as validated.
sec_health_hygiene,Centros sanitarios — Realización de higienes,final_2015_annex1_unvalidated,sector_specific_questionnaire,Centros sanitarios,Realización de higienes,CONDICIONES GENERALES EN LA REALIZACIÓN DE HIGIENES,3,3,SEC-HEALTH-HYGIENE-F2015-003,"¿Los procedimientos de trabajo incluyen información sobre los riesgos de los productos, las operaciones, las medidas de seguridad y la protección a aplicar?",yes_no_not_applicable,binary_yes_no_na,binary_yes_no_na,not_validated_insufficient_sector_sample,"Aguilar Elena doctoral thesis (2015), Annex 1, sector-specific questionnaires",669,671,Use as source-preserved sector-specific instrument; do not label as validated.
sec_health_hygiene,Centros sanitarios — Realización de higienes,final_2015_annex1_unvalidated,sector_specific_questionnaire,Centros sanitarios,Realización de higienes,CONDICIONES GENERALES EN LA REALIZACIÓN DE HIGIENES,4,4,SEC-HEALTH-HYGIENE-F2015-004,¿Los trabajadores tienen y usan equipos de protección individual con el de marcado CE?.,yes_no_not_applicable,binary_yes_no_na,binary_yes_no_na,not_validated_insufficient_sector_sample,"Aguilar Elena doctoral thesis (2015), Annex 1, sector-specific questionnaires",672,673,Use as source-preserved sector-specific instrument; do not label as validated.
sec_health_hygiene,Centros sanitarios — Realización de higienes,final_2015_annex1_unvalidated,sector_specific_questionnaire,Centros sanitarios,Realización de higienes,CONDICIONES GENERALES EN LA REALIZACIÓN DE HIGIENES,5,5,SEC-HEALTH-HYGIENE-F2015-005,¿Los trabajadores tienen ropa de trabajo adecuada preferentemente de manga larga?,yes_no_not_applicable,binary_yes_no_na,binary_yes_no_na,not_validated_insufficient_sector_sample,"Aguilar Elena doctoral thesis (2015), Annex 1, sector-specific questionnaires",674,675,Use as source-preserved sector-specific instrument; do not label as validated.
sec_health_hygiene,Centros sanitarios — Realización de higienes,final_2015_annex1_unvalidated,sector_specific_questionnaire,Centros sanitarios,Realización de higienes,CONDICIONES GENERALES EN LA REALIZACIÓN DE HIGIENES,6,6,SEC-HEALTH-HYGIENE-F2015-006,¿Hay control y reposición de los equipos de protección individual y tienen un lugar para su almacenamiento?.,yes_no_not_applicable,binary_yes_no_na,binary_yes_no_na,not_validated_insufficient_sector_sample,"Aguilar Elena doctoral thesis (2015), Annex 1, sector-specific questionnaires",676,678,Use as source-preserved sector-specific instrument; do not label as validated.
sec_health_hygiene,Centros sanitarios — Realización de higienes,final_2015_annex1_unvalidated,sector_specific_questionnaire,Centros sanitarios,Realización de higienes,CONDICIONES GENERALES EN LA REALIZACIÓN DE HIGIENES,7,7,SEC-HEALTH-HYGIENE-F2015-007,¿Cada empleado se ocupa de la retirada o limpieza del material que utiliza y que podría estar contaminado?.,yes_no_not_applicable,binary_yes_no_na,binary_yes_no_na,not_validated_insufficient_sector_sample,"Aguilar Elena doctoral thesis (2015), Annex 1, sector-specific questionnaires",679,681,Use as source-preserved sector-specific instrument; do not label as validated.
sec_health_hygiene,Centros sanitarios — Realización de higienes,final_2015_annex1_unvalidated,sector_specific_questionnaire,Centros sanitarios,Realización de higienes,CONDICIONES GENERALES EN LA REALIZACIÓN DE HIGIENES,8,8,SEC-HEALTH-HYGIENE-F2015-008,¿Se cambia de guantes tras el contacto con cada paciente y siempre que se rompan?,yes_no_not_applicable,binary_yes_no_na,binary_yes_no_na,not_validated_insufficient_sector_sample,"Aguilar Elena doctoral thesis (2015), Annex 1, sector-specific questionnaires",682,683,Use as source-preserved sector-specific instrument; do not label as validated.
sec_health_hygiene,Centros sanitarios — Realización de higienes,final_2015_annex1_unvalidated,sector_specific_questionnaire,Centros sanitarios,Realización de higienes,CONDICIONES GENERALES EN LA REALIZACIÓN DE HIGIENES,9,9,SEC-HEALTH-HYGIENE-F2015-009,¿Después de atender a cada paciente se procede al lavado cuidadoso de las manos?,yes_no_not_applicable,binary_yes_no_na,binary_yes_no_na,not_validated_insufficient_sector_sample,"Aguilar Elena doctoral thesis (2015), Annex 1, sector-specific questionnaires",684,685,Use as source-preserved sector-specific instrument; do not label as validated.
sec_health_hygiene,Centros sanitarios — Realización de higienes,final_2015_annex1_unvalidated,sector_specific_questionnaire,Centros sanitarios,Realización de higienes,CONDICIONES GENERALES EN LA REALIZACIÓN DE HIGIENES,10,10,SEC-HEALTH-HYGIENE-F2015-010,"¿Se dispone de la posibilidad del cambio frecuente de guantes, principalmente cuando se vaya pasando de una tarea a otra (después de lavar al enfermo antes de empezar a vestirlo, al hacer la cama, etc)?.",yes_no_not_applicable,binary_yes_no_na,binary_yes_no_na,not_validated_insufficient_sector_sample,"Aguilar Elena doctoral thesis (2015), Annex 1, sector-specific questionnaires",686,689,Use as source-preserved sector-specific instrument; do not label as validated.
sec_health_hygiene,Centros sanitarios — Realización de higienes,final_2015_annex1_unvalidated,sector_specific_questionnaire,Centros sanitarios,Realización de higienes,CONDICIONES GENERALES EN LA REALIZACIÓN DE HIGIENES,11,11,SEC-HEALTH-HYGIENE-F2015-011,"¿Existen normas que señalan la protección de las heridas y lesiones de las manos, antes de iniciar la actividad laboral, mediante apósito impermeable (como tiritas, por ejemplo)?.",yes_no_not_applicable,binary_yes_no_na,binary_yes_no_na,not_validated_insufficient_sector_sample,"Aguilar Elena doctoral thesis (2015), Annex 1, sector-specific questionnaires",690,692,Use as source-preserved sector-specific instrument; do not label as validated.
sec_health_hygiene,Centros sanitarios — Realización de higienes,final_2015_annex1_unvalidated,sector_specific_questionnaire,Centros sanitarios,Realización de higienes,CONDICIONES GENERALES EN LA REALIZACIÓN DE HIGIENES,12,12,SEC-HEALTH-HYGIENE-F2015-012,¿Se limita el trabajo directo con pacientes y/o manejo de equipos contaminados al personal sanitario con lesiones cutáneas que no se pueden cubrir (sobre todo si son exudativas o supurantes)?,yes_no_not_applicable,binary_yes_no_na,binary_yes_no_na,not_validated_insufficient_sector_sample,"Aguilar Elena doctoral thesis (2015), Annex 1, sector-specific questionnaires",693,695,Use as source-preserved sector-specific instrument; do not label as validated.
sec_health_hygiene,Centros sanitarios — Realización de higienes,final_2015_annex1_unvalidated,sector_specific_questionnaire,Centros sanitarios,Realización de higienes,CONDICIONES GENERALES EN LA REALIZACIÓN DE HIGIENES,13,13,SEC-HEALTH-HYGIENE-F2015-013,"¿Se usan siempre los guantes, y sobre todo cuando hay presencia de heridas o lesiones cutáneas?",yes_no_not_applicable,binary_yes_no_na,binary_yes_no_na,not_validated_insufficient_sector_sample,"Aguilar Elena doctoral thesis (2015), Annex 1, sector-specific questionnaires",696,698,Use as source-preserved sector-specific instrument; do not label as validated.
sec_health_hygiene,Centros sanitarios — Realización de higienes,final_2015_annex1_unvalidated,sector_specific_questionnaire,Centros sanitarios,Realización de higienes,CONDICIONES GENERALES EN LA REALIZACIÓN DE HIGIENES,14,14,SEC-HEALTH-HYGIENE-F2015-014,¿Se usan siempre los guantes al entrar en contacto con la piel no intacta o mucosas de un paciente?,yes_no_not_applicable,binary_yes_no_na,binary_yes_no_na,not_validated_insufficient_sector_sample,"Aguilar Elena doctoral thesis (2015), Annex 1, sector-specific questionnaires",699,701,Use as source-preserved sector-specific instrument; do not label as validated.
sec_health_hygiene,Centros sanitarios — Realización de higienes,final_2015_annex1_unvalidated,sector_specific_questionnaire,Centros sanitarios,Realización de higienes,CONDICIONES GENERALES EN LA REALIZACIÓN DE HIGIENES,15,15,SEC-HEALTH-HYGIENE-F2015-015,"¿Se usan siempre los guantes en la manipulación de ropa, materia o superficies contaminadas con fluidos biológicos?",yes_no_not_applicable,binary_yes_no_na,binary_yes_no_na,not_validated_insufficient_sector_sample,"Aguilar Elena doctoral thesis (2015), Annex 1, sector-specific questionnaires",702,703,Use as source-preserved sector-specific instrument; do not label as validated.
sec_health_hygiene,Centros sanitarios — Realización de higienes,final_2015_annex1_unvalidated,sector_specific_questionnaire,Centros sanitarios,Realización de higienes,CONDICIONES GENERALES EN LA REALIZACIÓN DE HIGIENES,16,16,SEC-HEALTH-HYGIENE-F2015-016,"Respecto al lavado de manos, ¿hay procedimiento escrito, se dispone de jabón desinfectante y de toallas desechables?",yes_no_not_applicable,binary_yes_no_na,binary_yes_no_na,not_validated_insufficient_sector_sample,"Aguilar Elena doctoral thesis (2015), Annex 1, sector-specific questionnaires",704,705,Use as source-preserved sector-specific instrument; do not label as validated.
sec_health_hygiene,Centros sanitarios — Realización de higienes,final_2015_annex1_unvalidated,sector_specific_questionnaire,Centros sanitarios,Realización de higienes,CONDICIONES GENERALES EN LA REALIZACIÓN DE HIGIENES,17,17,SEC-HEALTH-HYGIENE-F2015-017,"¿Hay normas que prohíben comer, beber, fumar, maquillarse, manipular lentillas en áreas de trabajo?",yes_no_not_applicable,binary_yes_no_na,binary_yes_no_na,not_validated_insufficient_sector_sample,"Aguilar Elena doctoral thesis (2015), Annex 1, sector-specific questionnaires",706,707,Use as source-preserved sector-specific instrument; do not label as validated.
sec_health_hygiene,Centros sanitarios — Realización de higienes,final_2015_annex1_unvalidated,sector_specific_questionnaire,Centros sanitarios,Realización de higienes,CONDICIONES GENERALES EN LA REALIZACIÓN DE HIGIENES,18,18,SEC-HEALTH-HYGIENE-F2015-018,¿El calzado que se utiliza es adecuado a las tareas que realizan (calzado impermeable que impida que se mojen los pies y los calcetines) o utilizar polainas u otros sistemas que realicen la misma función?,yes_no_not_applicable,binary_yes_no_na,binary_yes_no_na,not_validated_insufficient_sector_sample,"Aguilar Elena doctoral thesis (2015), Annex 1, sector-specific questionnaires",708,711,Use as source-preserved sector-specific instrument; do not label as validated.
sec_health_hygiene,Centros sanitarios — Realización de higienes,final_2015_annex1_unvalidated,sector_specific_questionnaire,Centros sanitarios,Realización de higienes,CONDICIONES GENERALES EN LA REALIZACIÓN DE HIGIENES,19,19,SEC-HEALTH-HYGIENE-F2015-019,"¿Se procede al lavado de manos, y de otras superficies, cuando hayan entrado en contacto con sangre u otros fluidos después de quitarse los guantes?",yes_no_not_applicable,binary_yes_no_na,binary_yes_no_na,not_validated_insufficient_sector_sample,"Aguilar Elena doctoral thesis (2015), Annex 1, sector-specific questionnaires",712,714,Use as source-preserved sector-specific instrument; do not label as validated.
sec_health_hygiene,Centros sanitarios — Realización de higienes,final_2015_annex1_unvalidated,sector_specific_questionnaire,Centros sanitarios,Realización de higienes,CONDICIONES GENERALES EN LA REALIZACIÓN DE HIGIENES,20,20,SEC-HEALTH-HYGIENE-F2015-020,¿Los trabajadores usan gafas de protección y/o pantallas de protección para evitar salpicaduras de líquidos a los ojos o a las mucosas?,yes_no_not_applicable,binary_yes_no_na,binary_yes_no_na,not_validated_insufficient_sector_sample,"Aguilar Elena doctoral thesis (2015), Annex 1, sector-specific questionnaires",715,717,Use as source-preserved sector-specific instrument; do not label as validated.
sec_health_clinical,Centros sanitarios — Personal sanitario,final_2015_annex1_unvalidated,sector_specific_questionnaire,Centros sanitarios,Personal sanitario,CONDICIONES GENERALES DE LOS LUGARES DE TRABAJO,1,1,SEC-HEALTH-CLINICAL-F2015-001,"¿Las superficies del área de trabajo son impermeables al agua y de fácil limpieza (encimeras, suelos, paredes, techos)?",yes_no_not_applicable,binary_yes_no_na,binary_yes_no_na,not_validated_insufficient_sector_sample,"Aguilar Elena doctoral thesis (2015), Annex 1, sector-specific questionnaires",733,734,Use as source-preserved sector-specific instrument; do not label as validated.
sec_health_clinical,Centros sanitarios — Personal sanitario,final_2015_annex1_unvalidated,sector_specific_questionnaire,Centros sanitarios,Personal sanitario,CONDICIONES GENERALES DE LOS LUGARES DE TRABAJO,2,2,SEC-HEALTH-CLINICAL-F2015-002,¿Las puertas están construidas con materiales inalterables?,yes_no_not_applicable,binary_yes_no_na,binary_yes_no_na,not_validated_insufficient_sector_sample,"Aguilar Elena doctoral thesis (2015), Annex 1, sector-specific questionnaires",735,735,Use as source-preserved sector-specific instrument; do not label as validated.
sec_health_clinical,Centros sanitarios — Personal sanitario,final_2015_annex1_unvalidated,sector_specific_questionnaire,Centros sanitarios,Personal sanitario,CONDICIONES GENERALES DE LOS LUGARES DE TRABAJO,3,3,SEC-HEALTH-CLINICAL-F2015-003,"¿Se dispone de un número adecuado de vestuarios dotados de lavabos, de duchas y de evacuatorios con agua corriente?",yes_no_not_applicable,binary_yes_no_na,binary_yes_no_na,not_validated_insufficient_sector_sample,"Aguilar Elena doctoral thesis (2015), Annex 1, sector-specific questionnaires",736,737,Use as source-preserved sector-specific instrument; do not label as validated.
sec_health_clinical,Centros sanitarios — Personal sanitario,final_2015_annex1_unvalidated,sector_specific_questionnaire,Centros sanitarios,Personal sanitario,CONDICIONES GENERALES DE LOS LUGARES DE TRABAJO,4,4,SEC-HEALTH-CLINICAL-F2015-004,En los cuartos vestuarios o de aseo ¿hay duchas con servicio de agua caliente y fría?,yes_no_not_applicable,binary_yes_no_na,binary_yes_no_na,not_validated_insufficient_sector_sample,"Aguilar Elena doctoral thesis (2015), Annex 1, sector-specific questionnaires",738,738,Use as source-preserved sector-specific instrument; do not label as validated.
sec_health_clinical,Centros sanitarios — Personal sanitario,final_2015_annex1_unvalidated,sector_specific_questionnaire,Centros sanitarios,Personal sanitario,CONDICIONES GENERALES DE LOS LUGARES DE TRABAJO,5,5,SEC-HEALTH-CLINICAL-F2015-005,¿Las duchas están aisladas en cabinas o compartimentos individuales?,yes_no_not_applicable,binary_yes_no_na,binary_yes_no_na,not_validated_insufficient_sector_sample,"Aguilar Elena doctoral thesis (2015), Annex 1, sector-specific questionnaires",739,739,Use as source-preserved sector-specific instrument; do not label as validated.
sec_health_clinical,Centros sanitarios — Personal sanitario,final_2015_annex1_unvalidated,sector_specific_questionnaire,Centros sanitarios,Personal sanitario,CONDICIONES GENERALES DE LOS LUGARES DE TRABAJO,6,6,SEC-HEALTH-CLINICAL-F2015-006,¿Los retretes son con descarga automática de agua corriente y están separados en cabinas aisladas?,yes_no_not_applicable,binary_yes_no_na,binary_yes_no_na,not_validated_insufficient_sector_sample,"Aguilar Elena doctoral thesis (2015), Annex 1, sector-specific questionnaires",740,741,Use as source-preserved sector-specific instrument; do not label as validated.
sec_health_clinical,Centros sanitarios — Personal sanitario,final_2015_annex1_unvalidated,sector_specific_questionnaire,Centros sanitarios,Personal sanitario,CONDICIONES GENERALES DE LOS LUGARES DE TRABAJO,7,7,SEC-HEALTH-CLINICAL-F2015-007,¿Hay jabón desinfectante en lavabos y duchas?,yes_no_not_applicable,binary_yes_no_na,binary_yes_no_na,not_validated_insufficient_sector_sample,"Aguilar Elena doctoral thesis (2015), Annex 1, sector-specific questionnaires",742,742,Use as source-preserved sector-specific instrument; do not label as validated.
sec_health_clinical,Centros sanitarios — Personal sanitario,final_2015_annex1_unvalidated,sector_specific_questionnaire,Centros sanitarios,Personal sanitario,CONDICIONES GENERALES DE LOS LUGARES DE TRABAJO,8,8,SEC-HEALTH-CLINICAL-F2015-008,¿Los retretes están separados de los vestuarios o de las áreas de trabajo por un local o zona intermedia de paso?,yes_no_not_applicable,binary_yes_no_na,binary_yes_no_na,not_validated_insufficient_sector_sample,"Aguilar Elena doctoral thesis (2015), Annex 1, sector-specific questionnaires",743,744,Use as source-preserved sector-specific instrument; do not label as validated.
sec_health_clinical,Centros sanitarios — Personal sanitario,final_2015_annex1_unvalidated,sector_specific_questionnaire,Centros sanitarios,Personal sanitario,CONDICIONES GENERALES DE LOS LUGARES DE TRABAJO,9,9,SEC-HEALTH-CLINICAL-F2015-009,¿Los retretes tienen acceso sencillo e inmediato?,yes_no_not_applicable,binary_yes_no_na,binary_yes_no_na,not_validated_insufficient_sector_sample,"Aguilar Elena doctoral thesis (2015), Annex 1, sector-specific questionnaires",745,745,Use as source-preserved sector-specific instrument; do not label as validated.
sec_health_clinical,Centros sanitarios — Personal sanitario,final_2015_annex1_unvalidated,sector_specific_questionnaire,Centros sanitarios,Personal sanitario,CONDICIONES GENERALES DE LOS LUGARES DE TRABAJO,10,10,SEC-HEALTH-CLINICAL-F2015-010,¿Los trabajadores tienen suficientes áreas de descanso?,yes_no_not_applicable,binary_yes_no_na,binary_yes_no_na,not_validated_insufficient_sector_sample,"Aguilar Elena doctoral thesis (2015), Annex 1, sector-specific questionnaires",746,746,Use as source-preserved sector-specific instrument; do not label as validated.
sec_health_clinical,Centros sanitarios — Personal sanitario,final_2015_annex1_unvalidated,sector_specific_questionnaire,Centros sanitarios,Personal sanitario,CONDICIONES GENERALES DE LOS LUGARES DE TRABAJO,11,11,SEC-HEALTH-CLINICAL-F2015-011,¿En el centro existen habitaciones de aislamientos adecuadas para pacientes con enfermedades del grupo de riesgo 3 y 4?,yes_no_not_applicable,binary_yes_no_na,binary_yes_no_na,not_validated_insufficient_sector_sample,"Aguilar Elena doctoral thesis (2015), Annex 1, sector-specific questionnaires",747,748,Use as source-preserved sector-specific instrument; do not label as validated.
sec_health_clinical,Centros sanitarios — Personal sanitario,final_2015_annex1_unvalidated,sector_specific_questionnaire,Centros sanitarios,Personal sanitario,CONDICIONES GENERALES DE LOS LUGARES DE TRABAJO,12,12,SEC-HEALTH-CLINICAL-F2015-012,¿En las zonas de contención 3 y 4 (habitaciones de aislamiento) el acceso está limitado al personal designado?,yes_no_not_applicable,binary_yes_no_na,binary_yes_no_na,not_validated_insufficient_sector_sample,"Aguilar Elena doctoral thesis (2015), Annex 1, sector-specific questionnaires",749,750,Use as source-preserved sector-specific instrument; do not label as validated.
sec_health_clinical,Centros sanitarios — Personal sanitario,final_2015_annex1_unvalidated,sector_specific_questionnaire,Centros sanitarios,Personal sanitario,CONDICIONES GENERALES DE LOS LUGARES DE TRABAJO,13,13,SEC-HEALTH-CLINICAL-F2015-013,"¿El diseño del área de trabajo permite, en caso que sea necesario, ser precintada para su desinfección?",yes_no_not_applicable,binary_yes_no_na,binary_yes_no_na,not_validated_insufficient_sector_sample,"Aguilar Elena doctoral thesis (2015), Annex 1, sector-specific questionnaires",751,752,Use as source-preserved sector-specific instrument; do not label as validated.
sec_health_clinical,Centros sanitarios — Personal sanitario,final_2015_annex1_unvalidated,sector_specific_questionnaire,Centros sanitarios,Personal sanitario,CONDICIONES GENERALES DE LOS LUGARES DE TRABAJO,14,14,SEC-HEALTH-CLINICAL-F2015-014,"¿Los lavabos, para uso del personal del centro, preferiblemente será accionable con el codo o con el pie?",yes_no_not_applicable,binary_yes_no_na,binary_yes_no_na,not_validated_insufficient_sector_sample,"Aguilar Elena doctoral thesis (2015), Annex 1, sector-specific questionnaires",753,754,Use as source-preserved sector-specific instrument; do not label as validated.
sec_health_clinical,Centros sanitarios — Personal sanitario,final_2015_annex1_unvalidated,sector_specific_questionnaire,Centros sanitarios,Personal sanitario,CONDICIONES GENERALES DE LOS LUGARES DE TRABAJO,15,15,SEC-HEALTH-CLINICAL-F2015-015,¿Existen lavaojos por todo el centro de trabajo?,yes_no_not_applicable,binary_yes_no_na,binary_yes_no_na,not_validated_insufficient_sector_sample,"Aguilar Elena doctoral thesis (2015), Annex 1, sector-specific questionnaires",755,755,Use as source-preserved sector-specific instrument; do not label as validated.
sec_health_clinical,Centros sanitarios — Personal sanitario,final_2015_annex1_unvalidated,sector_specific_questionnaire,Centros sanitarios,Personal sanitario,CONDICIONES GENERALES DE LOS LUGARES DE TRABAJO,16,16,SEC-HEALTH-CLINICAL-F2015-016,¿Los lavaojos están señalizados e identificados?,yes_no_not_applicable,binary_yes_no_na,binary_yes_no_na,not_validated_insufficient_sector_sample,"Aguilar Elena doctoral thesis (2015), Annex 1, sector-specific questionnaires",756,756,Use as source-preserved sector-specific instrument; do not label as validated.
sec_health_clinical,Centros sanitarios — Personal sanitario,final_2015_annex1_unvalidated,sector_specific_questionnaire,Centros sanitarios,Personal sanitario,CONDICIONES GENERALES DE LOS LUGARES DE TRABAJO,17,17,SEC-HEALTH-CLINICAL-F2015-017,"¿El mobiliario es robusto y hay espacio suficiente, entre ellos, para facilitar la limpieza?",yes_no_not_applicable,binary_yes_no_na,binary_yes_no_na,not_validated_insufficient_sector_sample,"Aguilar Elena doctoral thesis (2015), Annex 1, sector-specific questionnaires",757,757,Use as source-preserved sector-specific instrument; do not label as validated.
sec_health_clinical,Centros sanitarios — Personal sanitario,final_2015_annex1_unvalidated,sector_specific_questionnaire,Centros sanitarios,Personal sanitario,CONDICIONES GENERALES DE LOS LUGARES DE TRABAJO,18,18,SEC-HEALTH-CLINICAL-F2015-018,"¿Se dispone en todas las áreas de material para curas, desinfectantes y antisépticos para los ojos’",yes_no_not_applicable,binary_yes_no_na,binary_yes_no_na,not_validated_insufficient_sector_sample,"Aguilar Elena doctoral thesis (2015), Annex 1, sector-specific questionnaires",758,759,Use as source-preserved sector-specific instrument; do not label as validated.
sec_health_clinical,Centros sanitarios — Personal sanitario,final_2015_annex1_unvalidated,sector_specific_questionnaire,Centros sanitarios,Personal sanitario,CONDICIONES GENERALES DE LOS LUGARES DE TRABAJO,19,19,SEC-HEALTH-CLINICAL-F2015-019,"¿Las salas de descanso son adecuadas para comer, con nevera para alimentos,…?",yes_no_not_applicable,binary_yes_no_na,binary_yes_no_na,not_validated_insufficient_sector_sample,"Aguilar Elena doctoral thesis (2015), Annex 1, sector-specific questionnaires",760,760,Use as source-preserved sector-specific instrument; do not label as validated.
sec_health_clinical,Centros sanitarios — Personal sanitario,final_2015_annex1_unvalidated,sector_specific_questionnaire,Centros sanitarios,Personal sanitario,CONDICIONES GENERALES DE LOS LUGARES DE TRABAJO,20,20,SEC-HEALTH-CLINICAL-F2015-020,"¿Existen bolsas para la ropa de lavandería, diferenciadas para la ropa posiblemente contaminada o muy sucio (que se hayan utilizado para recoger, por ejemplo, grandes cantidades de sangre o cualquier fluido biológico)?",yes_no_not_applicable,binary_yes_no_na,binary_yes_no_na,not_validated_insufficient_sector_sample,"Aguilar Elena doctoral thesis (2015), Annex 1, sector-specific questionnaires",761,763,Use as source-preserved sector-specific instrument; do not label as validated.
sec_health_clinical,Centros sanitarios — Personal sanitario,final_2015_annex1_unvalidated,sector_specific_questionnaire,Centros sanitarios,Personal sanitario,CONDICIONES GENERALES DE LOS LUGARES DE TRABAJO,21,21,SEC-HEALTH-CLINICAL-F2015-021,"¿Los laboratorios se encuentran en edificios o zonas separadas, de tal forma que está restringido el acceso?",yes_no_not_applicable,binary_yes_no_na,binary_yes_no_na,not_validated_insufficient_sector_sample,"Aguilar Elena doctoral thesis (2015), Annex 1, sector-specific questionnaires",764,765,Use as source-preserved sector-specific instrument; do not label as validated.
sec_health_clinical,Centros sanitarios — Personal sanitario,final_2015_annex1_unvalidated,sector_specific_questionnaire,Centros sanitarios,Personal sanitario,CONDICIONES GENERALES DE LOS LUGARES DE TRABAJO,22,22,SEC-HEALTH-CLINICAL-F2015-022,¿Hay vestuarios provistos de dobles taquillas u otro sistema que impida que la ropa de trabajo se mezcle con la ropa de calle?,yes_no_not_applicable,binary_yes_no_na,binary_yes_no_na,not_validated_insufficient_sector_sample,"Aguilar Elena doctoral thesis (2015), Annex 1, sector-specific questionnaires",766,767,Use as source-preserved sector-specific instrument; do not label as validated.
sec_health_clinical,Centros sanitarios — Personal sanitario,final_2015_annex1_unvalidated,sector_specific_questionnaire,Centros sanitarios,Personal sanitario,CONDICIONES GENERALES DE LOS EQUIPOS DE TRABAJO,23,23,SEC-HEALTH-CLINICAL-F2015-023,¿Se realizan limpiezas periódicas del sistema de ventilación y climatización de las instalaciones?,yes_no_not_applicable,binary_yes_no_na,binary_yes_no_na,not_validated_insufficient_sector_sample,"Aguilar Elena doctoral thesis (2015), Annex 1, sector-specific questionnaires",769,769,Use as source-preserved sector-specific instrument; do not label as validated.
sec_health_clinical,Centros sanitarios — Personal sanitario,final_2015_annex1_unvalidated,sector_specific_questionnaire,Centros sanitarios,Personal sanitario,CONDICIONES GENERALES DE LOS EQUIPOS DE TRABAJO,24,24,SEC-HEALTH-CLINICAL-F2015-024,"¿Se realiza limpieza de las herramientas utilizadas con un agente desinfectante de amplio espectro (bactericida, fungicida y virucida)?",yes_no_not_applicable,binary_yes_no_na,binary_yes_no_na,not_validated_insufficient_sector_sample,"Aguilar Elena doctoral thesis (2015), Annex 1, sector-specific questionnaires",770,771,Use as source-preserved sector-specific instrument; do not label as validated.
sec_health_clinical,Centros sanitarios — Personal sanitario,final_2015_annex1_unvalidated,sector_specific_questionnaire,Centros sanitarios,Personal sanitario,CONDICIONES GENERALES DE LOS EQUIPOS DE TRABAJO,25,25,SEC-HEALTH-CLINICAL-F2015-025,¿Se manipula y reutiliza material de vidrio (es preferible la utilización de material plástico que no se rompe tan fácilmente)?,yes_no_not_applicable,binary_yes_no_na,binary_yes_no_na,not_validated_insufficient_sector_sample,"Aguilar Elena doctoral thesis (2015), Annex 1, sector-specific questionnaires",772,773,Use as source-preserved sector-specific instrument; do not label as validated.
sec_health_clinical,Centros sanitarios — Personal sanitario,final_2015_annex1_unvalidated,sector_specific_questionnaire,Centros sanitarios,Personal sanitario,CONDICIONES GENERALES DE LA HIGIENE DEL PERSONAL Y LOCALES,26,26,SEC-HEALTH-CLINICAL-F2015-026,"¿El personal lleva, en particular, ropa de trabajo y calzado adecuado y otras prendas de protección?",yes_no_not_applicable,binary_yes_no_na,binary_yes_no_na,not_validated_insufficient_sector_sample,"Aguilar Elena doctoral thesis (2015), Annex 1, sector-specific questionnaires",780,781,Use as source-preserved sector-specific instrument; do not label as validated.
sec_health_clinical,Centros sanitarios — Personal sanitario,final_2015_annex1_unvalidated,sector_specific_questionnaire,Centros sanitarios,Personal sanitario,CONDICIONES GENERALES DE LA HIGIENE DEL PERSONAL Y LOCALES,27,27,SEC-HEALTH-CLINICAL-F2015-027,"¿Los detergentes, desinfectantes y sustancias similares se utilizan de forma que no afectan a los equipos e instrumentos de trabajo?",yes_no_not_applicable,binary_yes_no_na,binary_yes_no_na,not_validated_insufficient_sector_sample,"Aguilar Elena doctoral thesis (2015), Annex 1, sector-specific questionnaires",782,783,Use as source-preserved sector-specific instrument; do not label as validated.
sec_health_clinical,Centros sanitarios — Personal sanitario,final_2015_annex1_unvalidated,sector_specific_questionnaire,Centros sanitarios,Personal sanitario,CONDICIONES GENERALES DE LA HIGIENE DEL PERSONAL Y LOCALES,28,28,SEC-HEALTH-CLINICAL-F2015-028,¿Para el secado de las manos existen toallas de papel desechables o corrientes de aire?,yes_no_not_applicable,binary_yes_no_na,binary_yes_no_na,not_validated_insufficient_sector_sample,"Aguilar Elena doctoral thesis (2015), Annex 1, sector-specific questionnaires",784,784,Use as source-preserved sector-specific instrument; do not label as validated.
sec_health_clinical,Centros sanitarios — Personal sanitario,final_2015_annex1_unvalidated,sector_specific_questionnaire,Centros sanitarios,Personal sanitario,CONDICIONES GENERALES DE LA HIGIENE DEL PERSONAL Y LOCALES,29,29,SEC-HEALTH-CLINICAL-F2015-029,¿Después de atender a cada paciente se procede al lavado cuidadoso de las manos?,yes_no_not_applicable,binary_yes_no_na,binary_yes_no_na,not_validated_insufficient_sector_sample,"Aguilar Elena doctoral thesis (2015), Annex 1, sector-specific questionnaires",785,785,Use as source-preserved sector-specific instrument; do not label as validated.
sec_health_clinical,Centros sanitarios — Personal sanitario,final_2015_annex1_unvalidated,sector_specific_questionnaire,Centros sanitarios,Personal sanitario,CONDICIONES GENERALES DE LA HIGIENE DEL PERSONAL Y LOCALES,30,30,SEC-HEALTH-CLINICAL-F2015-030,¿Durante la jornada laboral no se utilizan ni anillos ni joyas?,yes_no_not_applicable,binary_yes_no_na,binary_yes_no_na,not_validated_insufficient_sector_sample,"Aguilar Elena doctoral thesis (2015), Annex 1, sector-specific questionnaires",786,786,Use as source-preserved sector-specific instrument; do not label as validated.
sec_health_clinical,Centros sanitarios — Personal sanitario,final_2015_annex1_unvalidated,sector_specific_questionnaire,Centros sanitarios,Personal sanitario,CONDICIONES GENERALES DE LA HIGIENE DEL PERSONAL Y LOCALES,31,31,SEC-HEALTH-CLINICAL-F2015-031,¿Los trabajadores usan bata y uniforme de trabajo para evitar que pueda contaminarse la ropa de calle?,yes_no_not_applicable,binary_yes_no_na,binary_yes_no_na,not_validated_insufficient_sector_sample,"Aguilar Elena doctoral thesis (2015), Annex 1, sector-specific questionnaires",787,788,Use as source-preserved sector-specific instrument; do not label as validated.
sec_health_clinical,Centros sanitarios — Personal sanitario,final_2015_annex1_unvalidated,sector_specific_questionnaire,Centros sanitarios,Personal sanitario,CONDICIONES GENERALES DE LA HIGIENE DEL PERSONAL Y LOCALES,32,32,SEC-HEALTH-CLINICAL-F2015-032,"¿Llevan bata limpia (no necesita que sea estéril) para proteger la piel y prevenir el manchado del uniforme durante los procedimientos que puedan producir salpicaduras de sangre, fluidos, secreciones o excreciones?",yes_no_not_applicable,binary_yes_no_na,binary_yes_no_na,not_validated_insufficient_sector_sample,"Aguilar Elena doctoral thesis (2015), Annex 1, sector-specific questionnaires",789,791,Use as source-preserved sector-specific instrument; do not label as validated.
sec_health_clinical,Centros sanitarios — Personal sanitario,final_2015_annex1_unvalidated,sector_specific_questionnaire,Centros sanitarios,Personal sanitario,CONDICIONES GENERALES DE LA HIGIENE DEL PERSONAL Y LOCALES,33,33,SEC-HEALTH-CLINICAL-F2015-033,¿La bata si está muy manchada se cambia tan pronto como es posible y después se lavan las manos?,yes_no_not_applicable,binary_yes_no_na,binary_yes_no_na,not_validated_insufficient_sector_sample,"Aguilar Elena doctoral thesis (2015), Annex 1, sector-specific questionnaires",792,793,Use as source-preserved sector-specific instrument; do not label as validated.
sec_health_clinical,Centros sanitarios — Personal sanitario,final_2015_annex1_unvalidated,sector_specific_questionnaire,Centros sanitarios,Personal sanitario,CONDICIONES GENERALES DE LA HIGIENE DEL PERSONAL Y LOCALES,34,34,SEC-HEALTH-CLINICAL-F2015-034,¿Los cortes y las heridas se cubren con apósitos impermeables?,yes_no_not_applicable,binary_yes_no_na,binary_yes_no_na,not_validated_insufficient_sector_sample,"Aguilar Elena doctoral thesis (2015), Annex 1, sector-specific questionnaires",794,794,Use as source-preserved sector-specific instrument; do not label as validated.
sec_health_clinical,Centros sanitarios — Personal sanitario,final_2015_annex1_unvalidated,sector_specific_questionnaire,Centros sanitarios,Personal sanitario,CONDICIONES GENERALES DE LA HIGIENE DEL PERSONAL Y LOCALES,35,35,SEC-HEALTH-CLINICAL-F2015-035,"¿Se procede al lavado de manos, y de otras superficies, cuando hayan entrado en contacto con sangre u otros fluidos y siempre después de quitarse los guantes?",yes_no_not_applicable,binary_yes_no_na,binary_yes_no_na,not_validated_insufficient_sector_sample,"Aguilar Elena doctoral thesis (2015), Annex 1, sector-specific questionnaires",795,796,Use as source-preserved sector-specific instrument; do not label as validated.
sec_health_clinical,Centros sanitarios — Personal sanitario,final_2015_annex1_unvalidated,sector_specific_questionnaire,Centros sanitarios,Personal sanitario,EQUIPOS DE PROTECCIÓN Y ROPA DE TRABAJO.,36,36,SEC-HEALTH-CLINICAL-F2015-036,"¿Hay un suministro adecuado de: guantes de protección, protectores respiratorios, botas, protectores oculares?",yes_no_not_applicable,binary_yes_no_na,binary_yes_no_na,not_validated_insufficient_sector_sample,"Aguilar Elena doctoral thesis (2015), Annex 1, sector-specific questionnaires",798,799,Use as source-preserved sector-specific instrument; do not label as validated.
sec_health_clinical,Centros sanitarios — Personal sanitario,final_2015_annex1_unvalidated,sector_specific_questionnaire,Centros sanitarios,Personal sanitario,EQUIPOS DE PROTECCIÓN Y ROPA DE TRABAJO.,37,37,SEC-HEALTH-CLINICAL-F2015-037,¿Los equipos de protección individual poseen el marcado CE?,yes_no_not_applicable,binary_yes_no_na,binary_yes_no_na,not_validated_insufficient_sector_sample,"Aguilar Elena doctoral thesis (2015), Annex 1, sector-specific questionnaires",800,800,Use as source-preserved sector-specific instrument; do not label as validated.
sec_health_clinical,Centros sanitarios — Personal sanitario,final_2015_annex1_unvalidated,sector_specific_questionnaire,Centros sanitarios,Personal sanitario,EQUIPOS DE PROTECCIÓN Y ROPA DE TRABAJO.,38,38,SEC-HEALTH-CLINICAL-F2015-038,¿El empresario proporciona los equipos y controla que son los adecuados y que se utilizan de forma adecuada?,yes_no_not_applicable,binary_yes_no_na,binary_yes_no_na,not_validated_insufficient_sector_sample,"Aguilar Elena doctoral thesis (2015), Annex 1, sector-specific questionnaires",801,802,Use as source-preserved sector-specific instrument; do not label as validated.
sec_health_clinical,Centros sanitarios — Personal sanitario,final_2015_annex1_unvalidated,sector_specific_questionnaire,Centros sanitarios,Personal sanitario,EQUIPOS DE PROTECCIÓN Y ROPA DE TRABAJO.,39,39,SEC-HEALTH-CLINICAL-F2015-039,¿Los trabajadores conocen las características de las prendas y equipos de protección?,yes_no_not_applicable,binary_yes_no_na,binary_yes_no_na,not_validated_insufficient_sector_sample,"Aguilar Elena doctoral thesis (2015), Annex 1, sector-specific questionnaires",803,803,Use as source-preserved sector-specific instrument; do not label as validated.
sec_health_clinical,Centros sanitarios — Personal sanitario,final_2015_annex1_unvalidated,sector_specific_questionnaire,Centros sanitarios,Personal sanitario,EQUIPOS DE PROTECCIÓN Y ROPA DE TRABAJO.,40,40,SEC-HEALTH-CLINICAL-F2015-040,¿Los trabajadores usan las prendas y los equipos de protección personal?,yes_no_not_applicable,binary_yes_no_na,binary_yes_no_na,not_validated_insufficient_sector_sample,"Aguilar Elena doctoral thesis (2015), Annex 1, sector-specific questionnaires",804,804,Use as source-preserved sector-specific instrument; do not label as validated.
sec_health_clinical,Centros sanitarios — Personal sanitario,final_2015_annex1_unvalidated,sector_specific_questionnaire,Centros sanitarios,Personal sanitario,EQUIPOS DE PROTECCIÓN Y ROPA DE TRABAJO.,41,41,SEC-HEALTH-CLINICAL-F2015-041,¿Hay un almacén o recipientes adecuados para guardar por separado la ropa sucia de la ropa limpia?,yes_no_not_applicable,binary_yes_no_na,binary_yes_no_na,not_validated_insufficient_sector_sample,"Aguilar Elena doctoral thesis (2015), Annex 1, sector-specific questionnaires",805,806,Use as source-preserved sector-specific instrument; do not label as validated.
sec_health_clinical,Centros sanitarios — Personal sanitario,final_2015_annex1_unvalidated,sector_specific_questionnaire,Centros sanitarios,Personal sanitario,EQUIPOS DE PROTECCIÓN Y ROPA DE TRABAJO.,42,42,SEC-HEALTH-CLINICAL-F2015-042,"¿Los equipos de protección se comprueban antes, o en todo caso después de cada uso, reparando y sustituyendo los equipos defectuosos antes de su nuevo uso?",yes_no_not_applicable,binary_yes_no_na,binary_yes_no_na,not_validated_insufficient_sector_sample,"Aguilar Elena doctoral thesis (2015), Annex 1, sector-specific questionnaires",807,808,Use as source-preserved sector-specific instrument; do not label as validated.
sec_health_clinical,Centros sanitarios — Personal sanitario,final_2015_annex1_unvalidated,sector_specific_questionnaire,Centros sanitarios,Personal sanitario,EQUIPOS DE PROTECCIÓN Y ROPA DE TRABAJO.,43,43,SEC-HEALTH-CLINICAL-F2015-043,"¿Los trabajadores, dentro de la jornada laboral, tienen 10 minutos para su aseo personal antes de la comida y otros 10 minutos antes de abandonar el trabajo?",yes_no_not_applicable,binary_yes_no_na,binary_yes_no_na,not_validated_insufficient_sector_sample,"Aguilar Elena doctoral thesis (2015), Annex 1, sector-specific questionnaires",809,810,Use as source-preserved sector-specific instrument; do not label as validated.
sec_health_clinical,Centros sanitarios — Personal sanitario,final_2015_annex1_unvalidated,sector_specific_questionnaire,Centros sanitarios,Personal sanitario,EQUIPOS DE PROTECCIÓN Y ROPA DE TRABAJO.,44,44,SEC-HEALTH-CLINICAL-F2015-044,"Al salir de la zona de trabajo, ¿el trabajador se quita las ropas de trabajo y los equipos de protección individual potencialmente contaminados y sucios y los guarda en un lugar que no contiene otras prendas?",yes_no_not_applicable,binary_yes_no_na,binary_yes_no_na,not_validated_insufficient_sector_sample,"Aguilar Elena doctoral thesis (2015), Annex 1, sector-specific questionnaires",811,813,Use as source-preserved sector-specific instrument; do not label as validated.
sec_health_clinical,Centros sanitarios — Personal sanitario,final_2015_annex1_unvalidated,sector_specific_questionnaire,Centros sanitarios,Personal sanitario,EQUIPOS DE PROTECCIÓN Y ROPA DE TRABAJO.,45,45,SEC-HEALTH-CLINICAL-F2015-045,"¿El empresario se responsabiliza del lavado, descontaminación y, en su caso, destrucción de la ropa de trabajo y de los EPI´s?",yes_no_not_applicable,binary_yes_no_na,binary_yes_no_na,not_validated_insufficient_sector_sample,"Aguilar Elena doctoral thesis (2015), Annex 1, sector-specific questionnaires",814,815,Use as source-preserved sector-specific instrument; do not label as validated.
sec_health_clinical,Centros sanitarios — Personal sanitario,final_2015_annex1_unvalidated,sector_specific_questionnaire,Centros sanitarios,Personal sanitario,EQUIPOS DE PROTECCIÓN Y ROPA DE TRABAJO.,46,46,SEC-HEALTH-CLINICAL-F2015-046,"¿El empresario prohíbe, de manera rigurosa, que los trabajadores se lleven la ropa de trabajo y los EPI´s a su domicilio?",yes_no_not_applicable,binary_yes_no_na,binary_yes_no_na,not_validated_insufficient_sector_sample,"Aguilar Elena doctoral thesis (2015), Annex 1, sector-specific questionnaires",816,817,Use as source-preserved sector-specific instrument; do not label as validated.
sec_health_clinical,Centros sanitarios — Personal sanitario,final_2015_annex1_unvalidated,sector_specific_questionnaire,Centros sanitarios,Personal sanitario,EQUIPOS DE PROTECCIÓN Y ROPA DE TRABAJO.,47,47,SEC-HEALTH-CLINICAL-F2015-047,"Si el empresario contrata las operaciones de lavado, descontaminación y destrucción de la ropa de trabajo y EPI´s, ¿se asegura que los mismos se envíen en recipientes cerrados y etiquetados con las advertencias precisas?",yes_no_not_applicable,binary_yes_no_na,binary_yes_no_na,not_validated_insufficient_sector_sample,"Aguilar Elena doctoral thesis (2015), Annex 1, sector-specific questionnaires",818,820,Use as source-preserved sector-specific instrument; do not label as validated.
sec_health_clinical,Centros sanitarios — Personal sanitario,final_2015_annex1_unvalidated,sector_specific_questionnaire,Centros sanitarios,Personal sanitario,EQUIPOS DE PROTECCIÓN Y ROPA DE TRABAJO.,48,48,SEC-HEALTH-CLINICAL-F2015-048,¿Se cambia de guantes tras el contacto con cada paciente y siempre que el guante se rompa?,yes_no_not_applicable,binary_yes_no_na,binary_yes_no_na,not_validated_insufficient_sector_sample,"Aguilar Elena doctoral thesis (2015), Annex 1, sector-specific questionnaires",821,821,Use as source-preserved sector-specific instrument; do not label as validated.
sec_health_clinical,Centros sanitarios — Personal sanitario,final_2015_annex1_unvalidated,sector_specific_questionnaire,Centros sanitarios,Personal sanitario,EQUIPOS DE PROTECCIÓN Y ROPA DE TRABAJO.,49,49,SEC-HEALTH-CLINICAL-F2015-049,"¿También se cambiará de guantes cuando entre tareas, en el mismo paciente, si se manchan con material altamente contaminado?",yes_no_not_applicable,binary_yes_no_na,binary_yes_no_na,not_validated_insufficient_sector_sample,"Aguilar Elena doctoral thesis (2015), Annex 1, sector-specific questionnaires",822,823,Use as source-preserved sector-specific instrument; do not label as validated.
sec_health_clinical,Centros sanitarios — Personal sanitario,final_2015_annex1_unvalidated,sector_specific_questionnaire,Centros sanitarios,Personal sanitario,EQUIPOS DE PROTECCIÓN Y ROPA DE TRABAJO.,50,50,SEC-HEALTH-CLINICAL-F2015-050,¿Se limita el trabajo directo con pacientes y/o manejo de equipos contaminados al personal sanitario con lesiones cutáneas que no se puedan cubrir (sobre todo si son exudativas o supurantes)?,yes_no_not_applicable,binary_yes_no_na,binary_yes_no_na,not_validated_insufficient_sector_sample,"Aguilar Elena doctoral thesis (2015), Annex 1, sector-specific questionnaires",824,826,Use as source-preserved sector-specific instrument; do not label as validated.
sec_health_clinical,Centros sanitarios — Personal sanitario,final_2015_annex1_unvalidated,sector_specific_questionnaire,Centros sanitarios,Personal sanitario,EQUIPOS DE PROTECCIÓN Y ROPA DE TRABAJO.,51,51,SEC-HEALTH-CLINICAL-F2015-051,"¿Se usan siempre los guantes cuando hay: presencia de heridas o lesiones cutáneas; al entrar en contacto con la piel no intacta o mucosas del paciente; en la manipulación de objetos, materia o superficies contaminadas con fluidos biológicos?",yes_no_not_applicable,binary_yes_no_na,binary_yes_no_na,not_validated_insufficient_sector_sample,"Aguilar Elena doctoral thesis (2015), Annex 1, sector-specific questionnaires",827,829,Use as source-preserved sector-specific instrument; do not label as validated.
sec_health_clinical,Centros sanitarios — Personal sanitario,final_2015_annex1_unvalidated,sector_specific_questionnaire,Centros sanitarios,Personal sanitario,EQUIPOS DE PROTECCIÓN Y ROPA DE TRABAJO.,52,52,SEC-HEALTH-CLINICAL-F2015-052,"¿Y se utilizan los guantes en caso de extracciones, administración de tratamientos intravenosos o canalizaciones de venas?",yes_no_not_applicable,binary_yes_no_na,binary_yes_no_na,not_validated_insufficient_sector_sample,"Aguilar Elena doctoral thesis (2015), Annex 1, sector-specific questionnaires",830,831,Use as source-preserved sector-specific instrument; do not label as validated.
sec_health_clinical,Centros sanitarios — Personal sanitario,final_2015_annex1_unvalidated,sector_specific_questionnaire,Centros sanitarios,Personal sanitario,EQUIPOS DE PROTECCIÓN Y ROPA DE TRABAJO.,53,53,SEC-HEALTH-CLINICAL-F2015-053,¿Se usan las mascarillas cuando se prevé la producción de salpicaduras de sangre o fluidos biológicos a la mucosa nasal y oral?,yes_no_not_applicable,binary_yes_no_na,binary_yes_no_na,not_validated_insufficient_sector_sample,"Aguilar Elena doctoral thesis (2015), Annex 1, sector-specific questionnaires",832,833,Use as source-preserved sector-specific instrument; do not label as validated.
sec_health_clinical,Centros sanitarios — Personal sanitario,final_2015_annex1_unvalidated,sector_specific_questionnaire,Centros sanitarios,Personal sanitario,EQUIPOS DE PROTECCIÓN Y ROPA DE TRABAJO.,54,54,SEC-HEALTH-CLINICAL-F2015-054,¿Los trabajadores usan respiradores cuando se realizan técnicas de respiración boca –boca o respiración asistida?,yes_no_not_applicable,binary_yes_no_na,binary_yes_no_na,not_validated_insufficient_sector_sample,"Aguilar Elena doctoral thesis (2015), Annex 1, sector-specific questionnaires",834,835,Use as source-preserved sector-specific instrument; do not label as validated.
sec_health_clinical,Centros sanitarios — Personal sanitario,final_2015_annex1_unvalidated,sector_specific_questionnaire,Centros sanitarios,Personal sanitario,EQUIPOS DE PROTECCIÓN Y ROPA DE TRABAJO.,55,55,SEC-HEALTH-CLINICAL-F2015-055,¿Hay control y reposición de equipos de protección individual y tiene lugar de almacenamiento?,yes_no_not_applicable,binary_yes_no_na,binary_yes_no_na,not_validated_insufficient_sector_sample,"Aguilar Elena doctoral thesis (2015), Annex 1, sector-specific questionnaires",836,836,Use as source-preserved sector-specific instrument; do not label as validated.
sec_health_clinical,Centros sanitarios — Personal sanitario,final_2015_annex1_unvalidated,sector_specific_questionnaire,Centros sanitarios,Personal sanitario,EQUIPOS DE PROTECCIÓN Y ROPA DE TRABAJO.,56,56,SEC-HEALTH-CLINICAL-F2015-056,¿Los trabajadores tienen ropa de trabajo adecuada para cada tarea a realizar?,yes_no_not_applicable,binary_yes_no_na,binary_yes_no_na,not_validated_insufficient_sector_sample,"Aguilar Elena doctoral thesis (2015), Annex 1, sector-specific questionnaires",837,842,Use as source-preserved sector-specific instrument; do not label as validated.
sec_health_clinical,Centros sanitarios — Personal sanitario,final_2015_annex1_unvalidated,sector_specific_questionnaire,Centros sanitarios,Personal sanitario,EQUIPOS DE PROTECCIÓN Y ROPA DE TRABAJO.,57,57,SEC-HEALTH-CLINICAL-F2015-057,"¿Se usan batas, delantales, gorros, mascarillas y protección ocular en los lugares indicados, pantallas faciales de protección, y en tareas que puedan implicar salpicaduras de sangre o fluidos?",yes_no_not_applicable,binary_yes_no_na,binary_yes_no_na,not_validated_insufficient_sector_sample,"Aguilar Elena doctoral thesis (2015), Annex 1, sector-specific questionnaires",843,844,Use as source-preserved sector-specific instrument; do not label as validated.
sec_health_clinical,Centros sanitarios — Personal sanitario,final_2015_annex1_unvalidated,sector_specific_questionnaire,Centros sanitarios,Personal sanitario,EQUIPOS DE PROTECCIÓN Y ROPA DE TRABAJO.,58,58,SEC-HEALTH-CLINICAL-F2015-058,¿Cuando se produzca un derrame de muestras procedente de los pacientes se recogen inmediatamente?,yes_no_not_applicable,binary_yes_no_na,binary_yes_no_na,not_validated_insufficient_sector_sample,"Aguilar Elena doctoral thesis (2015), Annex 1, sector-specific questionnaires",845,846,Use as source-preserved sector-specific instrument; do not label as validated.
sec_health_clinical,Centros sanitarios — Personal sanitario,final_2015_annex1_unvalidated,sector_specific_questionnaire,Centros sanitarios,Personal sanitario,EQUIPOS DE PROTECCIÓN Y ROPA DE TRABAJO.,59,59,SEC-HEALTH-CLINICAL-F2015-059,"¿Se señaliza con el signo de riesgos biológicos los armarios, neveras, muestras, etc. en las que se guarden material biológico?",yes_no_not_applicable,binary_yes_no_na,binary_yes_no_na,not_validated_insufficient_sector_sample,"Aguilar Elena doctoral thesis (2015), Annex 1, sector-specific questionnaires",847,848,Use as source-preserved sector-specific instrument; do not label as validated.
sec_health_clinical,Centros sanitarios — Personal sanitario,final_2015_annex1_unvalidated,sector_specific_questionnaire,Centros sanitarios,Personal sanitario,VACUNACIONES,60,60,SEC-HEALTH-CLINICAL-F2015-060,"¿Los trabajadores disponen de un carnet de vacunación que certifica que han recibido una dosis determinada de las vacunas? Las vacunas más aconsejables son la antitetánica, hepatitis, y la gripe común.",yes_no_not_applicable,binary_yes_no_na,binary_yes_no_na,not_validated_insufficient_sector_sample,"Aguilar Elena doctoral thesis (2015), Annex 1, sector-specific questionnaires",850,853,Use as source-preserved sector-specific instrument; do not label as validated.
sec_health_clinical,Centros sanitarios — Personal sanitario,final_2015_annex1_unvalidated,sector_specific_questionnaire,Centros sanitarios,Personal sanitario,VACUNACIONES,61,61,SEC-HEALTH-CLINICAL-F2015-061,"¿Los trabajadores son informados sobre los beneficios, ventajas e inconvenientes tanto de la vacunación como de la no vacunación?",yes_no_not_applicable,binary_yes_no_na,binary_yes_no_na,not_validated_insufficient_sector_sample,"Aguilar Elena doctoral thesis (2015), Annex 1, sector-specific questionnaires",854,855,Use as source-preserved sector-specific instrument; do not label as validated.
sec_health_clinical,Centros sanitarios — Personal sanitario,final_2015_annex1_unvalidated,sector_specific_questionnaire,Centros sanitarios,Personal sanitario,VACUNACIONES,62,62,SEC-HEALTH-CLINICAL-F2015-062,S.i se dispone de los carnets de vacunación ¿aparecen las fechas de próximas vacunaciones?,yes_no_not_applicable,binary_yes_no_na,binary_yes_no_na,not_validated_insufficient_sector_sample,"Aguilar Elena doctoral thesis (2015), Annex 1, sector-specific questionnaires",856,856,Use as source-preserved sector-specific instrument; do not label as validated.
sec_health_clinical,Centros sanitarios — Personal sanitario,final_2015_annex1_unvalidated,sector_specific_questionnaire,Centros sanitarios,Personal sanitario,FORMACIÓN E INFORMACIÓN,63,63,SEC-HEALTH-CLINICAL-F2015-063,"¿El trabajador conoce el grado de peligrosidad de los contaminantes biológicos que ""están"" o ""pueden estar"" presentes en el lugar de trabajo?",yes_no_not_applicable,binary_yes_no_na,binary_yes_no_na,not_validated_insufficient_sector_sample,"Aguilar Elena doctoral thesis (2015), Annex 1, sector-specific questionnaires",858,859,Use as source-preserved sector-specific instrument; do not label as validated.
sec_health_clinical,Centros sanitarios — Personal sanitario,final_2015_annex1_unvalidated,sector_specific_questionnaire,Centros sanitarios,Personal sanitario,FORMACIÓN E INFORMACIÓN,64,64,SEC-HEALTH-CLINICAL-F2015-064,"¿El empresario informa a todos los trabajadores expuestos de sus responsabilidades, para permitirles desarrollar sus tareas y prevenir riesgos?",yes_no_not_applicable,binary_yes_no_na,binary_yes_no_na,not_validated_insufficient_sector_sample,"Aguilar Elena doctoral thesis (2015), Annex 1, sector-specific questionnaires",860,861,Use as source-preserved sector-specific instrument; do not label as validated.
sec_health_clinical,Centros sanitarios — Personal sanitario,final_2015_annex1_unvalidated,sector_specific_questionnaire,Centros sanitarios,Personal sanitario,FORMACIÓN E INFORMACIÓN,65,65,SEC-HEALTH-CLINICAL-F2015-065,¿Se planifican acciones formativas a todos los niveles para prevenir los riesgos a los que están expuestos los trabajadores?,yes_no_not_applicable,binary_yes_no_na,binary_yes_no_na,not_validated_insufficient_sector_sample,"Aguilar Elena doctoral thesis (2015), Annex 1, sector-specific questionnaires",862,863,Use as source-preserved sector-specific instrument; do not label as validated.
sec_health_clinical,Centros sanitarios — Personal sanitario,final_2015_annex1_unvalidated,sector_specific_questionnaire,Centros sanitarios,Personal sanitario,FORMACIÓN E INFORMACIÓN,66,66,SEC-HEALTH-CLINICAL-F2015-066,¿Se informa a los trabajadores de los peligros que suponen las agujas y se les entrena en cómo evitarlos?,yes_no_not_applicable,binary_yes_no_na,binary_yes_no_na,not_validated_insufficient_sector_sample,"Aguilar Elena doctoral thesis (2015), Annex 1, sector-specific questionnaires",864,865,Use as source-preserved sector-specific instrument; do not label as validated.
sec_health_clinical,Centros sanitarios — Personal sanitario,final_2015_annex1_unvalidated,sector_specific_questionnaire,Centros sanitarios,Personal sanitario,PROCEDIMIENTOS DE TRABAJO,67,67,SEC-HEALTH-CLINICAL-F2015-067,¿La señal de peligro biológico está colocada en aquellos lugares o recipientes donde al entrar o el material depositado puede dar lugar a una enfermedad infecciosa?,yes_no_not_applicable,binary_yes_no_na,binary_yes_no_na,not_validated_insufficient_sector_sample,"Aguilar Elena doctoral thesis (2015), Annex 1, sector-specific questionnaires",867,868,Use as source-preserved sector-specific instrument; do not label as validated.
sec_health_clinical,Centros sanitarios — Personal sanitario,final_2015_annex1_unvalidated,sector_specific_questionnaire,Centros sanitarios,Personal sanitario,PROCEDIMIENTOS DE TRABAJO,68,68,SEC-HEALTH-CLINICAL-F2015-068,"¿Los trabajadores se lavan las manos y la piel expuesta antes de comer, beber, fumar, usar el teléfono o ir al lavabo?",yes_no_not_applicable,binary_yes_no_na,binary_yes_no_na,not_validated_insufficient_sector_sample,"Aguilar Elena doctoral thesis (2015), Annex 1, sector-specific questionnaires",869,870,Use as source-preserved sector-specific instrument; do not label as validated.
sec_health_clinical,Centros sanitarios — Personal sanitario,final_2015_annex1_unvalidated,sector_specific_questionnaire,Centros sanitarios,Personal sanitario,PROCEDIMIENTOS DE TRABAJO,69,69,SEC-HEALTH-CLINICAL-F2015-069,"¿Está prohibido comer, beber, fumar o guardar alimentos en el área de trabajo o en neveras no destinadas a tal fin (debe haber una sala destinados a tal fin)?",yes_no_not_applicable,binary_yes_no_na,binary_yes_no_na,not_validated_insufficient_sector_sample,"Aguilar Elena doctoral thesis (2015), Annex 1, sector-specific questionnaires",871,872,Use as source-preserved sector-specific instrument; do not label as validated.
sec_health_clinical,Centros sanitarios — Personal sanitario,final_2015_annex1_unvalidated,sector_specific_questionnaire,Centros sanitarios,Personal sanitario,PROCEDIMIENTOS DE TRABAJO,70,70,SEC-HEALTH-CLINICAL-F2015-070,¿Hay un protocolo definido de primeros auxilios y se dispone de medios para llevarlo a cabo (es imprescindible que los trabajadores lo conozcan)?,yes_no_not_applicable,binary_yes_no_na,binary_yes_no_na,not_validated_insufficient_sector_sample,"Aguilar Elena doctoral thesis (2015), Annex 1, sector-specific questionnaires",873,874,Use as source-preserved sector-specific instrument; do not label as validated.
sec_health_clinical,Centros sanitarios — Personal sanitario,final_2015_annex1_unvalidated,sector_specific_questionnaire,Centros sanitarios,Personal sanitario,PROCEDIMIENTOS DE TRABAJO,71,71,SEC-HEALTH-CLINICAL-F2015-071,"¿Cuándo tienen alguna herida, los trabajadores, se la cubren con material impermeable, antes de empezar la jornada laboral?",yes_no_not_applicable,binary_yes_no_na,binary_yes_no_na,not_validated_insufficient_sector_sample,"Aguilar Elena doctoral thesis (2015), Annex 1, sector-specific questionnaires",875,876,Use as source-preserved sector-specific instrument; do not label as validated.
sec_health_clinical,Centros sanitarios — Personal sanitario,final_2015_annex1_unvalidated,sector_specific_questionnaire,Centros sanitarios,Personal sanitario,PROCEDIMIENTOS DE TRABAJO,72,72,SEC-HEALTH-CLINICAL-F2015-072,¿Hay y se cumple un programa de gestión de todos los residuos generados en el lugar de trabajo?,yes_no_not_applicable,binary_yes_no_na,binary_yes_no_na,not_validated_insufficient_sector_sample,"Aguilar Elena doctoral thesis (2015), Annex 1, sector-specific questionnaires",877,878,Use as source-preserved sector-specific instrument; do not label as validated.
sec_health_clinical,Centros sanitarios — Personal sanitario,final_2015_annex1_unvalidated,sector_specific_questionnaire,Centros sanitarios,Personal sanitario,PROCEDIMIENTOS DE TRABAJO,73,73,SEC-HEALTH-CLINICAL-F2015-073,"¿Se dispone de protocolo de actuación, y de primeros auxilios, en caso de accidentes que pueden causar exposición a agentes biológicos. (Salpicadura de fluidos, cortes o heridas,....?",yes_no_not_applicable,binary_yes_no_na,binary_yes_no_na,not_validated_insufficient_sector_sample,"Aguilar Elena doctoral thesis (2015), Annex 1, sector-specific questionnaires",879,880,Use as source-preserved sector-specific instrument; do not label as validated.
sec_health_clinical,Centros sanitarios — Personal sanitario,final_2015_annex1_unvalidated,sector_specific_questionnaire,Centros sanitarios,Personal sanitario,PROCEDIMIENTOS DE TRABAJO,74,74,SEC-HEALTH-CLINICAL-F2015-074,¿Todas las tareas están protocolizadas o procedimentadas?,yes_no_not_applicable,binary_yes_no_na,binary_yes_no_na,not_validated_insufficient_sector_sample,"Aguilar Elena doctoral thesis (2015), Annex 1, sector-specific questionnaires",881,881,Use as source-preserved sector-specific instrument; do not label as validated.
sec_health_clinical,Centros sanitarios — Personal sanitario,final_2015_annex1_unvalidated,sector_specific_questionnaire,Centros sanitarios,Personal sanitario,PROCEDIMIENTOS DE TRABAJO,75,75,SEC-HEALTH-CLINICAL-F2015-075,¿Hay un manual de seguridad biológica disponible para la consulta de los trabajadores?,yes_no_not_applicable,binary_yes_no_na,binary_yes_no_na,not_validated_insufficient_sector_sample,"Aguilar Elena doctoral thesis (2015), Annex 1, sector-specific questionnaires",882,882,Use as source-preserved sector-specific instrument; do not label as validated.
sec_health_clinical,Centros sanitarios — Personal sanitario,final_2015_annex1_unvalidated,sector_specific_questionnaire,Centros sanitarios,Personal sanitario,PROCEDIMIENTOS DE TRABAJO,76,76,SEC-HEALTH-CLINICAL-F2015-076,"¿En todos los protocolos o procedimientos de trabajo se incluye información sobre los riesgos de los productos y operaciones, y las medidas de seguridad y protección a aplicar.?",yes_no_not_applicable,binary_yes_no_na,binary_yes_no_na,not_validated_insufficient_sector_sample,"Aguilar Elena doctoral thesis (2015), Annex 1, sector-specific questionnaires",883,884,Use as source-preserved sector-specific instrument; do not label as validated.
sec_health_clinical,Centros sanitarios — Personal sanitario,final_2015_annex1_unvalidated,sector_specific_questionnaire,Centros sanitarios,Personal sanitario,PROCEDIMIENTOS DE TRABAJO,77,77,SEC-HEALTH-CLINICAL-F2015-077,¿Se cumple el protocolo para la manipulación de los pacientes de riesgo especial y/o para la manipulación del material biológico procedente de los mismos?,yes_no_not_applicable,binary_yes_no_na,binary_yes_no_na,not_validated_insufficient_sector_sample,"Aguilar Elena doctoral thesis (2015), Annex 1, sector-specific questionnaires",885,886,Use as source-preserved sector-specific instrument; do not label as validated.
sec_health_clinical,Centros sanitarios — Personal sanitario,final_2015_annex1_unvalidated,sector_specific_questionnaire,Centros sanitarios,Personal sanitario,PROCEDIMIENTOS DE TRABAJO,78,78,SEC-HEALTH-CLINICAL-F2015-078,¿Hay programas establecidos de desratización y desinsectación?,yes_no_not_applicable,binary_yes_no_na,binary_yes_no_na,not_validated_insufficient_sector_sample,"Aguilar Elena doctoral thesis (2015), Annex 1, sector-specific questionnaires",887,887,Use as source-preserved sector-specific instrument; do not label as validated.
sec_health_clinical,Centros sanitarios — Personal sanitario,final_2015_annex1_unvalidated,sector_specific_questionnaire,Centros sanitarios,Personal sanitario,EXPOSICIÓN A RESIDUOS O FLUIDOS BIOLÓGICOS,79,79,SEC-HEALTH-CLINICAL-F2015-079,¿La utilización de agujas hipodérmicas está restringida a la administración parenteral y la extracción de fluidos biológicos?,yes_no_not_applicable,binary_yes_no_na,binary_yes_no_na,not_validated_insufficient_sector_sample,"Aguilar Elena doctoral thesis (2015), Annex 1, sector-specific questionnaires",889,890,Use as source-preserved sector-specific instrument; do not label as validated.
sec_health_clinical,Centros sanitarios — Personal sanitario,final_2015_annex1_unvalidated,sector_specific_questionnaire,Centros sanitarios,Personal sanitario,EXPOSICIÓN A RESIDUOS O FLUIDOS BIOLÓGICOS,80,80,SEC-HEALTH-CLINICAL-F2015-080,¿Hay sistemas de extracción de sangre por vacío (también llamado sistema cerrado o estanco)?,yes_no_not_applicable,binary_yes_no_na,binary_yes_no_na,not_validated_insufficient_sector_sample,"Aguilar Elena doctoral thesis (2015), Annex 1, sector-specific questionnaires",891,891,Use as source-preserved sector-specific instrument; do not label as validated.
sec_health_clinical,Centros sanitarios — Personal sanitario,final_2015_annex1_unvalidated,sector_specific_questionnaire,Centros sanitarios,Personal sanitario,EXPOSICIÓN A RESIDUOS O FLUIDOS BIOLÓGICOS,81,81,SEC-HEALTH-CLINICAL-F2015-081,¿No se reencapsulan nunca las agujas?,yes_no_not_applicable,binary_yes_no_na,binary_yes_no_na,not_validated_insufficient_sector_sample,"Aguilar Elena doctoral thesis (2015), Annex 1, sector-specific questionnaires",892,892,Use as source-preserved sector-specific instrument; do not label as validated.
sec_health_clinical,Centros sanitarios — Personal sanitario,final_2015_annex1_unvalidated,sector_specific_questionnaire,Centros sanitarios,Personal sanitario,EXPOSICIÓN A RESIDUOS O FLUIDOS BIOLÓGICOS,82,82,SEC-HEALTH-CLINICAL-F2015-082,¿Se procede siempre a la retirada inmediata del conjunto aguja – jeringa?,yes_no_not_applicable,binary_yes_no_na,binary_yes_no_na,not_validated_insufficient_sector_sample,"Aguilar Elena doctoral thesis (2015), Annex 1, sector-specific questionnaires",893,893,Use as source-preserved sector-specific instrument; do not label as validated.
sec_health_clinical,Centros sanitarios — Personal sanitario,final_2015_annex1_unvalidated,sector_specific_questionnaire,Centros sanitarios,Personal sanitario,EXPOSICIÓN A RESIDUOS O FLUIDOS BIOLÓGICOS,83,83,SEC-HEALTH-CLINICAL-F2015-083,¿Los objetos punzantes y/o cortantes se manejan con extremo cuidado?,yes_no_not_applicable,binary_yes_no_na,binary_yes_no_na,not_validated_insufficient_sector_sample,"Aguilar Elena doctoral thesis (2015), Annex 1, sector-specific questionnaires",894,894,Use as source-preserved sector-specific instrument; do not label as validated.
sec_health_clinical,Centros sanitarios — Personal sanitario,final_2015_annex1_unvalidated,sector_specific_questionnaire,Centros sanitarios,Personal sanitario,EXPOSICIÓN A RESIDUOS O FLUIDOS BIOLÓGICOS,84,84,SEC-HEALTH-CLINICAL-F2015-084,"¿Se evita el uso de agujas cuando existen alternativas seguras y efectivas (agujas con dispositivos de seguridad,...)?",yes_no_not_applicable,binary_yes_no_na,binary_yes_no_na,not_validated_insufficient_sector_sample,"Aguilar Elena doctoral thesis (2015), Annex 1, sector-specific questionnaires",895,896,Use as source-preserved sector-specific instrument; do not label as validated.
sec_health_clinical,Centros sanitarios — Personal sanitario,final_2015_annex1_unvalidated,sector_specific_questionnaire,Centros sanitarios,Personal sanitario,EXPOSICIÓN A RESIDUOS O FLUIDOS BIOLÓGICOS,85,85,SEC-HEALTH-CLINICAL-F2015-085,"¿Se utiliza, para la eliminación de agujas y material cortante, un contenedor rígido adecuado que se encuentra en las inmediaciones para su eliminación?",yes_no_not_applicable,binary_yes_no_na,binary_yes_no_na,not_validated_insufficient_sector_sample,"Aguilar Elena doctoral thesis (2015), Annex 1, sector-specific questionnaires",897,898,Use as source-preserved sector-specific instrument; do not label as validated.
sec_health_clinical,Centros sanitarios — Personal sanitario,final_2015_annex1_unvalidated,sector_specific_questionnaire,Centros sanitarios,Personal sanitario,EXPOSICIÓN A RESIDUOS O FLUIDOS BIOLÓGICOS,86,86,SEC-HEALTH-CLINICAL-F2015-086,"¿Para cualquier técnica o manipulación, se realiza de manera que se minimice la creación de aerosoles (por inyección violenta de líquidos o jeringas que puedan generar aerosoles)?",yes_no_not_applicable,binary_yes_no_na,binary_yes_no_na,not_validated_insufficient_sector_sample,"Aguilar Elena doctoral thesis (2015), Annex 1, sector-specific questionnaires",899,905,Use as source-preserved sector-specific instrument; do not label as validated.
sec_health_clinical,Centros sanitarios — Personal sanitario,final_2015_annex1_unvalidated,sector_specific_questionnaire,Centros sanitarios,Personal sanitario,EXPOSICIÓN A RESIDUOS O FLUIDOS BIOLÓGICOS,87,87,SEC-HEALTH-CLINICAL-F2015-087,¿Antes de iniciar cualquier procedimiento en el que se utilicen agujas se realizan los preparativos de manipulación y eliminación segura de los mismos?,yes_no_not_applicable,binary_yes_no_na,binary_yes_no_na,not_validated_insufficient_sector_sample,"Aguilar Elena doctoral thesis (2015), Annex 1, sector-specific questionnaires",906,907,Use as source-preserved sector-specific instrument; do not label as validated.
sec_health_clinical,Centros sanitarios — Personal sanitario,final_2015_annex1_unvalidated,sector_specific_questionnaire,Centros sanitarios,Personal sanitario,EXPOSICIÓN A RESIDUOS O FLUIDOS BIOLÓGICOS,88,88,SEC-HEALTH-CLINICAL-F2015-088,¿Cada empleado se ocupa de la retirada o limpieza del material punzante o cortante contaminado que utiliza?,yes_no_not_applicable,binary_yes_no_na,binary_yes_no_na,not_validated_insufficient_sector_sample,"Aguilar Elena doctoral thesis (2015), Annex 1, sector-specific questionnaires",908,909,Use as source-preserved sector-specific instrument; do not label as validated.
sec_health_clinical,Centros sanitarios — Personal sanitario,final_2015_annex1_unvalidated,sector_specific_questionnaire,Centros sanitarios,Personal sanitario,EXPOSICIÓN A RESIDUOS O FLUIDOS BIOLÓGICOS,89,89,SEC-HEALTH-CLINICAL-F2015-089,¿Se comprueba que los objetos punzantes y cortantes no han quedado abandonados fuera del contenedor apropiado. Y comprobar que no va entre la ropa que se envía a lavandería?,yes_no_not_applicable,binary_yes_no_na,binary_yes_no_na,not_validated_insufficient_sector_sample,"Aguilar Elena doctoral thesis (2015), Annex 1, sector-specific questionnaires",910,911,Use as source-preserved sector-specific instrument; do not label as validated.
sec_health_clinical,Centros sanitarios — Personal sanitario,final_2015_annex1_unvalidated,sector_specific_questionnaire,Centros sanitarios,Personal sanitario,EXPOSICIÓN A RESIDUOS O FLUIDOS BIOLÓGICOS,90,90,SEC-HEALTH-CLINICAL-F2015-090,¿Se informa de todas las lesiones con agujas y otros elementos cortantes rápidamente para asegurarse de recibir el tratamiento de seguimiento adecuado.?,yes_no_not_applicable,binary_yes_no_na,binary_yes_no_na,not_validated_insufficient_sector_sample,"Aguilar Elena doctoral thesis (2015), Annex 1, sector-specific questionnaires",912,913,Use as source-preserved sector-specific instrument; do not label as validated.
sec_health_clinical,Centros sanitarios — Personal sanitario,final_2015_annex1_unvalidated,sector_specific_questionnaire,Centros sanitarios,Personal sanitario,EXPOSICIÓN A RESIDUOS O FLUIDOS BIOLÓGICOS,91,91,SEC-HEALTH-CLINICAL-F2015-091,"¿Las superficies de trabajo se descontaminan, al menos, una vez al día y siempre que se produzca un derrame de material que pueda ser infeccioso.?",yes_no_not_applicable,binary_yes_no_na,binary_yes_no_na,not_validated_insufficient_sector_sample,"Aguilar Elena doctoral thesis (2015), Annex 1, sector-specific questionnaires",914,915,Use as source-preserved sector-specific instrument; do not label as validated.
sec_health_clinical,Centros sanitarios — Personal sanitario,final_2015_annex1_unvalidated,sector_specific_questionnaire,Centros sanitarios,Personal sanitario,TRANSPORTE DE MUESTRAS Y ALMACENAMIENTO DE RESIDUOS,92,92,SEC-HEALTH-CLINICAL-F2015-092,¿Hay un sistema adecuado de gestión de residuos con contenedores diferenciados para cada tipo de residuo y se procuran sustituir los llenos por otros vacíos con la frecuencia suficiente para que no se llenen más de lo necesario (únicamente se tienen que llenar las tres terceras partes)?,yes_no_not_applicable,binary_yes_no_na,binary_yes_no_na,not_validated_insufficient_sector_sample,"Aguilar Elena doctoral thesis (2015), Annex 1, sector-specific questionnaires",917,919,Use as source-preserved sector-specific instrument; do not label as validated.
sec_health_clinical,Centros sanitarios — Personal sanitario,final_2015_annex1_unvalidated,sector_specific_questionnaire,Centros sanitarios,Personal sanitario,TRANSPORTE DE MUESTRAS Y ALMACENAMIENTO DE RESIDUOS,93,93,SEC-HEALTH-CLINICAL-F2015-093,"¿Hay material y/o dispositivos con mecanismos de seguridad (agujas con dispositivos de seguridad que impiden el pinchazo, etc.) están a disposición de los trabajadores y se procura difundir su uso entre el personal?",yes_no_not_applicable,binary_yes_no_na,binary_yes_no_na,not_validated_insufficient_sector_sample,"Aguilar Elena doctoral thesis (2015), Annex 1, sector-specific questionnaires",920,922,Use as source-preserved sector-specific instrument; do not label as validated.
sec_health_clinical,Centros sanitarios — Personal sanitario,final_2015_annex1_unvalidated,sector_specific_questionnaire,Centros sanitarios,Personal sanitario,TRANSPORTE DE MUESTRAS Y ALMACENAMIENTO DE RESIDUOS,94,94,SEC-HEALTH-CLINICAL-F2015-094,¿Los recipientes para traslados de muestras se limpian con desinfectante adecuado cuando se derrama o ensucian por fuera?,yes_no_not_applicable,binary_yes_no_na,binary_yes_no_na,not_validated_insufficient_sector_sample,"Aguilar Elena doctoral thesis (2015), Annex 1, sector-specific questionnaires",923,924,Use as source-preserved sector-specific instrument; do not label as validated.
sec_health_clinical,Centros sanitarios — Personal sanitario,final_2015_annex1_unvalidated,sector_specific_questionnaire,Centros sanitarios,Personal sanitario,TRANSPORTE DE MUESTRAS Y ALMACENAMIENTO DE RESIDUOS,95,95,SEC-HEALTH-CLINICAL-F2015-095,"¿No se dejan bolsas ni recipientes de residuos en lugares no previstos, excepto donde se han producido, o bien en el almacén (o almacenes intermedios que estén delimitados, adecuados y señalizados)?",yes_no_not_applicable,binary_yes_no_na,binary_yes_no_na,not_validated_insufficient_sector_sample,"Aguilar Elena doctoral thesis (2015), Annex 1, sector-specific questionnaires",925,927,Use as source-preserved sector-specific instrument; do not label as validated.
sec_health_clinical,Centros sanitarios — Personal sanitario,final_2015_annex1_unvalidated,sector_specific_questionnaire,Centros sanitarios,Personal sanitario,TRANSPORTE DE MUESTRAS Y ALMACENAMIENTO DE RESIDUOS,96,96,SEC-HEALTH-CLINICAL-F2015-096,¿Las bolsas de residuos no se almacenan unas encima de otras; si no unas al lado de otras sobre superficies horizontales?,yes_no_not_applicable,binary_yes_no_na,binary_yes_no_na,not_validated_insufficient_sector_sample,"Aguilar Elena doctoral thesis (2015), Annex 1, sector-specific questionnaires",928,929,Use as source-preserved sector-specific instrument; do not label as validated.
sec_health_clinical,Centros sanitarios — Personal sanitario,final_2015_annex1_unvalidated,sector_specific_questionnaire,Centros sanitarios,Personal sanitario,TRANSPORTE DE MUESTRAS Y ALMACENAMIENTO DE RESIDUOS,97,97,SEC-HEALTH-CLINICAL-F2015-097,"¿Las bolsas de residuos no se arrastran por el suelo, se usan sistemas de transporte?.",yes_no_not_applicable,binary_yes_no_na,binary_yes_no_na,not_validated_insufficient_sector_sample,"Aguilar Elena doctoral thesis (2015), Annex 1, sector-specific questionnaires",930,930,Use as source-preserved sector-specific instrument; do not label as validated.
sec_health_clinical,Centros sanitarios — Personal sanitario,final_2015_annex1_unvalidated,sector_specific_questionnaire,Centros sanitarios,Personal sanitario,TRANSPORTE DE MUESTRAS Y ALMACENAMIENTO DE RESIDUOS,98,98,SEC-HEALTH-CLINICAL-F2015-098,"¿En la estructura o carro de transporte de residuos no se comprimen las bolsas para poder transportar más cantidad en un trayecto, ni se sobrepasa el nivel que permita cerrar la tapa del carro?",yes_no_not_applicable,binary_yes_no_na,binary_yes_no_na,not_validated_insufficient_sector_sample,"Aguilar Elena doctoral thesis (2015), Annex 1, sector-specific questionnaires",931,934,Use as source-preserved sector-specific instrument; do not label as validated.
sec_wastewater,Depuradoras de aguas residuales — Depuradoras,final_2015_annex1_unvalidated,sector_specific_questionnaire,Depuradoras de aguas residuales,Depuradoras,CONDICIONES GENERALES DE LAS INSTALACIONES,1,1,SEC-WASTEWATER-F2015-001,"¿Se tiene en cuenta que los procesos de trabajo eviten o reduzcan sensiblemente la liberación de contaminantes biológicos en el lugar de trabajo (generación de polvo de los lodos o aerosoles generados por los trasvases, sistemas de aireación) y el contacto de los trabajadores con ellos? El riesgo de contaminación por la vía respiratoria es mayor en las zonas con posibilidad de generación de aerosoles, sobre todo en la proximidad de los sistemas de aireación de las piscinas, de pulverización, saltos de agua y zonas de impacto en los efluentes y los lodos",yes_no_not_applicable,binary_yes_no_na,binary_yes_no_na,not_validated_insufficient_sector_sample,"Aguilar Elena doctoral thesis (2015), Annex 1, sector-specific questionnaires",954,960,Use as source-preserved sector-specific instrument; do not label as validated.
sec_wastewater,Depuradoras de aguas residuales — Depuradoras,final_2015_annex1_unvalidated,sector_specific_questionnaire,Depuradoras de aguas residuales,Depuradoras,CONDICIONES GENERALES DE LAS INSTALACIONES,2,2,SEC-WASTEWATER-F2015-002,"Si en el reactor biológico, existe mucha concentración de microorganismos, con neblina incluida ¿se prohíbe el acceso a dicha zona a no ser que sea estrictamente necesario? En tal caso, los trabajadores llevarán guantes, gafas y mascarilla si fuera necesario.",yes_no_not_applicable,binary_yes_no_na,binary_yes_no_na,not_validated_insufficient_sector_sample,"Aguilar Elena doctoral thesis (2015), Annex 1, sector-specific questionnaires",961,964,Use as source-preserved sector-specific instrument; do not label as validated.
sec_wastewater,Depuradoras de aguas residuales — Depuradoras,final_2015_annex1_unvalidated,sector_specific_questionnaire,Depuradoras de aguas residuales,Depuradoras,CONDICIONES GENERALES DE LAS INSTALACIONES,3,3,SEC-WASTEWATER-F2015-003,"¿Se evita la manipulación de los lodos? Si no es posible, se utilizan equipos de protección individual",yes_no_not_applicable,binary_yes_no_na,binary_yes_no_na,not_validated_insufficient_sector_sample,"Aguilar Elena doctoral thesis (2015), Annex 1, sector-specific questionnaires",965,967,Use as source-preserved sector-specific instrument; do not label as validated.
sec_wastewater,Depuradoras de aguas residuales — Depuradoras,final_2015_annex1_unvalidated,sector_specific_questionnaire,Depuradoras de aguas residuales,Depuradoras,CONDICIONES GENERALES DE LAS INSTALACIONES,4,4,SEC-WASTEWATER-F2015-004,"En la zona de deshidratación, ¿se evita la generación de aerosoles o polvo procedente de materia orgánica?",yes_no_not_applicable,binary_yes_no_na,binary_yes_no_na,not_validated_insufficient_sector_sample,"Aguilar Elena doctoral thesis (2015), Annex 1, sector-specific questionnaires",968,969,Use as source-preserved sector-specific instrument; do not label as validated.
sec_wastewater,Depuradoras de aguas residuales — Depuradoras,final_2015_annex1_unvalidated,sector_specific_questionnaire,Depuradoras de aguas residuales,Depuradoras,CONDICIONES GENERALES DE LAS INSTALACIONES,5,5,SEC-WASTEWATER-F2015-005,"¿Se utilizan EPI´s en las operaciones de mantenimiento (eliminación de obstrucciones, etc…), limpieza de camiones, zonas de almacenamiento?",yes_no_not_applicable,binary_yes_no_na,binary_yes_no_na,not_validated_insufficient_sector_sample,"Aguilar Elena doctoral thesis (2015), Annex 1, sector-specific questionnaires",970,971,Use as source-preserved sector-specific instrument; do not label as validated.
sec_wastewater,Depuradoras de aguas residuales — Depuradoras,final_2015_annex1_unvalidated,sector_specific_questionnaire,Depuradoras de aguas residuales,Depuradoras,CONDICIONES GENERALES DE LAS INSTALACIONES,6,6,SEC-WASTEWATER-F2015-006,"¿Las zonas contaminadas con material pulverulento, así como los equipos de protección individual no desechables, se limpian periódicamente y de forma completa con agua y jabón?",yes_no_not_applicable,binary_yes_no_na,binary_yes_no_na,not_validated_insufficient_sector_sample,"Aguilar Elena doctoral thesis (2015), Annex 1, sector-specific questionnaires",972,973,Use as source-preserved sector-specific instrument; do not label as validated.
sec_wastewater,Depuradoras de aguas residuales — Depuradoras,final_2015_annex1_unvalidated,sector_specific_questionnaire,Depuradoras de aguas residuales,Depuradoras,CONDICIONES GENERALES DE LAS INSTALACIONES,7,7,SEC-WASTEWATER-F2015-007,"¿El personal que opera en la planta de tratamiento de aguas residuales utiliza ropa de trabajo adecuada, calzado de goma y otras prendas de protección?",yes_no_not_applicable,binary_yes_no_na,binary_yes_no_na,not_validated_insufficient_sector_sample,"Aguilar Elena doctoral thesis (2015), Annex 1, sector-specific questionnaires",974,975,Use as source-preserved sector-specific instrument; do not label as validated.
sec_wastewater,Depuradoras de aguas residuales — Depuradoras,final_2015_annex1_unvalidated,sector_specific_questionnaire,Depuradoras de aguas residuales,Depuradoras,CONDICIONES GENERALES DE LAS INSTALACIONES,8,8,SEC-WASTEWATER-F2015-008,¿La recogida de lodos procedentes de las balsas la realiza personal cualificado con medios adecuados? La recogida de lodos procedentes de la depuradora de aguas residuales se deberá realizar con medios adecuados evitando la exposición de los trabajadores al máximo.,yes_no_not_applicable,binary_yes_no_na,binary_yes_no_na,not_validated_insufficient_sector_sample,"Aguilar Elena doctoral thesis (2015), Annex 1, sector-specific questionnaires",976,981,Use as source-preserved sector-specific instrument; do not label as validated.
sec_wastewater,Depuradoras de aguas residuales — Depuradoras,final_2015_annex1_unvalidated,sector_specific_questionnaire,Depuradoras de aguas residuales,Depuradoras,CONDICIONES GENERALES DE LOS LABORATORIOS,9,9,SEC-WASTEWATER-F2015-009,¿Están limpias las instalaciones?,yes_no_not_applicable,binary_yes_no_na,binary_yes_no_na,not_validated_insufficient_sector_sample,"Aguilar Elena doctoral thesis (2015), Annex 1, sector-specific questionnaires",983,984,Use as source-preserved sector-specific instrument; do not label as validated.
sec_wastewater,Depuradoras de aguas residuales — Depuradoras,final_2015_annex1_unvalidated,sector_specific_questionnaire,Depuradoras de aguas residuales,Depuradoras,CONDICIONES GENERALES DE LOS LABORATORIOS,10,10,SEC-WASTEWATER-F2015-010,¿Existen lavaojos por todo el centro de trabajo?,yes_no_not_applicable,binary_yes_no_na,binary_yes_no_na,not_validated_insufficient_sector_sample,"Aguilar Elena doctoral thesis (2015), Annex 1, sector-specific questionnaires",985,985,Use as source-preserved sector-specific instrument; do not label as validated.
sec_wastewater,Depuradoras de aguas residuales — Depuradoras,final_2015_annex1_unvalidated,sector_specific_questionnaire,Depuradoras de aguas residuales,Depuradoras,CONDICIONES GENERALES DE LOS LABORATORIOS,11,11,SEC-WASTEWATER-F2015-011,¿Los lavaojos están señalizados e identificados?,yes_no_not_applicable,binary_yes_no_na,binary_yes_no_na,not_validated_insufficient_sector_sample,"Aguilar Elena doctoral thesis (2015), Annex 1, sector-specific questionnaires",986,986,Use as source-preserved sector-specific instrument; do not label as validated.
sec_wastewater,Depuradoras de aguas residuales — Depuradoras,final_2015_annex1_unvalidated,sector_specific_questionnaire,Depuradoras de aguas residuales,Depuradoras,CONDICIONES GENERALES DE LOS LABORATORIOS,12,12,SEC-WASTEWATER-F2015-012,"¿El mobiliario es robusto y hay espacio suficiente, entre ellos, para facilitar la limpieza?",yes_no_not_applicable,binary_yes_no_na,binary_yes_no_na,not_validated_insufficient_sector_sample,"Aguilar Elena doctoral thesis (2015), Annex 1, sector-specific questionnaires",987,988,Use as source-preserved sector-specific instrument; do not label as validated.
sec_poultry,Granjas — Granjas avícolas,final_2015_annex1_unvalidated,sector_specific_questionnaire,Granjas,Granjas avícolas,GRANJAS AVÍCOLAS,1,1,SEC-POULTRY-F2015-001,"¿Las instalaciones de oficinas, laboratorios de calidad, etc,… se encuentran separados físicamente de las instalaciones generales del laboratorio?",yes_no_not_applicable,binary_yes_no_na,binary_yes_no_na,not_validated_insufficient_sector_sample,"Aguilar Elena doctoral thesis (2015), Annex 1, sector-specific questionnaires",1012,1013,Use as source-preserved sector-specific instrument; do not label as validated.
sec_poultry,Granjas — Granjas avícolas,final_2015_annex1_unvalidated,sector_specific_questionnaire,Granjas,Granjas avícolas,GRANJAS AVÍCOLAS,2,2,SEC-POULTRY-F2015-002,Si se dispone de naves de ambiente controlado ¿estas cuentan con filtros para bacterias y virus a la entrada de la toma de aire?,yes_no_not_applicable,binary_yes_no_na,binary_yes_no_na,not_validated_insufficient_sector_sample,"Aguilar Elena doctoral thesis (2015), Annex 1, sector-specific questionnaires",1014,1015,Use as source-preserved sector-specific instrument; do not label as validated.
sec_poultry,Granjas — Granjas avícolas,final_2015_annex1_unvalidated,sector_specific_questionnaire,Granjas,Granjas avícolas,GRANJAS AVÍCOLAS,3,3,SEC-POULTRY-F2015-003,"¿Las jeringas y cortapicos, etc, son de uso exclusivo de la granja? Si estas herramientas entran de fuera, se deben introducir dentro de la granja previa desinfección y limpieza.",yes_no_not_applicable,binary_yes_no_na,binary_yes_no_na,not_validated_insufficient_sector_sample,"Aguilar Elena doctoral thesis (2015), Annex 1, sector-specific questionnaires",1016,1018,Use as source-preserved sector-specific instrument; do not label as validated.
sec_poultry,Granjas — Granjas avícolas,final_2015_annex1_unvalidated,sector_specific_questionnaire,Granjas,Granjas avícolas,GRANJAS AVÍCOLAS,4,4,SEC-POULTRY-F2015-004,"¿Los muros y los suelos de los corrales son resistentes, impermeables y fáciles de limpiar y de desinfectar? Dichos locales y corrales deberán estar equipados para el abrevado de los animales y, si fuere necesario, para su alimentación; en su caso, deberán tener redes de evacuación para la salida de los líquidos",yes_no_not_applicable,binary_yes_no_na,binary_yes_no_na,not_validated_insufficient_sector_sample,"Aguilar Elena doctoral thesis (2015), Annex 1, sector-specific questionnaires",1019,1023,Use as source-preserved sector-specific instrument; do not label as validated.
sec_poultry,Granjas — Granjas avícolas,final_2015_annex1_unvalidated,sector_specific_questionnaire,Granjas,Granjas avícolas,GRANJAS AVÍCOLAS,5,5,SEC-POULTRY-F2015-005,"¿Se dispone de locales cerrados con llave o, si la situación climatológica lo permitiere, de corrales, reservados para albergar a los animales enfermos o sospechosos, situados en un emplazamiento adecuado y provistos de un dispositivo de evacuación distinto? También existe la posibilidad de tratar la nave donde hay animales infectadas como una unidad para así ponerla en cuarentena. Se prohibirá expresamente, en estas situaciones, que los trabajadores transiten de una nave a otra. Se deberán utilizar ropa única y de un solo uso.",yes_no_not_applicable,binary_yes_no_na,binary_yes_no_na,not_validated_insufficient_sector_sample,"Aguilar Elena doctoral thesis (2015), Annex 1, sector-specific questionnaires",1024,1029,Use as source-preserved sector-specific instrument; do not label as validated.
sec_poultry,Granjas — Granjas avícolas,final_2015_annex1_unvalidated,sector_specific_questionnaire,Granjas,Granjas avícolas,GRANJAS AVÍCOLAS,6,6,SEC-POULTRY-F2015-006,"¿La granja se encuentra aislada físicamente del exterior mediante tabiques, mallas de alambre, cerco de piedra, cerco de alambre o cerco a base de vegetación? La explotación ha de estar vallada (mínimo 2 m de altura) en todo su perímetro con tan solo dos entradas, una para el personal de a pie y otra para los vehículos, permaneciendo ambas puertas cerradas durante todo el tiempo. Manteniendo unos 5 metros por fuera de la valla libre de vegetación",yes_no_not_applicable,binary_yes_no_na,binary_yes_no_na,not_validated_insufficient_sector_sample,"Aguilar Elena doctoral thesis (2015), Annex 1, sector-specific questionnaires",1030,1035,Use as source-preserved sector-specific instrument; do not label as validated.
sec_poultry,Granjas — Granjas avícolas,final_2015_annex1_unvalidated,sector_specific_questionnaire,Granjas,Granjas avícolas,GRANJAS AVÍCOLAS,7,7,SEC-POULTRY-F2015-007,¿La instalación está lo más alejada posible de otras naves avícolas (distancia mínima 200 m) o de distinta especie (distancia mínima 3 Km)?,yes_no_not_applicable,binary_yes_no_na,binary_yes_no_na,not_validated_insufficient_sector_sample,"Aguilar Elena doctoral thesis (2015), Annex 1, sector-specific questionnaires",1036,1037,Use as source-preserved sector-specific instrument; do not label as validated.
sec_poultry,Granjas — Granjas avícolas,final_2015_annex1_unvalidated,sector_specific_questionnaire,Granjas,Granjas avícolas,GRANJAS AVÍCOLAS,8,8,SEC-POULTRY-F2015-008,"¿Se prohíbe la entrada a la granja de personas ajenas a la explotación, sin autorización expresa del propietario de la misma, lo cual debe estar indicado mediante letreros colocados alrededor de la granja?",yes_no_not_applicable,binary_yes_no_na,binary_yes_no_na,not_validated_insufficient_sector_sample,"Aguilar Elena doctoral thesis (2015), Annex 1, sector-specific questionnaires",1038,1040,Use as source-preserved sector-specific instrument; do not label as validated.
sec_poultry,Granjas — Granjas avícolas,final_2015_annex1_unvalidated,sector_specific_questionnaire,Granjas,Granjas avícolas,GRANJAS AVÍCOLAS,9,9,SEC-POULTRY-F2015-009,¿Se dispone de un libro de registro de visitas?,yes_no_not_applicable,binary_yes_no_na,binary_yes_no_na,not_validated_insufficient_sector_sample,"Aguilar Elena doctoral thesis (2015), Annex 1, sector-specific questionnaires",1041,1041,Use as source-preserved sector-specific instrument; do not label as validated.
sec_poultry,Granjas — Granjas avícolas,final_2015_annex1_unvalidated,sector_specific_questionnaire,Granjas,Granjas avícolas,GRANJAS AVÍCOLAS,10,10,SEC-POULTRY-F2015-010,¿Cuenta la granja con puerta que delimite y controle el acceso a la misma?,yes_no_not_applicable,binary_yes_no_na,binary_yes_no_na,not_validated_insufficient_sector_sample,"Aguilar Elena doctoral thesis (2015), Annex 1, sector-specific questionnaires",1042,1042,Use as source-preserved sector-specific instrument; do not label as validated.
sec_poultry,Granjas — Granjas avícolas,final_2015_annex1_unvalidated,sector_specific_questionnaire,Granjas,Granjas avícolas,GRANJAS AVÍCOLAS,11,11,SEC-POULTRY-F2015-011,¿Cuenta con un sistema de desinfección de vehículos con arco sanitario y/o bomba de aspersión?,yes_no_not_applicable,binary_yes_no_na,binary_yes_no_na,not_validated_insufficient_sector_sample,"Aguilar Elena doctoral thesis (2015), Annex 1, sector-specific questionnaires",1043,1044,Use as source-preserved sector-specific instrument; do not label as validated.
sec_poultry,Granjas — Granjas avícolas,final_2015_annex1_unvalidated,sector_specific_questionnaire,Granjas,Granjas avícolas,GRANJAS AVÍCOLAS,12,12,SEC-POULTRY-F2015-012,¿Cuenta con un módulo sanitario con regaderas y vestidores que permita el cambio de ropa y calzado del personal de la granja o visitantes?,yes_no_not_applicable,binary_yes_no_na,binary_yes_no_na,not_validated_insufficient_sector_sample,"Aguilar Elena doctoral thesis (2015), Annex 1, sector-specific questionnaires",1045,1046,Use as source-preserved sector-specific instrument; do not label as validated.
sec_poultry,Granjas — Granjas avícolas,final_2015_annex1_unvalidated,sector_specific_questionnaire,Granjas,Granjas avícolas,GRANJAS AVÍCOLAS,13,13,SEC-POULTRY-F2015-013,¿Cuenta con mallas que impidan el acceso de aves silvestres al interior de las naves?,yes_no_not_applicable,binary_yes_no_na,binary_yes_no_na,not_validated_insufficient_sector_sample,"Aguilar Elena doctoral thesis (2015), Annex 1, sector-specific questionnaires",1047,1047,Use as source-preserved sector-specific instrument; do not label as validated.
sec_poultry,Granjas — Granjas avícolas,final_2015_annex1_unvalidated,sector_specific_questionnaire,Granjas,Granjas avícolas,GRANJAS AVÍCOLAS,14,14,SEC-POULTRY-F2015-014,"¿La movilización de pollinaza o gallinaza, se realiza en vehículos cubiertos o encostalada?",yes_no_not_applicable,binary_yes_no_na,binary_yes_no_na,not_validated_insufficient_sector_sample,"Aguilar Elena doctoral thesis (2015), Annex 1, sector-specific questionnaires",1048,1048,Use as source-preserved sector-specific instrument; do not label as validated.
sec_poultry,Granjas — Granjas avícolas,final_2015_annex1_unvalidated,sector_specific_questionnaire,Granjas,Granjas avícolas,GRANJAS AVÍCOLAS,15,15,SEC-POULTRY-F2015-015,"Cuando muere algún animal ¿se incinera, se entierra, se composta o es recogido por un gestor de residuos orgánicos?",yes_no_not_applicable,binary_yes_no_na,binary_yes_no_na,not_validated_insufficient_sector_sample,"Aguilar Elena doctoral thesis (2015), Annex 1, sector-specific questionnaires",1049,1050,Use as source-preserved sector-specific instrument; do not label as validated.
sec_poultry,Granjas — Granjas avícolas,final_2015_annex1_unvalidated,sector_specific_questionnaire,Granjas,Granjas avícolas,GRANJAS AVÍCOLAS,16,16,SEC-POULTRY-F2015-016,"¿Cuándo las aves mueren, se utiliza un sistema de refrigeración o congelación donde mantener los animales hasta la recogida por un gestor autorizado?",yes_no_not_applicable,binary_yes_no_na,binary_yes_no_na,not_validated_insufficient_sector_sample,"Aguilar Elena doctoral thesis (2015), Annex 1, sector-specific questionnaires",1051,1052,Use as source-preserved sector-specific instrument; do not label as validated.
sec_poultry,Granjas — Granjas avícolas,final_2015_annex1_unvalidated,sector_specific_questionnaire,Granjas,Granjas avícolas,GRANJAS AVÍCOLAS,17,17,SEC-POULTRY-F2015-017,"En caso de ser recogido por un gestor, ¿los cadáveres son transportados en vehículos cerrados?",yes_no_not_applicable,binary_yes_no_na,binary_yes_no_na,not_validated_insufficient_sector_sample,"Aguilar Elena doctoral thesis (2015), Annex 1, sector-specific questionnaires",1053,1054,Use as source-preserved sector-specific instrument; do not label as validated.
sec_poultry,Granjas — Granjas avícolas,final_2015_annex1_unvalidated,sector_specific_questionnaire,Granjas,Granjas avícolas,GRANJAS AVÍCOLAS,18,18,SEC-POULTRY-F2015-018,"¿El personal oficial o autorizado supervisa y constata las actividades de limpieza, lavado y desinfección de las instalaciones y equipo, antes de la repoblación de la granja?",yes_no_not_applicable,binary_yes_no_na,binary_yes_no_na,not_validated_insufficient_sector_sample,"Aguilar Elena doctoral thesis (2015), Annex 1, sector-specific questionnaires",1055,1056,Use as source-preserved sector-specific instrument; do not label as validated.
sec_poultry,Granjas — Granjas avícolas,final_2015_annex1_unvalidated,sector_specific_questionnaire,Granjas,Granjas avícolas,GRANJAS AVÍCOLAS,19,19,SEC-POULTRY-F2015-019,¿La granja cuenta con personal médico veterinario?,yes_no_not_applicable,binary_yes_no_na,binary_yes_no_na,not_validated_insufficient_sector_sample,"Aguilar Elena doctoral thesis (2015), Annex 1, sector-specific questionnaires",1057,1057,Use as source-preserved sector-specific instrument; do not label as validated.
sec_poultry,Granjas — Granjas avícolas,final_2015_annex1_unvalidated,sector_specific_questionnaire,Granjas,Granjas avícolas,GRANJAS AVÍCOLAS,20,20,SEC-POULTRY-F2015-020,¿Existe vacunación de los animales en la granja?,yes_no_not_applicable,binary_yes_no_na,binary_yes_no_na,not_validated_insufficient_sector_sample,"Aguilar Elena doctoral thesis (2015), Annex 1, sector-specific questionnaires",1058,1058,Use as source-preserved sector-specific instrument; do not label as validated.
sec_poultry,Granjas — Granjas avícolas,final_2015_annex1_unvalidated,sector_specific_questionnaire,Granjas,Granjas avícolas,GRANJAS AVÍCOLAS,21,21,SEC-POULTRY-F2015-021,"¿Se lleva un libro de control de vacunaciones, tratamientos e incidencias?",yes_no_not_applicable,binary_yes_no_na,binary_yes_no_na,not_validated_insufficient_sector_sample,"Aguilar Elena doctoral thesis (2015), Annex 1, sector-specific questionnaires",1059,1064,Use as source-preserved sector-specific instrument; do not label as validated.
sec_poultry,Granjas — Granjas avícolas,final_2015_annex1_unvalidated,sector_specific_questionnaire,Granjas,Granjas avícolas,GRANJAS AVÍCOLAS,22,22,SEC-POULTRY-F2015-022,¿Se sigue estrictamente el calendario de vacunaciones de las aves?,yes_no_not_applicable,binary_yes_no_na,binary_yes_no_na,not_validated_insufficient_sector_sample,"Aguilar Elena doctoral thesis (2015), Annex 1, sector-specific questionnaires",1065,1065,Use as source-preserved sector-specific instrument; do not label as validated.
sec_poultry,Granjas — Granjas avícolas,final_2015_annex1_unvalidated,sector_specific_questionnaire,Granjas,Granjas avícolas,GRANJAS AVÍCOLAS,23,23,SEC-POULTRY-F2015-023,¿Los caminos de acceso están asfaltados para evitar la producción de polvo al paso de los camiones? Las partículas de polvo generadas por vehículos son transmisores de microorganismos,yes_no_not_applicable,binary_yes_no_na,binary_yes_no_na,not_validated_insufficient_sector_sample,"Aguilar Elena doctoral thesis (2015), Annex 1, sector-specific questionnaires",1066,1069,Use as source-preserved sector-specific instrument; do not label as validated.
sec_poultry,Granjas — Granjas avícolas,final_2015_annex1_unvalidated,sector_specific_questionnaire,Granjas,Granjas avícolas,GRANJAS AVÍCOLAS,24,24,SEC-POULTRY-F2015-024,"¿Se dispone de letreros, a la entrada de la granja, que indiquen un timbre o un número de teléfono para ser atendidos e indicando la posible responsabilidad civil por los posibles daños causados en la que pueden incurrir los intrusos?",yes_no_not_applicable,binary_yes_no_na,binary_yes_no_na,not_validated_insufficient_sector_sample,"Aguilar Elena doctoral thesis (2015), Annex 1, sector-specific questionnaires",1070,1072,Use as source-preserved sector-specific instrument; do not label as validated.
sec_poultry,Granjas — Granjas avícolas,final_2015_annex1_unvalidated,sector_specific_questionnaire,Granjas,Granjas avícolas,GRANJAS AVÍCOLAS,25,25,SEC-POULTRY-F2015-025,¿Se lleva una ficha diaria de bajas?,yes_no_not_applicable,binary_yes_no_na,binary_yes_no_na,not_validated_insufficient_sector_sample,"Aguilar Elena doctoral thesis (2015), Annex 1, sector-specific questionnaires",1073,1073,Use as source-preserved sector-specific instrument; do not label as validated.
sec_poultry,Granjas — Granjas avícolas,final_2015_annex1_unvalidated,sector_specific_questionnaire,Granjas,Granjas avícolas,GRANJAS AVÍCOLAS,26,26,SEC-POULTRY-F2015-026,"¿Se lleva a cabo el programa “todo dentro-todo fuera”? Los lotes de diferentes edades se deben encontrar en naves separadas. Si tuviese que alojar lotes de diferentes edades, las naves de un mismo grupo de edad deben estar separadas.",yes_no_not_applicable,binary_yes_no_na,binary_yes_no_na,not_validated_insufficient_sector_sample,"Aguilar Elena doctoral thesis (2015), Annex 1, sector-specific questionnaires",1074,1077,Use as source-preserved sector-specific instrument; do not label as validated.
sec_poultry,Granjas — Granjas avícolas,final_2015_annex1_unvalidated,sector_specific_questionnaire,Granjas,Granjas avícolas,GRANJAS AVÍCOLAS,27,27,SEC-POULTRY-F2015-027,¿Se controla la calidad del agua realizando muestreos y clorando las aguas?,yes_no_not_applicable,binary_yes_no_na,binary_yes_no_na,not_validated_insufficient_sector_sample,"Aguilar Elena doctoral thesis (2015), Annex 1, sector-specific questionnaires",1078,1078,Use as source-preserved sector-specific instrument; do not label as validated.
sec_poultry,Granjas — Granjas avícolas,final_2015_annex1_unvalidated,sector_specific_questionnaire,Granjas,Granjas avícolas,GRANJAS AVÍCOLAS,28,28,SEC-POULTRY-F2015-028,"Para la salida y transporte de los animales de la granja ¿se utilizan jaulas exclusivas, limpias y desinfectadas previamente?",yes_no_not_applicable,binary_yes_no_na,binary_yes_no_na,not_validated_insufficient_sector_sample,"Aguilar Elena doctoral thesis (2015), Annex 1, sector-specific questionnaires",1079,1080,Use as source-preserved sector-specific instrument; do not label as validated.
sec_poultry,Granjas — Granjas avícolas,final_2015_annex1_unvalidated,sector_specific_questionnaire,Granjas,Granjas avícolas,GRANJAS AVÍCOLAS,29,29,SEC-POULTRY-F2015-029,"¿Se evita exponer a las nuevas aves, incluyendo a los pollitos de un día, al contacto con heces, plumas, polvo y residuos orgánicos del lote anterior?",yes_no_not_applicable,binary_yes_no_na,binary_yes_no_na,not_validated_insufficient_sector_sample,"Aguilar Elena doctoral thesis (2015), Annex 1, sector-specific questionnaires",1081,1082,Use as source-preserved sector-specific instrument; do not label as validated.
sec_poultry,Granjas — Granjas avícolas,final_2015_annex1_unvalidated,sector_specific_questionnaire,Granjas,Granjas avícolas,GRANJAS AVÍCOLAS,30,30,SEC-POULTRY-F2015-030,"¿La entrada de todo el personal a la explotación se realiza previa ducha? Al interior de la nave se accederá con ropa y calzado para tal fin, en las mejores condiciones higiénicas posibles y que sólo debe ser usada para esa granja. En la sala de duchas debe haber dos zonas, zona limpia y zona sucia, y el movimiento debe ser en un solo sentido.",yes_no_not_applicable,binary_yes_no_na,binary_yes_no_na,not_validated_insufficient_sector_sample,"Aguilar Elena doctoral thesis (2015), Annex 1, sector-specific questionnaires",1083,1087,Use as source-preserved sector-specific instrument; do not label as validated.
sec_poultry,Granjas — Granjas avícolas,final_2015_annex1_unvalidated,sector_specific_questionnaire,Granjas,Granjas avícolas,GRANJAS AVÍCOLAS,31,31,SEC-POULTRY-F2015-031,¿Está prohibido que los trabajadores accedan a naves de distintos lotes o edades?,yes_no_not_applicable,binary_yes_no_na,binary_yes_no_na,not_validated_insufficient_sector_sample,"Aguilar Elena doctoral thesis (2015), Annex 1, sector-specific questionnaires",1088,1088,Use as source-preserved sector-specific instrument; do not label as validated.
sec_poultry,Granjas — Granjas avícolas,final_2015_annex1_unvalidated,sector_specific_questionnaire,Granjas,Granjas avícolas,GRANJAS AVÍCOLAS,32,32,SEC-POULTRY-F2015-032,¿Se evita la humedad en los lugares de almacenamiento del pienso y en los silos? El exceso de humedad favorece el crecimiento y multiplicación de los hongos,yes_no_not_applicable,binary_yes_no_na,binary_yes_no_na,not_validated_insufficient_sector_sample,"Aguilar Elena doctoral thesis (2015), Annex 1, sector-specific questionnaires",1089,1091,Use as source-preserved sector-specific instrument; do not label as validated.
sec_poultry,Granjas — Granjas avícolas,final_2015_annex1_unvalidated,sector_specific_questionnaire,Granjas,Granjas avícolas,GRANJAS AVÍCOLAS,33,33,SEC-POULTRY-F2015-033,"¿Se utilizan piensos libres de patógenos, tratados por calor o en migajas?",yes_no_not_applicable,binary_yes_no_na,binary_yes_no_na,not_validated_insufficient_sector_sample,"Aguilar Elena doctoral thesis (2015), Annex 1, sector-specific questionnaires",1092,1092,Use as source-preserved sector-specific instrument; do not label as validated.
sec_poultry,Granjas — Granjas avícolas,final_2015_annex1_unvalidated,sector_specific_questionnaire,Granjas,Granjas avícolas,GRANJAS AVÍCOLAS,34,34,SEC-POULTRY-F2015-034,¿Se exige al personal de la granja que no posea aves en su casa?,yes_no_not_applicable,binary_yes_no_na,binary_yes_no_na,not_validated_insufficient_sector_sample,"Aguilar Elena doctoral thesis (2015), Annex 1, sector-specific questionnaires",1093,1093,Use as source-preserved sector-specific instrument; do not label as validated.
sec_poultry,Granjas — Granjas avícolas,final_2015_annex1_unvalidated,sector_specific_questionnaire,Granjas,Granjas avícolas,GRANJAS AVÍCOLAS,35,35,SEC-POULTRY-F2015-035,"¿Se evita exponer a las nuevas aves, incluyendo a los pollitos de un día, al contacto con heces, plumas, polvo y residuos orgánicos del lote anterior?",yes_no_not_applicable,binary_yes_no_na,binary_yes_no_na,not_validated_insufficient_sector_sample,"Aguilar Elena doctoral thesis (2015), Annex 1, sector-specific questionnaires",1094,1095,Use as source-preserved sector-specific instrument; do not label as validated.
sec_poultry,Granjas — Granjas avícolas,final_2015_annex1_unvalidated,sector_specific_questionnaire,Granjas,Granjas avícolas,GRANJAS AVÍCOLAS,36,36,SEC-POULTRY-F2015-036,"¿La entrada de todo el personal a la explotación se realiza previa ducha? Al interior de la nave se accederá con ropa y calzado para tal fin, en las mejores condiciones higiénicas posibles y que sólo debe ser usada para esa granja. En la sala de duchas debe haber dos zonas, zona limpia y zona sucia, y el movimiento debe ser en un solo sentido.",yes_no_not_applicable,binary_yes_no_na,binary_yes_no_na,not_validated_insufficient_sector_sample,"Aguilar Elena doctoral thesis (2015), Annex 1, sector-specific questionnaires",1096,1100,Use as source-preserved sector-specific instrument; do not label as validated.
sec_poultry,Granjas — Granjas avícolas,final_2015_annex1_unvalidated,sector_specific_questionnaire,Granjas,Granjas avícolas,GRANJAS AVÍCOLAS,37,37,SEC-POULTRY-F2015-037,¿Está prohibido que los trabajadores accedan a naves de distintos lotes o edades?,yes_no_not_applicable,binary_yes_no_na,binary_yes_no_na,not_validated_insufficient_sector_sample,"Aguilar Elena doctoral thesis (2015), Annex 1, sector-specific questionnaires",1101,1101,Use as source-preserved sector-specific instrument; do not label as validated.
sec_poultry,Granjas — Granjas avícolas,final_2015_annex1_unvalidated,sector_specific_questionnaire,Granjas,Granjas avícolas,GRANJAS AVÍCOLAS,38,38,SEC-POULTRY-F2015-038,¿Se evita la humedad en los lugares de almacenamiento del pienso y en los silos? El exceso de humedad favorece el crecimiento y multiplicación de los hongos,yes_no_not_applicable,binary_yes_no_na,binary_yes_no_na,not_validated_insufficient_sector_sample,"Aguilar Elena doctoral thesis (2015), Annex 1, sector-specific questionnaires",1102,1104,Use as source-preserved sector-specific instrument; do not label as validated.
sec_poultry,Granjas — Granjas avícolas,final_2015_annex1_unvalidated,sector_specific_questionnaire,Granjas,Granjas avícolas,GRANJAS AVÍCOLAS,39,39,SEC-POULTRY-F2015-039,"¿Se utilizan piensos libres de patógenos, tratados por calor o en migajas?",yes_no_not_applicable,binary_yes_no_na,binary_yes_no_na,not_validated_insufficient_sector_sample,"Aguilar Elena doctoral thesis (2015), Annex 1, sector-specific questionnaires",1105,1105,Use as source-preserved sector-specific instrument; do not label as validated.
sec_poultry,Granjas — Granjas avícolas,final_2015_annex1_unvalidated,sector_specific_questionnaire,Granjas,Granjas avícolas,GRANJAS AVÍCOLAS,40,40,SEC-POULTRY-F2015-040,¿Se exige al personal de la granja que no posea aves en su casa?,yes_no_not_applicable,binary_yes_no_na,binary_yes_no_na,not_validated_insufficient_sector_sample,"Aguilar Elena doctoral thesis (2015), Annex 1, sector-specific questionnaires",1106,1106,Use as source-preserved sector-specific instrument; do not label as validated.
sec_poultry,Granjas — Granjas avícolas,final_2015_annex1_unvalidated,sector_specific_questionnaire,Granjas,Granjas avícolas,GRANJAS AVÍCOLAS,41,41,SEC-POULTRY-F2015-041,¿Se evita la presencia de animales domésticos en el interior de la granja?,yes_no_not_applicable,binary_yes_no_na,binary_yes_no_na,not_validated_insufficient_sector_sample,"Aguilar Elena doctoral thesis (2015), Annex 1, sector-specific questionnaires",1107,1108,Use as source-preserved sector-specific instrument; do not label as validated.
sec_other_farms,Granjas — Otras granjas,final_2015_annex1_unvalidated,sector_specific_questionnaire,Granjas,Otras granjas,GRANJAS,1,1,SEC-OTHER-FARMS-F2015-001,"¿Los muros y los suelos de los corrales son resistentes, impermeables y fáciles de limpiar y de desinfectar? Dichos locales y corrales deberán estar equipados para el abrevado de los animales y, si fuere necesario, para su alimentación; en su caso, deberán tener redes de evacuación para la salida de los líquidos",yes_no_not_applicable,binary_yes_no_na,binary_yes_no_na,not_validated_insufficient_sector_sample,"Aguilar Elena doctoral thesis (2015), Annex 1, sector-specific questionnaires",1124,1128,Use as source-preserved sector-specific instrument; do not label as validated.
sec_other_farms,Granjas — Otras granjas,final_2015_annex1_unvalidated,sector_specific_questionnaire,Granjas,Otras granjas,GRANJAS,2,2,SEC-OTHER-FARMS-F2015-002,"¿Se dispone de locales cerrados con llave o, si la situación climatológica lo permitiere, de corrales, reservados para albergar a los animales enfermos o sospechosos, situados en un emplazamiento adecuado y provistos de un dispositivo de evacuación distinto? También existe la posibilidad de tratar la nave donde hay animales infectadas como una unidad para así ponerla en cuarentena. Se prohibirá expresamente, en estas situaciones, que los trabajadores transiten de una nave a otra. Se deberán utilizar ropa única y de un solo uso.",yes_no_not_applicable,binary_yes_no_na,binary_yes_no_na,not_validated_insufficient_sector_sample,"Aguilar Elena doctoral thesis (2015), Annex 1, sector-specific questionnaires",1129,1134,Use as source-preserved sector-specific instrument; do not label as validated.
sec_other_farms,Granjas — Otras granjas,final_2015_annex1_unvalidated,sector_specific_questionnaire,Granjas,Otras granjas,GRANJAS,3,3,SEC-OTHER-FARMS-F2015-003,"¿La granja se encuentra aislada físicamente del exterior mediante tabiques, mallas de alambre, cerco de piedra, cerco de alambre o cerco a base de vegetación? La explotación ha de estar vallada (mínimo 2 m de altura) en todo su perímetro con tan solo dos entradas, una para el personal de a pie y otra para los vehículos, permaneciendo ambas puertas cerradas durante todo el tiempo. Manteniendo unos 5 metros por fuera de la valla libre de vegetación",yes_no_not_applicable,binary_yes_no_na,binary_yes_no_na,not_validated_insufficient_sector_sample,"Aguilar Elena doctoral thesis (2015), Annex 1, sector-specific questionnaires",1135,1140,Use as source-preserved sector-specific instrument; do not label as validated.
sec_other_farms,Granjas — Otras granjas,final_2015_annex1_unvalidated,sector_specific_questionnaire,Granjas,Otras granjas,GRANJAS,4,4,SEC-OTHER-FARMS-F2015-004,¿La instalación está lo más alejada posible de otras naves avícolas (distancia mínima 200 m) o de distinta especie (distancia mínima 3 Km)?,yes_no_not_applicable,binary_yes_no_na,binary_yes_no_na,not_validated_insufficient_sector_sample,"Aguilar Elena doctoral thesis (2015), Annex 1, sector-specific questionnaires",1141,1142,Use as source-preserved sector-specific instrument; do not label as validated.
sec_other_farms,Granjas — Otras granjas,final_2015_annex1_unvalidated,sector_specific_questionnaire,Granjas,Otras granjas,GRANJAS,5,5,SEC-OTHER-FARMS-F2015-005,"¿Se prohíbe la entrada a la granja de personas ajenas a la explotación, sin autorización expresa del propietario de la misma, lo cual debe estar indicado mediante letreros colocados alrededor de la granja?",yes_no_not_applicable,binary_yes_no_na,binary_yes_no_na,not_validated_insufficient_sector_sample,"Aguilar Elena doctoral thesis (2015), Annex 1, sector-specific questionnaires",1143,1145,Use as source-preserved sector-specific instrument; do not label as validated.
sec_other_farms,Granjas — Otras granjas,final_2015_annex1_unvalidated,sector_specific_questionnaire,Granjas,Otras granjas,GRANJAS,6,6,SEC-OTHER-FARMS-F2015-006,¿Se dispone de un libro de registro de visitas?,yes_no_not_applicable,binary_yes_no_na,binary_yes_no_na,not_validated_insufficient_sector_sample,"Aguilar Elena doctoral thesis (2015), Annex 1, sector-specific questionnaires",1146,1146,Use as source-preserved sector-specific instrument; do not label as validated.
sec_other_farms,Granjas — Otras granjas,final_2015_annex1_unvalidated,sector_specific_questionnaire,Granjas,Otras granjas,GRANJAS,7,7,SEC-OTHER-FARMS-F2015-007,¿Cuenta la granja con puerta que delimite y controle el acceso a la misma?,yes_no_not_applicable,binary_yes_no_na,binary_yes_no_na,not_validated_insufficient_sector_sample,"Aguilar Elena doctoral thesis (2015), Annex 1, sector-specific questionnaires",1147,1147,Use as source-preserved sector-specific instrument; do not label as validated.
sec_other_farms,Granjas — Otras granjas,final_2015_annex1_unvalidated,sector_specific_questionnaire,Granjas,Otras granjas,GRANJAS,8,8,SEC-OTHER-FARMS-F2015-008,¿Cuenta con un sistema de desinfección de vehículos con arco sanitario y/o bomba de aspersión?,yes_no_not_applicable,binary_yes_no_na,binary_yes_no_na,not_validated_insufficient_sector_sample,"Aguilar Elena doctoral thesis (2015), Annex 1, sector-specific questionnaires",1148,1148,Use as source-preserved sector-specific instrument; do not label as validated.
sec_other_farms,Granjas — Otras granjas,final_2015_annex1_unvalidated,sector_specific_questionnaire,Granjas,Otras granjas,GRANJAS,9,9,SEC-OTHER-FARMS-F2015-009,¿Cuenta con un módulo sanitario con regaderas y vestidores que permita el cambio de ropa y calzado del personal de la granja o visitantes?,yes_no_not_applicable,binary_yes_no_na,binary_yes_no_na,not_validated_insufficient_sector_sample,"Aguilar Elena doctoral thesis (2015), Annex 1, sector-specific questionnaires",1149,1150,Use as source-preserved sector-specific instrument; do not label as validated.
sec_other_farms,Granjas — Otras granjas,final_2015_annex1_unvalidated,sector_specific_questionnaire,Granjas,Otras granjas,GRANJAS,10,10,SEC-OTHER-FARMS-F2015-010,¿Cuenta con mallas que impidan el acceso de aves silvestres al interior de las naves?,yes_no_not_applicable,binary_yes_no_na,binary_yes_no_na,not_validated_insufficient_sector_sample,"Aguilar Elena doctoral thesis (2015), Annex 1, sector-specific questionnaires",1151,1151,Use as source-preserved sector-specific instrument; do not label as validated.
sec_other_farms,Granjas — Otras granjas,final_2015_annex1_unvalidated,sector_specific_questionnaire,Granjas,Otras granjas,GRANJAS,11,11,SEC-OTHER-FARMS-F2015-011,"¿La movilización de pollinaza o gallinaza, se realiza en vehículos cubiertos o encostalada?",yes_no_not_applicable,binary_yes_no_na,binary_yes_no_na,not_validated_insufficient_sector_sample,"Aguilar Elena doctoral thesis (2015), Annex 1, sector-specific questionnaires",1152,1152,Use as source-preserved sector-specific instrument; do not label as validated.
sec_other_farms,Granjas — Otras granjas,final_2015_annex1_unvalidated,sector_specific_questionnaire,Granjas,Otras granjas,GRANJAS,12,12,SEC-OTHER-FARMS-F2015-012,"Cuando muere algún animal ¿se incinera, se entierra, se composta o es recogido por un gestor de residuos orgánicos?",yes_no_not_applicable,binary_yes_no_na,binary_yes_no_na,not_validated_insufficient_sector_sample,"Aguilar Elena doctoral thesis (2015), Annex 1, sector-specific questionnaires",1153,1154,Use as source-preserved sector-specific instrument; do not label as validated.
sec_other_farms,Granjas — Otras granjas,final_2015_annex1_unvalidated,sector_specific_questionnaire,Granjas,Otras granjas,GRANJAS,13,13,SEC-OTHER-FARMS-F2015-013,"¿Cuándo las aves mueren, se utiliza un sistema de refrigeración o congelación donde mantener los animales hasta la recogida por un gestor autorizado?",yes_no_not_applicable,binary_yes_no_na,binary_yes_no_na,not_validated_insufficient_sector_sample,"Aguilar Elena doctoral thesis (2015), Annex 1, sector-specific questionnaires",1155,1156,Use as source-preserved sector-specific instrument; do not label as validated.
sec_other_farms,Granjas — Otras granjas,final_2015_annex1_unvalidated,sector_specific_questionnaire,Granjas,Otras granjas,GRANJAS,14,14,SEC-OTHER-FARMS-F2015-014,"En caso de ser recogido por un gestor, ¿los cadáveres son transportados en vehículos cerrados?",yes_no_not_applicable,binary_yes_no_na,binary_yes_no_na,not_validated_insufficient_sector_sample,"Aguilar Elena doctoral thesis (2015), Annex 1, sector-specific questionnaires",1157,1158,Use as source-preserved sector-specific instrument; do not label as validated.
sec_other_farms,Granjas — Otras granjas,final_2015_annex1_unvalidated,sector_specific_questionnaire,Granjas,Otras granjas,GRANJAS,15,15,SEC-OTHER-FARMS-F2015-015,"¿El personal oficial o autorizado supervisa y constata las actividades de limpieza, lavado y desinfección de las instalaciones y equipo, antes de la repoblación de la granja?",yes_no_not_applicable,binary_yes_no_na,binary_yes_no_na,not_validated_insufficient_sector_sample,"Aguilar Elena doctoral thesis (2015), Annex 1, sector-specific questionnaires",1159,1160,Use as source-preserved sector-specific instrument; do not label as validated.
sec_other_farms,Granjas — Otras granjas,final_2015_annex1_unvalidated,sector_specific_questionnaire,Granjas,Otras granjas,GRANJAS,16,16,SEC-OTHER-FARMS-F2015-016,¿La granja cuenta con personal médico veterinario?,yes_no_not_applicable,binary_yes_no_na,binary_yes_no_na,not_validated_insufficient_sector_sample,"Aguilar Elena doctoral thesis (2015), Annex 1, sector-specific questionnaires",1161,1161,Use as source-preserved sector-specific instrument; do not label as validated.
sec_other_farms,Granjas — Otras granjas,final_2015_annex1_unvalidated,sector_specific_questionnaire,Granjas,Otras granjas,GRANJAS,17,17,SEC-OTHER-FARMS-F2015-017,¿Existe vacunación de los animales en la granja?,yes_no_not_applicable,binary_yes_no_na,binary_yes_no_na,not_validated_insufficient_sector_sample,"Aguilar Elena doctoral thesis (2015), Annex 1, sector-specific questionnaires",1162,1162,Use as source-preserved sector-specific instrument; do not label as validated.
sec_other_farms,Granjas — Otras granjas,final_2015_annex1_unvalidated,sector_specific_questionnaire,Granjas,Otras granjas,GRANJAS,18,18,SEC-OTHER-FARMS-F2015-018,"¿Se lleva un libro de control de vacunaciones, tratamientos e incidencias?",yes_no_not_applicable,binary_yes_no_na,binary_yes_no_na,not_validated_insufficient_sector_sample,"Aguilar Elena doctoral thesis (2015), Annex 1, sector-specific questionnaires",1163,1163,Use as source-preserved sector-specific instrument; do not label as validated.
sec_other_farms,Granjas — Otras granjas,final_2015_annex1_unvalidated,sector_specific_questionnaire,Granjas,Otras granjas,GRANJAS,19,19,SEC-OTHER-FARMS-F2015-019,¿Se sigue estrictamente el calendario de vacunaciones de las aves?,yes_no_not_applicable,binary_yes_no_na,binary_yes_no_na,not_validated_insufficient_sector_sample,"Aguilar Elena doctoral thesis (2015), Annex 1, sector-specific questionnaires",1164,1164,Use as source-preserved sector-specific instrument; do not label as validated.
sec_other_farms,Granjas — Otras granjas,final_2015_annex1_unvalidated,sector_specific_questionnaire,Granjas,Otras granjas,GRANJAS,20,20,SEC-OTHER-FARMS-F2015-020,¿Los caminos de acceso están asfaltados para evitar la producción de polvo al paso de los camiones? Las partículas de polvo generadas por vehículos son transmisores de microorganismos,yes_no_not_applicable,binary_yes_no_na,binary_yes_no_na,not_validated_insufficient_sector_sample,"Aguilar Elena doctoral thesis (2015), Annex 1, sector-specific questionnaires",1165,1168,Use as source-preserved sector-specific instrument; do not label as validated.
sec_other_farms,Granjas — Otras granjas,final_2015_annex1_unvalidated,sector_specific_questionnaire,Granjas,Otras granjas,GRANJAS,21,21,SEC-OTHER-FARMS-F2015-021,"¿Se dispone de letreros, a la entrada de la granja, que indiquen un timbre o un número de teléfono para ser atendidos e indicando la posible responsabilidad civil por los posibles daños causados en la que pueden incurrir los intrusos?",yes_no_not_applicable,binary_yes_no_na,binary_yes_no_na,not_validated_insufficient_sector_sample,"Aguilar Elena doctoral thesis (2015), Annex 1, sector-specific questionnaires",1169,1171,Use as source-preserved sector-specific instrument; do not label as validated.
sec_other_farms,Granjas — Otras granjas,final_2015_annex1_unvalidated,sector_specific_questionnaire,Granjas,Otras granjas,GRANJAS,22,22,SEC-OTHER-FARMS-F2015-022,¿Se lleva una ficha diaria de bajas?,yes_no_not_applicable,binary_yes_no_na,binary_yes_no_na,not_validated_insufficient_sector_sample,"Aguilar Elena doctoral thesis (2015), Annex 1, sector-specific questionnaires",1172,1172,Use as source-preserved sector-specific instrument; do not label as validated.
sec_other_farms,Granjas — Otras granjas,final_2015_annex1_unvalidated,sector_specific_questionnaire,Granjas,Otras granjas,GRANJAS,23,23,SEC-OTHER-FARMS-F2015-023,"¿Se lleva a cabo el programa “todo dentro-todo fuera”? Los lotes de diferentes edades se deben encontrar en naves separadas. Si tuviese que alojar lotes de diferentes edades, las naves de un mismo grupo de edad deben estar separadas.",yes_no_not_applicable,binary_yes_no_na,binary_yes_no_na,not_validated_insufficient_sector_sample,"Aguilar Elena doctoral thesis (2015), Annex 1, sector-specific questionnaires",1173,1176,Use as source-preserved sector-specific instrument; do not label as validated.
sec_other_farms,Granjas — Otras granjas,final_2015_annex1_unvalidated,sector_specific_questionnaire,Granjas,Otras granjas,GRANJAS,24,24,SEC-OTHER-FARMS-F2015-024,¿Se controla la calidad del agua realizando muestreos y clorando las aguas?,yes_no_not_applicable,binary_yes_no_na,binary_yes_no_na,not_validated_insufficient_sector_sample,"Aguilar Elena doctoral thesis (2015), Annex 1, sector-specific questionnaires",1177,1177,Use as source-preserved sector-specific instrument; do not label as validated.
sec_other_farms,Granjas — Otras granjas,final_2015_annex1_unvalidated,sector_specific_questionnaire,Granjas,Otras granjas,GRANJAS,25,25,SEC-OTHER-FARMS-F2015-025,"Para la salida y transporte de los animales de la granja ¿se utilizan jaulas exclusivas, limpias y desinfectadas previamente?",yes_no_not_applicable,binary_yes_no_na,binary_yes_no_na,not_validated_insufficient_sector_sample,"Aguilar Elena doctoral thesis (2015), Annex 1, sector-specific questionnaires",1178,1183,Use as source-preserved sector-specific instrument; do not label as validated.
sec_other_farms,Granjas — Otras granjas,final_2015_annex1_unvalidated,sector_specific_questionnaire,Granjas,Otras granjas,GRANJAS,26,26,SEC-OTHER-FARMS-F2015-026,"¿Existen sistemas de limpieza tipo lavabotas, lavamanos en zonas de entrada y salida a los locales?",yes_no_not_applicable,binary_yes_no_na,binary_yes_no_na,not_validated_insufficient_sector_sample,"Aguilar Elena doctoral thesis (2015), Annex 1, sector-specific questionnaires",1184,1185,Use as source-preserved sector-specific instrument; do not label as validated.
sec_other_farms,Granjas — Otras granjas,final_2015_annex1_unvalidated,sector_specific_questionnaire,Granjas,Otras granjas,GRANJAS,27,27,SEC-OTHER-FARMS-F2015-027,¿El personal que haya estado en contacto con animales enfermos se lava inmediatamente y cuidadosamente las manos y los brazos con agua caliente y luego los desinfectan?,yes_no_not_applicable,binary_yes_no_na,binary_yes_no_na,not_validated_insufficient_sector_sample,"Aguilar Elena doctoral thesis (2015), Annex 1, sector-specific questionnaires",1186,1187,Use as source-preserved sector-specific instrument; do not label as validated.
sec_other_farms,Granjas — Otras granjas,final_2015_annex1_unvalidated,sector_specific_questionnaire,Granjas,Otras granjas,GRANJAS,28,28,SEC-OTHER-FARMS-F2015-028,"¿Los detergentes, desinfectantes y sustancias similares se utilizan de forma que no afectan a los equipos e instrumentos de trabajo? ¿Después de su utilización se enjuagan completamente dichos equipos e instrumentos de trabajo con agua potable?",yes_no_not_applicable,binary_yes_no_na,binary_yes_no_na,not_validated_insufficient_sector_sample,"Aguilar Elena doctoral thesis (2015), Annex 1, sector-specific questionnaires",1188,1190,Use as source-preserved sector-specific instrument; do not label as validated.
sec_other_farms,Granjas — Otras granjas,final_2015_annex1_unvalidated,sector_specific_questionnaire,Granjas,Otras granjas,GRANJAS,29,29,SEC-OTHER-FARMS-F2015-029,"¿Los trabajadores, dentro de la jornada laboral, tienen 10 minutos para su aseo personal antes de la comida y otros 10 minutos antes de abandonar el trabajo?",yes_no_not_applicable,binary_yes_no_na,binary_yes_no_na,not_validated_insufficient_sector_sample,"Aguilar Elena doctoral thesis (2015), Annex 1, sector-specific questionnaires",1191,1192,Use as source-preserved sector-specific instrument; do not label as validated.
sec_other_farms,Granjas — Otras granjas,final_2015_annex1_unvalidated,sector_specific_questionnaire,Granjas,Otras granjas,GRANJAS,30,30,SEC-OTHER-FARMS-F2015-030,¿Para el secado de las manos en los retretes existen toallas de papel desechables o corrientes de aire?,yes_no_not_applicable,binary_yes_no_na,binary_yes_no_na,not_validated_insufficient_sector_sample,"Aguilar Elena doctoral thesis (2015), Annex 1, sector-specific questionnaires",1193,1194,Use as source-preserved sector-specific instrument; do not label as validated.
sec_other_farms,Granjas — Otras granjas,final_2015_annex1_unvalidated,sector_specific_questionnaire,Granjas,Otras granjas,GRANJAS,31,31,SEC-OTHER-FARMS-F2015-031,"En caso de que haya exposiciones accidentales a materiales de riesgo, ¿Se lava la zona con agua y jabón abundante y se declara inmediatamente el accidente o incidente?",yes_no_not_applicable,binary_yes_no_na,binary_yes_no_na,not_validated_insufficient_sector_sample,"Aguilar Elena doctoral thesis (2015), Annex 1, sector-specific questionnaires",1195,1196,Use as source-preserved sector-specific instrument; do not label as validated.
sec_other_farms,Granjas — Otras granjas,final_2015_annex1_unvalidated,sector_specific_questionnaire,Granjas,Otras granjas,GRANJAS,32,32,SEC-OTHER-FARMS-F2015-032,"¿Se evita exponer a las nuevas aves, incluyendo a los pollitos de un día, al contacto con heces, plumas, polvo y residuos orgánicos del lote anterior?",yes_no_not_applicable,binary_yes_no_na,binary_yes_no_na,not_validated_insufficient_sector_sample,"Aguilar Elena doctoral thesis (2015), Annex 1, sector-specific questionnaires",1197,1198,Use as source-preserved sector-specific instrument; do not label as validated.
sec_other_farms,Granjas — Otras granjas,final_2015_annex1_unvalidated,sector_specific_questionnaire,Granjas,Otras granjas,GRANJAS,33,33,SEC-OTHER-FARMS-F2015-033,"¿La entrada de todo el personal a la explotación se realiza previa ducha? Al interior de la nave se accederá con ropa y calzado para tal fin, en las mejores condiciones higiénicas posibles y que sólo debe ser usada para esa granja. En la sala de duchas debe haber dos zonas, zona limpia y zona sucia, y el movimiento debe ser en un solo sentido.",yes_no_not_applicable,binary_yes_no_na,binary_yes_no_na,not_validated_insufficient_sector_sample,"Aguilar Elena doctoral thesis (2015), Annex 1, sector-specific questionnaires",1199,1203,Use as source-preserved sector-specific instrument; do not label as validated.
sec_other_farms,Granjas — Otras granjas,final_2015_annex1_unvalidated,sector_specific_questionnaire,Granjas,Otras granjas,GRANJAS,34,34,SEC-OTHER-FARMS-F2015-034,¿Está prohibido que los trabajadores accedan a naves de distintos lotes o edades?,yes_no_not_applicable,binary_yes_no_na,binary_yes_no_na,not_validated_insufficient_sector_sample,"Aguilar Elena doctoral thesis (2015), Annex 1, sector-specific questionnaires",1204,1204,Use as source-preserved sector-specific instrument; do not label as validated.
sec_other_farms,Granjas — Otras granjas,final_2015_annex1_unvalidated,sector_specific_questionnaire,Granjas,Otras granjas,GRANJAS,35,35,SEC-OTHER-FARMS-F2015-035,¿Se evita la humedad en los lugares de almacenamiento del pienso y en los silos? El exceso de humedad favorece el crecimiento y multiplicación de los hongos,yes_no_not_applicable,binary_yes_no_na,binary_yes_no_na,not_validated_insufficient_sector_sample,"Aguilar Elena doctoral thesis (2015), Annex 1, sector-specific questionnaires",1205,1207,Use as source-preserved sector-specific instrument; do not label as validated.
sec_other_farms,Granjas — Otras granjas,final_2015_annex1_unvalidated,sector_specific_questionnaire,Granjas,Otras granjas,GRANJAS,36,36,SEC-OTHER-FARMS-F2015-036,"¿Se utilizan piensos libres de patógenos, tratados por calor o en migajas?",yes_no_not_applicable,binary_yes_no_na,binary_yes_no_na,not_validated_insufficient_sector_sample,"Aguilar Elena doctoral thesis (2015), Annex 1, sector-specific questionnaires",1208,1208,Use as source-preserved sector-specific instrument; do not label as validated.
sec_other_farms,Granjas — Otras granjas,final_2015_annex1_unvalidated,sector_specific_questionnaire,Granjas,Otras granjas,GRANJAS,37,37,SEC-OTHER-FARMS-F2015-037,¿Se exige al personal de la granja que no posea aves en su casa?,yes_no_not_applicable,binary_yes_no_na,binary_yes_no_na,not_validated_insufficient_sector_sample,"Aguilar Elena doctoral thesis (2015), Annex 1, sector-specific questionnaires",1209,1209,Use as source-preserved sector-specific instrument; do not label as validated.
sec_other_farms,Granjas — Otras granjas,final_2015_annex1_unvalidated,sector_specific_questionnaire,Granjas,Otras granjas,GRANJAS,38,38,SEC-OTHER-FARMS-F2015-038,¿Se evita la presencia de animales domésticos en el interior de la granja?,yes_no_not_applicable,binary_yes_no_na,binary_yes_no_na,not_validated_insufficient_sector_sample,"Aguilar Elena doctoral thesis (2015), Annex 1, sector-specific questionnaires",1210,1211,Use as source-preserved sector-specific instrument; do not label as validated.
sec_slaughterhouse,Industria cárnica — Mataderos,final_2015_annex1_unvalidated,sector_specific_questionnaire,Industria cárnica,Mataderos,MATADEROS,1,1,SEC-SLAUGHTERHOUSE-F2015-001,"¿Las paredes son lisas, resistentes e impermeables, recubiertas de un revestimiento lavable y claro hasta una altura de por lo menos dos metros, pero de por lo menos tres metros en los locales de sacrificio y de por lo menos la altura del almacenamiento en los locales de refrigeración y de almacenamiento? La línea de unión de las paredes y del suelo debe ser redondeada o estar dotada de un terminado similar",yes_no_not_applicable,binary_yes_no_na,binary_yes_no_na,not_validated_insufficient_sector_sample,"Aguilar Elena doctoral thesis (2015), Annex 1, sector-specific questionnaires",1229,1234,Use as source-preserved sector-specific instrument; do not label as validated.
sec_slaughterhouse,Industria cárnica — Mataderos,final_2015_annex1_unvalidated,sector_specific_questionnaire,Industria cárnica,Mataderos,MATADEROS,2,2,SEC-SLAUGHTERHOUSE-F2015-002,"¿Se dispone de dispositivos para la desinfección de los útiles, provistos de agua a una temperatura mínima de 82 ºC o de otros sistemas similares eficaces?",yes_no_not_applicable,binary_yes_no_na,binary_yes_no_na,not_validated_insufficient_sector_sample,"Aguilar Elena doctoral thesis (2015), Annex 1, sector-specific questionnaires",1235,1236,Use as source-preserved sector-specific instrument; do not label as validated.
sec_slaughterhouse,Industria cárnica — Mataderos,final_2015_annex1_unvalidated,sector_specific_questionnaire,Industria cárnica,Mataderos,MATADEROS,3,3,SEC-SLAUGHTERHOUSE-F2015-003,¿Se dispone de un dispositivo de evacuación de residuos líquidos y sólidos que responda a las exigencias higiénicas de la instalación?,yes_no_not_applicable,binary_yes_no_na,binary_yes_no_na,not_validated_insufficient_sector_sample,"Aguilar Elena doctoral thesis (2015), Annex 1, sector-specific questionnaires",1237,1238,Use as source-preserved sector-specific instrument; do not label as validated.
sec_slaughterhouse,Industria cárnica — Mataderos,final_2015_annex1_unvalidated,sector_specific_questionnaire,Industria cárnica,Mataderos,MATADEROS,4,4,SEC-SLAUGHTERHOUSE-F2015-004,¿Se dispone de instalaciones que permitan efectuar en todo momento y de una manera eficaz las operaciones de inspección veterinaria?,yes_no_not_applicable,binary_yes_no_na,binary_yes_no_na,not_validated_insufficient_sector_sample,"Aguilar Elena doctoral thesis (2015), Annex 1, sector-specific questionnaires",1239,1240,Use as source-preserved sector-specific instrument; do not label as validated.
sec_slaughterhouse,Industria cárnica — Mataderos,final_2015_annex1_unvalidated,sector_specific_questionnaire,Industria cárnica,Mataderos,MATADEROS,5,5,SEC-SLAUGHTERHOUSE-F2015-005,"¿Se dispone de un emplazamiento e instalaciones adecuadas para la limpieza y la desinfección de los medios de transporte de carnes, salvo en el caso de almacenes frigoríficos que únicamente reciban y almacenen, para su expedición, carnes frescas higiénicamente embaladas? Los mataderos deberán disponer de un emplazamiento e instalaciones distintos para los medios de transporte de animales de abasto. No obstante, dichos emplazamientos y dichas instalaciones no serán obligatorios si existen disposiciones que obliguen a la limpieza y a la desinfección de los medios de transporte en locales oficialmente autorizados",yes_no_not_applicable,binary_yes_no_na,binary_yes_no_na,not_validated_insufficient_sector_sample,"Aguilar Elena doctoral thesis (2015), Annex 1, sector-specific questionnaires",1241,1247,Use as source-preserved sector-specific instrument; do not label as validated.
sec_slaughterhouse,Industria cárnica — Mataderos,final_2015_annex1_unvalidated,sector_specific_questionnaire,Industria cárnica,Mataderos,MATADEROS,6,6,SEC-SLAUGHTERHOUSE-F2015-006,"En caso de que existan ventanas que puedan abrirse, ¿están protegidas por mosquiteras?",yes_no_not_applicable,binary_yes_no_na,binary_yes_no_na,not_validated_insufficient_sector_sample,"Aguilar Elena doctoral thesis (2015), Annex 1, sector-specific questionnaires",1248,1248,Use as source-preserved sector-specific instrument; do not label as validated.
sec_slaughterhouse,Industria cárnica — Mataderos,final_2015_annex1_unvalidated,sector_specific_questionnaire,Industria cárnica,Mataderos,MATADEROS,7,7,SEC-SLAUGHTERHOUSE-F2015-007,¿Se dispone de sistemas de refrigeración tipo torre de refrigeración en el lugar de trabajo?,yes_no_not_applicable,binary_yes_no_na,binary_yes_no_na,not_validated_insufficient_sector_sample,"Aguilar Elena doctoral thesis (2015), Annex 1, sector-specific questionnaires",1249,1249,Use as source-preserved sector-specific instrument; do not label as validated.
sec_slaughterhouse,Industria cárnica — Mataderos,final_2015_annex1_unvalidated,sector_specific_questionnaire,Industria cárnica,Mataderos,MATADEROS,8,8,SEC-SLAUGHTERHOUSE-F2015-008,¿Se realizan las limpiezas periódicas de las torres de refrigeración establecidas por la legislación vigente?,yes_no_not_applicable,binary_yes_no_na,binary_yes_no_na,not_validated_insufficient_sector_sample,"Aguilar Elena doctoral thesis (2015), Annex 1, sector-specific questionnaires",1250,1251,Use as source-preserved sector-specific instrument; do not label as validated.
sec_slaughterhouse,Industria cárnica — Mataderos,final_2015_annex1_unvalidated,sector_specific_questionnaire,Industria cárnica,Mataderos,MATADEROS,9,9,SEC-SLAUGHTERHOUSE-F2015-009,"¿Existen elementos de los lugares de trabajo (puertas, ventanas, barandillas, alambres desnudos…) que se encuentren en mal estado, rotos, oxidados, etc…?",yes_no_not_applicable,binary_yes_no_na,binary_yes_no_na,not_validated_insufficient_sector_sample,"Aguilar Elena doctoral thesis (2015), Annex 1, sector-specific questionnaires",1252,1253,Use as source-preserved sector-specific instrument; do not label as validated.
sec_slaughterhouse,Industria cárnica — Mataderos,final_2015_annex1_unvalidated,sector_specific_questionnaire,Industria cárnica,Mataderos,MATADEROS,10,10,SEC-SLAUGHTERHOUSE-F2015-010,"¿Las instalaciones de oficinas, laboratorios de calidad, etc,… se encuentran separados físicamente de las instalaciones generales del laboratorio?",yes_no_not_applicable,binary_yes_no_na,binary_yes_no_na,not_validated_insufficient_sector_sample,"Aguilar Elena doctoral thesis (2015), Annex 1, sector-specific questionnaires",1254,1255,Use as source-preserved sector-specific instrument; do not label as validated.
sec_slaughterhouse,Industria cárnica — Mataderos,final_2015_annex1_unvalidated,sector_specific_questionnaire,Industria cárnica,Mataderos,MATADEROS,11,11,SEC-SLAUGHTERHOUSE-F2015-011,"¿Se dispone de útiles y equipos resistentes a la corrosión que satisfagan las exigencias de higiene para la colocación de los recipientes utilizados para la carne, de forma que se impida que la carne o los recipientes entren en contacto directo con el suelo o las paredes?",yes_no_not_applicable,binary_yes_no_na,binary_yes_no_na,not_validated_insufficient_sector_sample,"Aguilar Elena doctoral thesis (2015), Annex 1, sector-specific questionnaires",1256,1258,Use as source-preserved sector-specific instrument; do not label as validated.
sec_slaughterhouse,Industria cárnica — Mataderos,final_2015_annex1_unvalidated,sector_specific_questionnaire,Industria cárnica,Mataderos,MATADEROS,12,12,SEC-SLAUGHTERHOUSE-F2015-012,"¿Se dispone de recipientes especiales, estancos, en materiales inalterables, provistos de una tapadera y de un sistema de cierre que impida que las personas no autorizadas puedan sacar su contenido, destinados a recibir las carnes no destinadas al consumo humano, o de un local cerrado con llave destinado a recibir las carnes si su abundancia lo hace necesario o si no se retiran o destruyen al final de cada jornada de trabajo; cuando dichas carnes sean evacuadas por conductos, los conductos deberán estar construidos e instalados de forma que se evite cualquier riesgo de contaminación de las carnes frescas?",yes_no_not_applicable,binary_yes_no_na,binary_yes_no_na,not_validated_insufficient_sector_sample,"Aguilar Elena doctoral thesis (2015), Annex 1, sector-specific questionnaires",1259,1265,Use as source-preserved sector-specific instrument; do not label as validated.
sec_slaughterhouse,Industria cárnica — Mataderos,final_2015_annex1_unvalidated,sector_specific_questionnaire,Industria cárnica,Mataderos,MATADEROS,13,13,SEC-SLAUGHTERHOUSE-F2015-013,"¿Se dispone de equipos para el almacenamiento higiénico de los materiales de envasado y de embalaje, cuando dichas actividades se lleven a cabo en el establecimiento?",yes_no_not_applicable,binary_yes_no_na,binary_yes_no_na,not_validated_insufficient_sector_sample,"Aguilar Elena doctoral thesis (2015), Annex 1, sector-specific questionnaires",1266,1267,Use as source-preserved sector-specific instrument; do not label as validated.
sec_slaughterhouse,Industria cárnica — Mataderos,final_2015_annex1_unvalidated,sector_specific_questionnaire,Industria cárnica,Mataderos,MATADEROS,14,14,SEC-SLAUGHTERHOUSE-F2015-014,¿Los equipos de trabajo se limpian y/o desinfectan periódicamente?,yes_no_not_applicable,binary_yes_no_na,binary_yes_no_na,not_validated_insufficient_sector_sample,"Aguilar Elena doctoral thesis (2015), Annex 1, sector-specific questionnaires",1268,1268,Use as source-preserved sector-specific instrument; do not label as validated.
sec_slaughterhouse,Industria cárnica — Mataderos,final_2015_annex1_unvalidated,sector_specific_questionnaire,Industria cárnica,Mataderos,MATADEROS,15,15,SEC-SLAUGHTERHOUSE-F2015-015,¿Se dispone de equipos de refrigeración que permitan mantener en las carnes las temperaturas internas exigidas? Dichos equipos deberán contar con un sistema de evacuación que permita la salida del agua de condensación de tal forma que no presente ningún riesgo de contaminación para las carnes y los trabajadores.,yes_no_not_applicable,binary_yes_no_na,binary_yes_no_na,not_validated_insufficient_sector_sample,"Aguilar Elena doctoral thesis (2015), Annex 1, sector-specific questionnaires",1269,1273,Use as source-preserved sector-specific instrument; do not label as validated.
sec_slaughterhouse,Industria cárnica — Mataderos,final_2015_annex1_unvalidated,sector_specific_questionnaire,Industria cárnica,Mataderos,MATADEROS,16,16,SEC-SLAUGHTERHOUSE-F2015-016,"¿Se dispone de dispositivos y útiles de trabajo, tales como mesas de despiece, bandejas de despiece amovibles, recipientes, bandas transportadoras y sierras, en materiales resistentes a la corrosión fáciles de limpiar y de desinfectar?",yes_no_not_applicable,binary_yes_no_na,binary_yes_no_na,not_validated_insufficient_sector_sample,"Aguilar Elena doctoral thesis (2015), Annex 1, sector-specific questionnaires",1274,1276,Use as source-preserved sector-specific instrument; do not label as validated.
sec_slaughterhouse,Industria cárnica — Mataderos,final_2015_annex1_unvalidated,sector_specific_questionnaire,Industria cárnica,Mataderos,MATADEROS,17,17,SEC-SLAUGHTERHOUSE-F2015-017,"¿Las superficies que entren o puedan entrar en contacto con las carnes, incluidas las soldaduras y las juntas, son lisas? Estará prohibido el empleo de la madera, salvo en los locales donde se encuentren únicamente las carnes frescas embaladas de forma higiénica",yes_no_not_applicable,binary_yes_no_na,binary_yes_no_na,not_validated_insufficient_sector_sample,"Aguilar Elena doctoral thesis (2015), Annex 1, sector-specific questionnaires",1277,1281,Use as source-preserved sector-specific instrument; do not label as validated.
sec_slaughterhouse,Industria cárnica — Mataderos,final_2015_annex1_unvalidated,sector_specific_questionnaire,Industria cárnica,Mataderos,MATADEROS,18,18,SEC-SLAUGHTERHOUSE-F2015-018,"¿Se dispone de maquinaria que evite o reduzca sensiblemente la liberación de contaminantes biológicos en el lugar de trabajo (generación de polvo o aerosoles)? Por ejemplo las máquinas lavadoras, peladoras, etc…",yes_no_not_applicable,binary_yes_no_na,binary_yes_no_na,not_validated_insufficient_sector_sample,"Aguilar Elena doctoral thesis (2015), Annex 1, sector-specific questionnaires",1282,1290,Use as source-preserved sector-specific instrument; do not label as validated.
sec_slaughterhouse,Industria cárnica — Mataderos,final_2015_annex1_unvalidated,sector_specific_questionnaire,Industria cárnica,Mataderos,MATADEROS,19,19,SEC-SLAUGHTERHOUSE-F2015-019,"¿Se utilizan herramientas adecuadas que minimicen el riesgo de cortes o heridas inherentes a estas (como por ejemplo: cuchillos con mango no resbaladizo o con un tope final en el mango imposibilitando que al resbalarse la mano por acción de grasas, etc, se produzcan cortes)?",yes_no_not_applicable,binary_yes_no_na,binary_yes_no_na,not_validated_insufficient_sector_sample,"Aguilar Elena doctoral thesis (2015), Annex 1, sector-specific questionnaires",1291,1294,Use as source-preserved sector-specific instrument; do not label as validated.
sec_slaughterhouse,Industria cárnica — Mataderos,final_2015_annex1_unvalidated,sector_specific_questionnaire,Industria cárnica,Mataderos,MATADEROS,20,20,SEC-SLAUGHTERHOUSE-F2015-020,"¿Los equipos y utensilios destinados a la elaboración de productos cárnicos se mantienen en buen estado de conservación y se limpian, desinfectan de acuerdo con lo establecido en el programa correspondiente?",yes_no_not_applicable,binary_yes_no_na,binary_yes_no_na,not_validated_insufficient_sector_sample,"Aguilar Elena doctoral thesis (2015), Annex 1, sector-specific questionnaires",1295,1297,Use as source-preserved sector-specific instrument; do not label as validated.
sec_slaughterhouse,Industria cárnica — Mataderos,final_2015_annex1_unvalidated,sector_specific_questionnaire,Industria cárnica,Mataderos,MATADEROS,21,21,SEC-SLAUGHTERHOUSE-F2015-021,"¿Todas las superficies donde se realiza el sacrificio, faenado, eviscerado, manipulación de vísceras, etc… son lisos y de fácil limpieza? Los utensilios no deberán disponer de elementos de madera.",yes_no_not_applicable,binary_yes_no_na,binary_yes_no_na,not_validated_insufficient_sector_sample,"Aguilar Elena doctoral thesis (2015), Annex 1, sector-specific questionnaires",1298,1301,Use as source-preserved sector-specific instrument; do not label as validated.
sec_slaughterhouse,Industria cárnica — Mataderos,final_2015_annex1_unvalidated,sector_specific_questionnaire,Industria cárnica,Mataderos,MATADEROS,22,22,SEC-SLAUGHTERHOUSE-F2015-022,"¿Todas las estructuras de apoyo (mesas, bandejas, carros,…) se conservan en perfecto estado y se inspeccionan, limpian periódicamente? Las superficies de trabajo se mantendrán en todo momento limpias. Es importante que toda superficie que esté en contacto directo con alimentos se haya limpiado y secado antes de utilizarlas.",yes_no_not_applicable,binary_yes_no_na,binary_yes_no_na,not_validated_insufficient_sector_sample,"Aguilar Elena doctoral thesis (2015), Annex 1, sector-specific questionnaires",1302,1306,Use as source-preserved sector-specific instrument; do not label as validated.
sec_slaughterhouse,Industria cárnica — Mataderos,final_2015_annex1_unvalidated,sector_specific_questionnaire,Industria cárnica,Mataderos,MATADEROS,23,23,SEC-SLAUGHTERHOUSE-F2015-023,"¿Se realiza la limpieza del lugar de trabajo una vez terminados los procesos de sacrificio, faenado, despiezado, etc,… para evitar que los restos orgánicos se sequen, adhieran a las superficies…?",yes_no_not_applicable,binary_yes_no_na,binary_yes_no_na,not_validated_insufficient_sector_sample,"Aguilar Elena doctoral thesis (2015), Annex 1, sector-specific questionnaires",1307,1308,Use as source-preserved sector-specific instrument; do not label as validated.
sec_slaughterhouse,Industria cárnica — Mataderos,final_2015_annex1_unvalidated,sector_specific_questionnaire,Industria cárnica,Mataderos,MATADEROS,24,24,SEC-SLAUGHTERHOUSE-F2015-024,¿Se realiza una limpieza general del lugar de trabajo de manera periódica?,yes_no_not_applicable,binary_yes_no_na,binary_yes_no_na,not_validated_insufficient_sector_sample,"Aguilar Elena doctoral thesis (2015), Annex 1, sector-specific questionnaires",1309,1309,Use as source-preserved sector-specific instrument; do not label as validated.
sec_slaughterhouse,Industria cárnica — Mataderos,final_2015_annex1_unvalidated,sector_specific_questionnaire,Industria cárnica,Mataderos,MATADEROS,25,25,SEC-SLAUGHTERHOUSE-F2015-025,"¿Existen elementos de los equipos de trabajo que se encuentren en mal estado, oxidados, etc…?",yes_no_not_applicable,binary_yes_no_na,binary_yes_no_na,not_validated_insufficient_sector_sample,"Aguilar Elena doctoral thesis (2015), Annex 1, sector-specific questionnaires",1310,1310,Use as source-preserved sector-specific instrument; do not label as validated.
sec_slaughterhouse,Industria cárnica — Mataderos,final_2015_annex1_unvalidated,sector_specific_questionnaire,Industria cárnica,Mataderos,MATADEROS,26,26,SEC-SLAUGHTERHOUSE-F2015-026,"¿Se dispone de locales adecuados e higiénicos o, si la situación climatológica lo permitiere, de corrales de espera para albergar a los animales?",yes_no_not_applicable,binary_yes_no_na,binary_yes_no_na,not_validated_insufficient_sector_sample,"Aguilar Elena doctoral thesis (2015), Annex 1, sector-specific questionnaires",1311,1312,Use as source-preserved sector-specific instrument; do not label as validated.
sec_slaughterhouse,Industria cárnica — Mataderos,final_2015_annex1_unvalidated,sector_specific_questionnaire,Industria cárnica,Mataderos,MATADEROS,27,27,SEC-SLAUGHTERHOUSE-F2015-027,"¿Los muros y los suelos de los corrales son resistentes, impermeables y fáciles de limpiar y de desinfectar? Dichos locales y corrales deberán estar equipados para el abrevado de los animales y, si fuere necesario, para su alimentación; en su caso, deberán tener redes de evacuación para la salida de los líquidos",yes_no_not_applicable,binary_yes_no_na,binary_yes_no_na,not_validated_insufficient_sector_sample,"Aguilar Elena doctoral thesis (2015), Annex 1, sector-specific questionnaires",1313,1317,Use as source-preserved sector-specific instrument; do not label as validated.
sec_slaughterhouse,Industria cárnica — Mataderos,final_2015_annex1_unvalidated,sector_specific_questionnaire,Industria cárnica,Mataderos,MATADEROS,28,28,SEC-SLAUGHTERHOUSE-F2015-028,"¿Se dispone de locales de sacrificio, de dimensiones tales que el trabajo pueda efectuarse de forma satisfactoria? Cuando, en un local de sacrificio, se procediere a la vez al sacrificio de cerdos y al de otras especies de animales, deberá estar previsto un emplazamiento especial para el sacrificio de los cerdos; no obstante, dicho emplazamiento especial no será indispensable si el sacrificio de los cerdos y el de los otros animales se hiciere en momentos diferentes, pero, en dicho caso, las operaciones de escaldado, depilado, raspado y quemado se deberán efectuar en emplazamientos especiales claramente separados de la cadena de sacrificio, bien por un espacio libre de al menos cinco metros, o bien por un tabique de por lo menos tres metros de altura",yes_no_not_applicable,binary_yes_no_na,binary_yes_no_na,not_validated_insufficient_sector_sample,"Aguilar Elena doctoral thesis (2015), Annex 1, sector-specific questionnaires",1318,1325,Use as source-preserved sector-specific instrument; do not label as validated.
sec_slaughterhouse,Industria cárnica — Mataderos,final_2015_annex1_unvalidated,sector_specific_questionnaire,Industria cárnica,Mataderos,MATADEROS,29,29,SEC-SLAUGHTERHOUSE-F2015-029,"¿Se dispone de locales separados, suficientemente amplios y exclusivamente destinados al vaciado, lavado y limpieza de los estómagos e intestinos? No obstante, dichos locales separados no serán necesarios si las operaciones de vaciado de tripas se realizan con un equipo mecánico, de circuito cerrado, provisto de un sistema de ventilación adecuado, que satisfaga los requisitos siguientes: El equipo deberá estar instalado y colocado de tal manera que se efectúen de manera higiénica las operaciones de separación de los intestinos del estómago, y de vaciado y de limpieza de tripas. Dicho equipo deberá estar colocado en un lugar especial, claramente separado mediante un tabique que se eleve desde el suelo hasta una altura de tres metros como mínimo alrededor del área en la que se efectúen las operaciones.",yes_no_not_applicable,binary_yes_no_na,binary_yes_no_na,not_validated_insufficient_sector_sample,"Aguilar Elena doctoral thesis (2015), Annex 1, sector-specific questionnaires",1326,1334,Use as source-preserved sector-specific instrument; do not label as validated.
sec_slaughterhouse,Industria cárnica — Mataderos,final_2015_annex1_unvalidated,sector_specific_questionnaire,Industria cárnica,Mataderos,MATADEROS,30,30,SEC-SLAUGHTERHOUSE-F2015-030,¿Se dispone de un dispositivo de extracción de aire? Dicho dispositivo deberá funcionar en condiciones idóneas para eliminar los olores así como el riesgo de contaminación por polvos y aerosoles.,yes_no_not_applicable,binary_yes_no_na,binary_yes_no_na,not_validated_insufficient_sector_sample,"Aguilar Elena doctoral thesis (2015), Annex 1, sector-specific questionnaires",1335,1338,Use as source-preserved sector-specific instrument; do not label as validated.
sec_slaughterhouse,Industria cárnica — Mataderos,final_2015_annex1_unvalidated,sector_specific_questionnaire,Industria cárnica,Mataderos,MATADEROS,31,31,SEC-SLAUGHTERHOUSE-F2015-031,"¿La maquinaria está equipada con un dispositivo que permita la evacuación, en circuito cerrado, de las aguas residuales, sangre y del contenido de las tripas hacia el sistema de drenaje?",yes_no_not_applicable,binary_yes_no_na,binary_yes_no_na,not_validated_insufficient_sector_sample,"Aguilar Elena doctoral thesis (2015), Annex 1, sector-specific questionnaires",1339,1340,Use as source-preserved sector-specific instrument; do not label as validated.
sec_slaughterhouse,Industria cárnica — Mataderos,final_2015_annex1_unvalidated,sector_specific_questionnaire,Industria cárnica,Mataderos,MATADEROS,32,32,SEC-SLAUGHTERHOUSE-F2015-032,"¿Se dispone de salas separadas para la transformación de tripas, preparación y limpieza de otros despojos (cabezas…) y cuernos, cuerpos y pezuñas?",yes_no_not_applicable,binary_yes_no_na,binary_yes_no_na,not_validated_insufficient_sector_sample,"Aguilar Elena doctoral thesis (2015), Annex 1, sector-specific questionnaires",1341,1342,Use as source-preserved sector-specific instrument; do not label as validated.
sec_slaughterhouse,Industria cárnica — Mataderos,final_2015_annex1_unvalidated,sector_specific_questionnaire,Industria cárnica,Mataderos,MATADEROS,33,33,SEC-SLAUGHTERHOUSE-F2015-033,"En los casos en los que los despojos no sean evacuados directamente del matadero el mismo día del sacrificio, ¿se mantienen en contenedores cerrados y herméticos a la espera de su evacuación?",yes_no_not_applicable,binary_yes_no_na,binary_yes_no_na,not_validated_insufficient_sector_sample,"Aguilar Elena doctoral thesis (2015), Annex 1, sector-specific questionnaires",1343,1345,Use as source-preserved sector-specific instrument; do not label as validated.
sec_slaughterhouse,Industria cárnica — Mataderos,final_2015_annex1_unvalidated,sector_specific_questionnaire,Industria cárnica,Mataderos,MATADEROS,34,34,SEC-SLAUGHTERHOUSE-F2015-034,"¿Se dispone de un emplazamiento separado para el embalaje de los despojos, si el trabajo se efectúa en el matadero?",yes_no_not_applicable,binary_yes_no_na,binary_yes_no_na,not_validated_insufficient_sector_sample,"Aguilar Elena doctoral thesis (2015), Annex 1, sector-specific questionnaires",1346,1347,Use as source-preserved sector-specific instrument; do not label as validated.
sec_slaughterhouse,Industria cárnica — Mataderos,final_2015_annex1_unvalidated,sector_specific_questionnaire,Industria cárnica,Mataderos,MATADEROS,35,35,SEC-SLAUGHTERHOUSE-F2015-035,"¿Se dispone de locales cerrados con llave o, si la situación climatológica lo permitiere, de corrales, reservados para albergar a los animales enfermos o sospechosos, situados en un emplazamiento adecuado y provistos de un dispositivo de evacuación distinto; de locales cerrados con llave reservados al sacrificio de dichos animales, al almacenamiento de las carnes consignadas y al de las carnes declaradas no aptas para el consumo humano? Los locales reservados al sacrificio de dichos animales no serán indispensables en los establecimientos no autorizados por la autoridad competente para el sacrificio de dichos animales, o cuando dicho sacrificio se realice al término de los sacrificios normales y si se toman medidas para evitar la contaminación de las carnes declaradas aptas para el consumo humano. En este caso, deberán limpiarse y desinfectarse especialmente los locales bajo control oficial antes de volver a utilizarlos para el sacrificio de animales no enfermos ni sospechosos de estarlo",yes_no_not_applicable,binary_yes_no_na,binary_yes_no_na,not_validated_insufficient_sector_sample,"Aguilar Elena doctoral thesis (2015), Annex 1, sector-specific questionnaires",1348,1358,Use as source-preserved sector-specific instrument; do not label as validated.
sec_slaughterhouse,Industria cárnica — Mataderos,final_2015_annex1_unvalidated,sector_specific_questionnaire,Industria cárnica,Mataderos,MATADEROS,36,36,SEC-SLAUGHTERHOUSE-F2015-036,"¿El personal que manipula carnes frescas, envasadas o no , o que trabaje en locales o zonas en los que se manipulen, embalen o transporten dichas carnes lleva, en particular, un tocado y un calzado limpios y fáciles de limpiar, una vestimenta de trabajo de color claro y, en su caso, cubrenucas u otras prendas de protección?",yes_no_not_applicable,binary_yes_no_na,binary_yes_no_na,not_validated_insufficient_sector_sample,"Aguilar Elena doctoral thesis (2015), Annex 1, sector-specific questionnaires",1359,1362,Use as source-preserved sector-specific instrument; do not label as validated.
sec_slaughterhouse,Industria cárnica — Mataderos,final_2015_annex1_unvalidated,sector_specific_questionnaire,Industria cárnica,Mataderos,MATADEROS,37,37,SEC-SLAUGHTERHOUSE-F2015-037,"¿El personal asignado al sacrificio de los animales, al faenado o a la manipulación de carnes frescas lleva una vestimenta de trabajo limpia al comienzo de cada jornada laboral y, si fuese necesario, cambia dicha vestimenta durante la jornada y se lava y desinfecta las manos varias veces en el transcurso de una misma jornada de trabajo, así como en cada reiniciación del trabajo?",yes_no_not_applicable,binary_yes_no_na,binary_yes_no_na,not_validated_insufficient_sector_sample,"Aguilar Elena doctoral thesis (2015), Annex 1, sector-specific questionnaires",1363,1371,Use as source-preserved sector-specific instrument; do not label as validated.
sec_slaughterhouse,Industria cárnica — Mataderos,final_2015_annex1_unvalidated,sector_specific_questionnaire,Industria cárnica,Mataderos,MATADEROS,38,38,SEC-SLAUGHTERHOUSE-F2015-038,"¿Existen sistemas de limpieza tipo lavabotas, lavamanos en zonas de entrada y salida a los locales?",yes_no_not_applicable,binary_yes_no_na,binary_yes_no_na,not_validated_insufficient_sector_sample,"Aguilar Elena doctoral thesis (2015), Annex 1, sector-specific questionnaires",1372,1373,Use as source-preserved sector-specific instrument; do not label as validated.
sec_slaughterhouse,Industria cárnica — Mataderos,final_2015_annex1_unvalidated,sector_specific_questionnaire,Industria cárnica,Mataderos,MATADEROS,39,39,SEC-SLAUGHTERHOUSE-F2015-039,¿El personal que haya estado en contacto con animales enfermos o con carnes infectadas se lava inmediatamente y cuidadosamente las manos y los brazos con agua caliente y luego los desinfectan?,yes_no_not_applicable,binary_yes_no_na,binary_yes_no_na,not_validated_insufficient_sector_sample,"Aguilar Elena doctoral thesis (2015), Annex 1, sector-specific questionnaires",1374,1376,Use as source-preserved sector-specific instrument; do not label as validated.
sec_slaughterhouse,Industria cárnica — Mataderos,final_2015_annex1_unvalidated,sector_specific_questionnaire,Industria cárnica,Mataderos,MATADEROS,40,40,SEC-SLAUGHTERHOUSE-F2015-040,"¿El material y los instrumentos utilizados para el faenado de las carnes frescas se mantienen buen estado de conservación y de limpieza? Deberán limpiarse y desinfectarse cuidadosamente varias veces en el transcurso de una misma jornada de trabajo, así como al final de las operaciones de la jornada y antes de volver a utilizarlos cuando se hayan manchado",yes_no_not_applicable,binary_yes_no_na,binary_yes_no_na,not_validated_insufficient_sector_sample,"Aguilar Elena doctoral thesis (2015), Annex 1, sector-specific questionnaires",1377,1381,Use as source-preserved sector-specific instrument; do not label as validated.
sec_slaughterhouse,Industria cárnica — Mataderos,final_2015_annex1_unvalidated,sector_specific_questionnaire,Industria cárnica,Mataderos,MATADEROS,41,41,SEC-SLAUGHTERHOUSE-F2015-041,¿Durante el sacrificio y faenado se limpian los utensilios utilizados cada poco tiempo?,yes_no_not_applicable,binary_yes_no_na,binary_yes_no_na,not_validated_insufficient_sector_sample,"Aguilar Elena doctoral thesis (2015), Annex 1, sector-specific questionnaires",1382,1382,Use as source-preserved sector-specific instrument; do not label as validated.
sec_slaughterhouse,Industria cárnica — Mataderos,final_2015_annex1_unvalidated,sector_specific_questionnaire,Industria cárnica,Mataderos,MATADEROS,42,42,SEC-SLAUGHTERHOUSE-F2015-042,¿Está prohibido esparcir serrín o cualquier otra materia análoga en el suelo de los locales de faenado y de almacenamiento de carnes frescas?,yes_no_not_applicable,binary_yes_no_na,binary_yes_no_na,not_validated_insufficient_sector_sample,"Aguilar Elena doctoral thesis (2015), Annex 1, sector-specific questionnaires",1383,1384,Use as source-preserved sector-specific instrument; do not label as validated.
sec_slaughterhouse,Industria cárnica — Mataderos,final_2015_annex1_unvalidated,sector_specific_questionnaire,Industria cárnica,Mataderos,MATADEROS,43,43,SEC-SLAUGHTERHOUSE-F2015-043,"¿Los detergentes, desinfectantes y sustancias similares se utilizan de forma que no afectan a los equipos e instrumentos de trabajo? ¿Después de su utilización se enjuagan completamente dichos equipos e instrumentos de trabajo con agua potable?",yes_no_not_applicable,binary_yes_no_na,binary_yes_no_na,not_validated_insufficient_sector_sample,"Aguilar Elena doctoral thesis (2015), Annex 1, sector-specific questionnaires",1385,1387,Use as source-preserved sector-specific instrument; do not label as validated.
sec_slaughterhouse,Industria cárnica — Mataderos,final_2015_annex1_unvalidated,sector_specific_questionnaire,Industria cárnica,Mataderos,MATADEROS,44,44,SEC-SLAUGHTERHOUSE-F2015-044,¿Los locales frigoríficos son limpiados y desinfectados periódicamente al igual que el resto de la instalación?,yes_no_not_applicable,binary_yes_no_na,binary_yes_no_na,not_validated_insufficient_sector_sample,"Aguilar Elena doctoral thesis (2015), Annex 1, sector-specific questionnaires",1388,1389,Use as source-preserved sector-specific instrument; do not label as validated.
sec_slaughterhouse,Industria cárnica — Mataderos,final_2015_annex1_unvalidated,sector_specific_questionnaire,Industria cárnica,Mataderos,MATADEROS,45,45,SEC-SLAUGHTERHOUSE-F2015-045,"En la medida en que el estiércol estuviese almacenado en el recinto del matadero, ¿Se dispone de un emplazamiento especialmente acondicionado para dicho estiércol?",yes_no_not_applicable,binary_yes_no_na,binary_yes_no_na,not_validated_insufficient_sector_sample,"Aguilar Elena doctoral thesis (2015), Annex 1, sector-specific questionnaires",1390,1391,Use as source-preserved sector-specific instrument; do not label as validated.
sec_slaughterhouse,Industria cárnica — Mataderos,final_2015_annex1_unvalidated,sector_specific_questionnaire,Industria cárnica,Mataderos,MATADEROS,46,46,SEC-SLAUGHTERHOUSE-F2015-046,"¿La sangre destinada al consumo humano se recoge en recipientes perfectamente limpios y no se agita mano, sino únicamente con la ayuda de instrumentos que se ajustan a las exigencias higiénicas?",yes_no_not_applicable,binary_yes_no_na,binary_yes_no_na,not_validated_insufficient_sector_sample,"Aguilar Elena doctoral thesis (2015), Annex 1, sector-specific questionnaires",1392,1394,Use as source-preserved sector-specific instrument; do not label as validated.
sec_slaughterhouse,Industria cárnica — Mataderos,final_2015_annex1_unvalidated,sector_specific_questionnaire,Industria cárnica,Mataderos,MATADEROS,47,47,SEC-SLAUGHTERHOUSE-F2015-047,"Las carnes retenidas en observación o declaradas no aptas para el consumo humano, los estómagos, los intestinos y los subproductos no comestibles ¿se retiran en recipientes especiales concebidos para evitar la contaminación?",yes_no_not_applicable,binary_yes_no_na,binary_yes_no_na,not_validated_insufficient_sector_sample,"Aguilar Elena doctoral thesis (2015), Annex 1, sector-specific questionnaires",1395,1397,Use as source-preserved sector-specific instrument; do not label as validated.
sec_slaughterhouse,Industria cárnica — Mataderos,final_2015_annex1_unvalidated,sector_specific_questionnaire,Industria cárnica,Mataderos,MATADEROS,48,48,SEC-SLAUGHTERHOUSE-F2015-048,"Durante el sacrificio, lavado, eviscerado, etc… ¿Se utilizan protectores auditivos? Se deberá determinar qué tipo de protectores son más aconsejables durante estas tareas (tipo tapón o tipo casco) debido fundamentalmente a que los protectores auditivos tipo tapón tienen más posibilidad de introducir suciedad directamente en el conducto auditivo (aunque son desechables y esto es una ventaja) y sin embargo los protectores tipo cascos son más propensos a ensuciarse tanto externamente como internamente, se limpian más difícilmente y son más incómodos de mantenerse puestos durante toda la jornada.",yes_no_not_applicable,binary_yes_no_na,binary_yes_no_na,not_validated_insufficient_sector_sample,"Aguilar Elena doctoral thesis (2015), Annex 1, sector-specific questionnaires",1398,1404,Use as source-preserved sector-specific instrument; do not label as validated.
sec_slaughterhouse,Industria cárnica — Mataderos,final_2015_annex1_unvalidated,sector_specific_questionnaire,Industria cárnica,Mataderos,MATADEROS,49,49,SEC-SLAUGHTERHOUSE-F2015-049,"¿Se evita que los trabajadores, debido a la actividad que desarrollan, los trabajadores puedan sufrir cortes, pinchazos (uso de guantes de malla, por ejemplo)?",yes_no_not_applicable,binary_yes_no_na,binary_yes_no_na,not_validated_insufficient_sector_sample,"Aguilar Elena doctoral thesis (2015), Annex 1, sector-specific questionnaires",1405,1406,Use as source-preserved sector-specific instrument; do not label as validated.
sec_slaughterhouse,Industria cárnica — Mataderos,final_2015_annex1_unvalidated,sector_specific_questionnaire,Industria cárnica,Mataderos,MATADEROS,50,50,SEC-SLAUGHTERHOUSE-F2015-050,"Durante el faenado ¿se utilizan guantes de látex o goma para el manejo de las vísceras, órganos rojos, etc…)?",yes_no_not_applicable,binary_yes_no_na,binary_yes_no_na,not_validated_insufficient_sector_sample,"Aguilar Elena doctoral thesis (2015), Annex 1, sector-specific questionnaires",1407,1408,Use as source-preserved sector-specific instrument; do not label as validated.
sec_slaughterhouse,Industria cárnica — Mataderos,final_2015_annex1_unvalidated,sector_specific_questionnaire,Industria cárnica,Mataderos,MATADEROS,51,51,SEC-SLAUGHTERHOUSE-F2015-051,"Durante el faenado ¿se utilizan gafas o pantalla facial para manejo de las vísceras, órganos rojos, etc…)?",yes_no_not_applicable,binary_yes_no_na,binary_yes_no_na,not_validated_insufficient_sector_sample,"Aguilar Elena doctoral thesis (2015), Annex 1, sector-specific questionnaires",1409,1410,Use as source-preserved sector-specific instrument; do not label as validated.
sec_slaughterhouse,Industria cárnica — Mataderos,final_2015_annex1_unvalidated,sector_specific_questionnaire,Industria cárnica,Mataderos,MATADEROS,52,52,SEC-SLAUGHTERHOUSE-F2015-052,Durante el despiece de animales ¿se utilizan manguitos protectores del antebrazo para evitar cortes con los cuchillos?,yes_no_not_applicable,binary_yes_no_na,binary_yes_no_na,not_validated_insufficient_sector_sample,"Aguilar Elena doctoral thesis (2015), Annex 1, sector-specific questionnaires",1411,1412,Use as source-preserved sector-specific instrument; do not label as validated.
sec_bovine_slaughterhouse,Industria cárnica — Mataderos de bovino,final_2015_annex1_unvalidated,sector_specific_questionnaire,Industria cárnica,Mataderos de bovino,MATADEROS DE BOVINO,1,1,SEC-BOVINE-SLAUGHTERHOUSE-F2015-001,"¿Las paredes son lisas, resistentes e impermeables, recubiertas de un revestimiento lavable y claro hasta una altura de por lo menos dos metros, pero de por lo menos tres metros en los locales de sacrificio y de por lo menos la altura del almacenamiento en los locales de refrigeración y de almacenamiento? La línea de unión de las paredes y del suelo debe ser redondeada o estar dotada de un terminado similar",yes_no_not_applicable,binary_yes_no_na,binary_yes_no_na,not_validated_insufficient_sector_sample,"Aguilar Elena doctoral thesis (2015), Annex 1, sector-specific questionnaires",1434,1439,Use as source-preserved sector-specific instrument; do not label as validated.
sec_bovine_slaughterhouse,Industria cárnica — Mataderos de bovino,final_2015_annex1_unvalidated,sector_specific_questionnaire,Industria cárnica,Mataderos de bovino,MATADEROS DE BOVINO,2,2,SEC-BOVINE-SLAUGHTERHOUSE-F2015-002,"¿Se dispone de dispositivos para la desinfección de los útiles, provistos de agua a una temperatura mínima de 82 ºC o de otros sistemas similares eficaces?",yes_no_not_applicable,binary_yes_no_na,binary_yes_no_na,not_validated_insufficient_sector_sample,"Aguilar Elena doctoral thesis (2015), Annex 1, sector-specific questionnaires",1440,1441,Use as source-preserved sector-specific instrument; do not label as validated.
sec_bovine_slaughterhouse,Industria cárnica — Mataderos de bovino,final_2015_annex1_unvalidated,sector_specific_questionnaire,Industria cárnica,Mataderos de bovino,MATADEROS DE BOVINO,3,3,SEC-BOVINE-SLAUGHTERHOUSE-F2015-003,"¿Se dispone de dispositivos adecuados de protección contra los animales indeseables tales como insectos o roedores (insectocultores y rodenticidas) en los accesos al matadero y en zonas claves del mismo (almacenes, zonas de sacrificio, zonas de entrada de corrales)?",yes_no_not_applicable,binary_yes_no_na,binary_yes_no_na,not_validated_insufficient_sector_sample,"Aguilar Elena doctoral thesis (2015), Annex 1, sector-specific questionnaires",1442,1444,Use as source-preserved sector-specific instrument; do not label as validated.
sec_bovine_slaughterhouse,Industria cárnica — Mataderos de bovino,final_2015_annex1_unvalidated,sector_specific_questionnaire,Industria cárnica,Mataderos de bovino,MATADEROS DE BOVINO,4,4,SEC-BOVINE-SLAUGHTERHOUSE-F2015-004,"¿Se dispone de una instalación que permita el suministro de agua potable, a presión y en cantidad suficiente? No obstante, con carácter excepcional, se autorizará una instalación que proporcione agua no potable para la producción de vapor, la lucha contra incendios y la refrigeración de equipos frigoríficos, a condición de que los conductos instalados a tal efecto no permitan la utilización de dicha agua para otros fines y no presenten ningún riesgo de contaminación. Los conductos de agua no potable deberán estar bien diferenciados de aquellos que se utilicen para el agua potable",yes_no_not_applicable,binary_yes_no_na,binary_yes_no_na,not_validated_insufficient_sector_sample,"Aguilar Elena doctoral thesis (2015), Annex 1, sector-specific questionnaires",1445,1450,Use as source-preserved sector-specific instrument; do not label as validated.
sec_bovine_slaughterhouse,Industria cárnica — Mataderos de bovino,final_2015_annex1_unvalidated,sector_specific_questionnaire,Industria cárnica,Mataderos de bovino,MATADEROS DE BOVINO,5,5,SEC-BOVINE-SLAUGHTERHOUSE-F2015-005,"¿Se dispone de un emplazamiento e instalaciones adecuadas para la limpieza y la desinfección de los medios de transporte de carnes, salvo en el caso de almacenes frigoríficos que únicamente reciban y almacenen, para su expedición, carnes frescas higiénicamente embaladas? Los mataderos deberán disponer de un emplazamiento e instalaciones distintos para los medios de transporte de animales de abasto. No obstante, dichos emplazamientos y dichas instalaciones no serán obligatorios si existen disposiciones que obliguen a la limpieza y a la desinfección de los medios de transporte en locales oficialmente autorizados",yes_no_not_applicable,binary_yes_no_na,binary_yes_no_na,not_validated_insufficient_sector_sample,"Aguilar Elena doctoral thesis (2015), Annex 1, sector-specific questionnaires",1451,1457,Use as source-preserved sector-specific instrument; do not label as validated.
sec_bovine_slaughterhouse,Industria cárnica — Mataderos de bovino,final_2015_annex1_unvalidated,sector_specific_questionnaire,Industria cárnica,Mataderos de bovino,MATADEROS DE BOVINO,6,6,SEC-BOVINE-SLAUGHTERHOUSE-F2015-006,"¿Las instalaciones de oficinas, laboratorios de calidad, etc,… se encuentran separados físicamente de las instalaciones generales del laboratorio?",yes_no_not_applicable,binary_yes_no_na,binary_yes_no_na,not_validated_insufficient_sector_sample,"Aguilar Elena doctoral thesis (2015), Annex 1, sector-specific questionnaires",1458,1459,Use as source-preserved sector-specific instrument; do not label as validated.
sec_bovine_slaughterhouse,Industria cárnica — Mataderos de bovino,final_2015_annex1_unvalidated,sector_specific_questionnaire,Industria cárnica,Mataderos de bovino,MATADEROS DE BOVINO,7,7,SEC-BOVINE-SLAUGHTERHOUSE-F2015-007,"¿Se dispone de útiles y equipos resistentes a la corrosión que satisfagan las exigencias de higiene para la colocación de los recipientes utilizados para la carne, de forma que se impida que la carne o los recipientes entren en contacto directo con el suelo o las paredes?",yes_no_not_applicable,binary_yes_no_na,binary_yes_no_na,not_validated_insufficient_sector_sample,"Aguilar Elena doctoral thesis (2015), Annex 1, sector-specific questionnaires",1460,1462,Use as source-preserved sector-specific instrument; do not label as validated.
sec_bovine_slaughterhouse,Industria cárnica — Mataderos de bovino,final_2015_annex1_unvalidated,sector_specific_questionnaire,Industria cárnica,Mataderos de bovino,MATADEROS DE BOVINO,8,8,SEC-BOVINE-SLAUGHTERHOUSE-F2015-008,"¿Se dispone de recipientes especiales, estancos, en materiales inalterables, provistos de una tapadera y de un sistema de cierre que impida que las personas no autorizadas puedan sacar su contenido, destinados a recibir las carnes no destinadas al consumo humano, o de un local cerrado con llave destinado a recibir las carnes si su abundancia lo hace necesario o si no se retiran o destruyen al final de cada jornada de trabajo; cuando dichas carnes sean evacuadas por conductos, los conductos deberán estar construidos e instalados de forma que se evite cualquier riesgo de contaminación de las carnes frescas?",yes_no_not_applicable,binary_yes_no_na,binary_yes_no_na,not_validated_insufficient_sector_sample,"Aguilar Elena doctoral thesis (2015), Annex 1, sector-specific questionnaires",1463,1469,Use as source-preserved sector-specific instrument; do not label as validated.
sec_bovine_slaughterhouse,Industria cárnica — Mataderos de bovino,final_2015_annex1_unvalidated,sector_specific_questionnaire,Industria cárnica,Mataderos de bovino,MATADEROS DE BOVINO,9,9,SEC-BOVINE-SLAUGHTERHOUSE-F2015-009,"¿Se dispone de equipos para el almacenamiento higiénico de los materiales de envasado y de embalaje, cuando dichas actividades se lleven a cabo en el establecimiento?",yes_no_not_applicable,binary_yes_no_na,binary_yes_no_na,not_validated_insufficient_sector_sample,"Aguilar Elena doctoral thesis (2015), Annex 1, sector-specific questionnaires",1470,1471,Use as source-preserved sector-specific instrument; do not label as validated.
sec_bovine_slaughterhouse,Industria cárnica — Mataderos de bovino,final_2015_annex1_unvalidated,sector_specific_questionnaire,Industria cárnica,Mataderos de bovino,MATADEROS DE BOVINO,10,10,SEC-BOVINE-SLAUGHTERHOUSE-F2015-010,¿Los equipos de trabajo se limpian y/o desinfectan periódicamente?,yes_no_not_applicable,binary_yes_no_na,binary_yes_no_na,not_validated_insufficient_sector_sample,"Aguilar Elena doctoral thesis (2015), Annex 1, sector-specific questionnaires",1472,1472,Use as source-preserved sector-specific instrument; do not label as validated.
sec_bovine_slaughterhouse,Industria cárnica — Mataderos de bovino,final_2015_annex1_unvalidated,sector_specific_questionnaire,Industria cárnica,Mataderos de bovino,MATADEROS DE BOVINO,11,11,SEC-BOVINE-SLAUGHTERHOUSE-F2015-011,¿Se dispone de equipos de refrigeración que permitan mantener en las carnes las temperaturas internas exigidas? Dichos equipos deberán contar con un sistema de evacuación que permita la salida del agua de condensación de tal forma que no presente ningún riesgo de contaminación para las carnes y los trabajadores.,yes_no_not_applicable,binary_yes_no_na,binary_yes_no_na,not_validated_insufficient_sector_sample,"Aguilar Elena doctoral thesis (2015), Annex 1, sector-specific questionnaires",1473,1477,Use as source-preserved sector-specific instrument; do not label as validated.
sec_bovine_slaughterhouse,Industria cárnica — Mataderos de bovino,final_2015_annex1_unvalidated,sector_specific_questionnaire,Industria cárnica,Mataderos de bovino,MATADEROS DE BOVINO,12,12,SEC-BOVINE-SLAUGHTERHOUSE-F2015-012,"¿Se dispone de dispositivos y útiles de trabajo, tales como mesas de despiece, bandejas de despiece amovibles, recipientes, bandas transportadoras y sierras, en materiales resistentes a la corrosión fáciles de limpiar y de desinfectar?",yes_no_not_applicable,binary_yes_no_na,binary_yes_no_na,not_validated_insufficient_sector_sample,"Aguilar Elena doctoral thesis (2015), Annex 1, sector-specific questionnaires",1478,1480,Use as source-preserved sector-specific instrument; do not label as validated.
sec_bovine_slaughterhouse,Industria cárnica — Mataderos de bovino,final_2015_annex1_unvalidated,sector_specific_questionnaire,Industria cárnica,Mataderos de bovino,MATADEROS DE BOVINO,13,13,SEC-BOVINE-SLAUGHTERHOUSE-F2015-013,"¿Las superficies que entren o puedan entrar en contacto con las carnes, incluidas las soldaduras y las juntas, son lisas? Estará prohibido el empleo de la madera, salvo en los locales donde se encuentren únicamente las carnes frescas embaladas de forma higiénica",yes_no_not_applicable,binary_yes_no_na,binary_yes_no_na,not_validated_insufficient_sector_sample,"Aguilar Elena doctoral thesis (2015), Annex 1, sector-specific questionnaires",1481,1485,Use as source-preserved sector-specific instrument; do not label as validated.
sec_bovine_slaughterhouse,Industria cárnica — Mataderos de bovino,final_2015_annex1_unvalidated,sector_specific_questionnaire,Industria cárnica,Mataderos de bovino,MATADEROS DE BOVINO,14,14,SEC-BOVINE-SLAUGHTERHOUSE-F2015-014,"¿Se dispone de maquinaria que evite o reduzca sensiblemente la liberación de contaminantes biológicos en el lugar de trabajo (generación de polvo o aerosoles)? Por ejemplo las máquinas lavadoras, peladoras, etc…",yes_no_not_applicable,binary_yes_no_na,binary_yes_no_na,not_validated_insufficient_sector_sample,"Aguilar Elena doctoral thesis (2015), Annex 1, sector-specific questionnaires",1486,1494,Use as source-preserved sector-specific instrument; do not label as validated.
sec_bovine_slaughterhouse,Industria cárnica — Mataderos de bovino,final_2015_annex1_unvalidated,sector_specific_questionnaire,Industria cárnica,Mataderos de bovino,MATADEROS DE BOVINO,15,15,SEC-BOVINE-SLAUGHTERHOUSE-F2015-015,"¿Se utilizan herramientas adecuadas que minimicen el riesgo de cortes o heridas inherentes a estas (como por ejemplo: cuchillos con mango no resbaladizo o con un tope final en el mango imposibilitando que al resbalarse la mano por acción de grasas, etc, se produzcan cortes)?",yes_no_not_applicable,binary_yes_no_na,binary_yes_no_na,not_validated_insufficient_sector_sample,"Aguilar Elena doctoral thesis (2015), Annex 1, sector-specific questionnaires",1495,1498,Use as source-preserved sector-specific instrument; do not label as validated.
sec_bovine_slaughterhouse,Industria cárnica — Mataderos de bovino,final_2015_annex1_unvalidated,sector_specific_questionnaire,Industria cárnica,Mataderos de bovino,MATADEROS DE BOVINO,16,16,SEC-BOVINE-SLAUGHTERHOUSE-F2015-016,"¿Los equipos y utensilios destinados a la elaboración de productos cárnicos se mantienen en buen estado de conservación y se limpian, desinfectan de acuerdo con lo establecido en el programa correspondiente?",yes_no_not_applicable,binary_yes_no_na,binary_yes_no_na,not_validated_insufficient_sector_sample,"Aguilar Elena doctoral thesis (2015), Annex 1, sector-specific questionnaires",1499,1501,Use as source-preserved sector-specific instrument; do not label as validated.
sec_bovine_slaughterhouse,Industria cárnica — Mataderos de bovino,final_2015_annex1_unvalidated,sector_specific_questionnaire,Industria cárnica,Mataderos de bovino,MATADEROS DE BOVINO,17,17,SEC-BOVINE-SLAUGHTERHOUSE-F2015-017,"¿Todas las superficies donde se realiza el sacrificio, faenado, eviscerado, manipulación de vísceras, etc… son lisos y de fácil limpieza? Los utensilios no deberán disponer de elementos de madera.",yes_no_not_applicable,binary_yes_no_na,binary_yes_no_na,not_validated_insufficient_sector_sample,"Aguilar Elena doctoral thesis (2015), Annex 1, sector-specific questionnaires",1502,1505,Use as source-preserved sector-specific instrument; do not label as validated.
sec_bovine_slaughterhouse,Industria cárnica — Mataderos de bovino,final_2015_annex1_unvalidated,sector_specific_questionnaire,Industria cárnica,Mataderos de bovino,MATADEROS DE BOVINO,18,18,SEC-BOVINE-SLAUGHTERHOUSE-F2015-018,"¿Todas las estructuras de apoyo (mesas, bandejas, carros,…) se conservan en perfecto estado y se inspeccionan, limpian periódicamente? Las superficies de trabajo se mantendrán en todo momento limpias. Es importante que toda superficie que esté en contacto directo con alimentos se haya limpiado y secado antes de utilizarlas.",yes_no_not_applicable,binary_yes_no_na,binary_yes_no_na,not_validated_insufficient_sector_sample,"Aguilar Elena doctoral thesis (2015), Annex 1, sector-specific questionnaires",1506,1510,Use as source-preserved sector-specific instrument; do not label as validated.
sec_bovine_slaughterhouse,Industria cárnica — Mataderos de bovino,final_2015_annex1_unvalidated,sector_specific_questionnaire,Industria cárnica,Mataderos de bovino,MATADEROS DE BOVINO,19,19,SEC-BOVINE-SLAUGHTERHOUSE-F2015-019,"¿Se realiza la limpieza del lugar de trabajo una vez terminados los procesos de sacrificio, faenado, despiezado, etc,… para evitar que los restos orgánicos se sequen, adhieran a las superficies…?",yes_no_not_applicable,binary_yes_no_na,binary_yes_no_na,not_validated_insufficient_sector_sample,"Aguilar Elena doctoral thesis (2015), Annex 1, sector-specific questionnaires",1511,1512,Use as source-preserved sector-specific instrument; do not label as validated.
sec_bovine_slaughterhouse,Industria cárnica — Mataderos de bovino,final_2015_annex1_unvalidated,sector_specific_questionnaire,Industria cárnica,Mataderos de bovino,MATADEROS DE BOVINO,20,20,SEC-BOVINE-SLAUGHTERHOUSE-F2015-020,¿Se realiza una limpieza general del lugar de trabajo de manera periódica?,yes_no_not_applicable,binary_yes_no_na,binary_yes_no_na,not_validated_insufficient_sector_sample,"Aguilar Elena doctoral thesis (2015), Annex 1, sector-specific questionnaires",1513,1513,Use as source-preserved sector-specific instrument; do not label as validated.
sec_bovine_slaughterhouse,Industria cárnica — Mataderos de bovino,final_2015_annex1_unvalidated,sector_specific_questionnaire,Industria cárnica,Mataderos de bovino,MATADEROS DE BOVINO,21,21,SEC-BOVINE-SLAUGHTERHOUSE-F2015-021,"¿Los elementos de los equipos de trabajo que se encuentren en buen estado (no están oxidados, etc…)?",yes_no_not_applicable,binary_yes_no_na,binary_yes_no_na,not_validated_insufficient_sector_sample,"Aguilar Elena doctoral thesis (2015), Annex 1, sector-specific questionnaires",1514,1515,Use as source-preserved sector-specific instrument; do not label as validated.
sec_bovine_slaughterhouse,Industria cárnica — Mataderos de bovino,final_2015_annex1_unvalidated,sector_specific_questionnaire,Industria cárnica,Mataderos de bovino,MATADEROS DE BOVINO,22,22,SEC-BOVINE-SLAUGHTERHOUSE-F2015-022,"¿Se dispone de locales adecuados e higiénicos o, si la situación climatológica lo permitiere, de corrales de espera para albergar a los animales?",yes_no_not_applicable,binary_yes_no_na,binary_yes_no_na,not_validated_insufficient_sector_sample,"Aguilar Elena doctoral thesis (2015), Annex 1, sector-specific questionnaires",1516,1517,Use as source-preserved sector-specific instrument; do not label as validated.
sec_bovine_slaughterhouse,Industria cárnica — Mataderos de bovino,final_2015_annex1_unvalidated,sector_specific_questionnaire,Industria cárnica,Mataderos de bovino,MATADEROS DE BOVINO,23,23,SEC-BOVINE-SLAUGHTERHOUSE-F2015-023,"¿Los muros y los suelos de los corrales son resistentes, impermeables y fáciles de limpiar y de desinfectar? Dichos locales y corrales deberán estar equipados para el abrevado de los animales y, si fuere necesario, para su alimentación; en su caso, deberán tener redes de evacuación para la salida de los líquidos",yes_no_not_applicable,binary_yes_no_na,binary_yes_no_na,not_validated_insufficient_sector_sample,"Aguilar Elena doctoral thesis (2015), Annex 1, sector-specific questionnaires",1518,1522,Use as source-preserved sector-specific instrument; do not label as validated.
sec_bovine_slaughterhouse,Industria cárnica — Mataderos de bovino,final_2015_annex1_unvalidated,sector_specific_questionnaire,Industria cárnica,Mataderos de bovino,MATADEROS DE BOVINO,24,24,SEC-BOVINE-SLAUGHTERHOUSE-F2015-024,"¿Se dispone de locales de sacrificio, de dimensiones tales que el trabajo pueda efectuarse de forma satisfactoria? Cuando, en un local de sacrificio, se procediere a la vez al sacrificio de cerdos y al de otras especies de animales, deberá estar previsto un emplazamiento especial para el sacrificio de los cerdos; no obstante, dicho emplazamiento especial no será indispensable si el sacrificio de los cerdos y el de los otros animales se hiciere en momentos diferentes, pero, en dicho caso, las operaciones de escaldado, depilado, raspado y quemado se deberán efectuar en emplazamientos especiales claramente separados de la cadena de sacrificio, bien por un espacio libre de al menos cinco metros, o bien por un tabique de por lo menos tres metros de altura",yes_no_not_applicable,binary_yes_no_na,binary_yes_no_na,not_validated_insufficient_sector_sample,"Aguilar Elena doctoral thesis (2015), Annex 1, sector-specific questionnaires",1523,1530,Use as source-preserved sector-specific instrument; do not label as validated.
sec_bovine_slaughterhouse,Industria cárnica — Mataderos de bovino,final_2015_annex1_unvalidated,sector_specific_questionnaire,Industria cárnica,Mataderos de bovino,MATADEROS DE BOVINO,25,25,SEC-BOVINE-SLAUGHTERHOUSE-F2015-025,"¿Se utilizan métodos de aturdimiento animal de “no penetración” con el fin de evitar extraer contenido cerebral y contaminar el ambiente, los utensilios y trabajadores?",yes_no_not_applicable,binary_yes_no_na,binary_yes_no_na,not_validated_insufficient_sector_sample,"Aguilar Elena doctoral thesis (2015), Annex 1, sector-specific questionnaires",1531,1532,Use as source-preserved sector-specific instrument; do not label as validated.
sec_bovine_slaughterhouse,Industria cárnica — Mataderos de bovino,final_2015_annex1_unvalidated,sector_specific_questionnaire,Industria cárnica,Mataderos de bovino,MATADEROS DE BOVINO,26,26,SEC-BOVINE-SLAUGHTERHOUSE-F2015-026,"Si se realiza separación de la médula, ¿Se hace de forma discontinua y aparte? Es decir, se separa esta actividad de la cadena productiva para evitar que se puedan contaminar el resto de las canales. A la vez deben garantizarse mecanismos que minimicen la contaminación de los trabajadores, equipamientos y ambiente donde se realicen estas operaciones. Las tareas y /o actividades específicas con riesgo de transmisión de EEB son separación y corte de la cabeza, apertura de las cavidades, apertura del canal vertebral, retirada de la médula espinal, ablación de las amígdalas, separación de los intestinos en tripería y operaciones de deshuesado o en el entorno de la columna vertebral.",yes_no_not_applicable,binary_yes_no_na,binary_yes_no_na,not_validated_insufficient_sector_sample,"Aguilar Elena doctoral thesis (2015), Annex 1, sector-specific questionnaires",1533,1539,Use as source-preserved sector-specific instrument; do not label as validated.
sec_bovine_slaughterhouse,Industria cárnica — Mataderos de bovino,final_2015_annex1_unvalidated,sector_specific_questionnaire,Industria cárnica,Mataderos de bovino,MATADEROS DE BOVINO,27,27,SEC-BOVINE-SLAUGHTERHOUSE-F2015-027,"¿Se dispone de locales separados, suficientemente amplios y exclusivamente destinados al vaciado, lavado y limpieza de los estómagos e intestinos? No obstante, dichos locales separados no serán necesarios si las operaciones de vaciado de tripas se realizan con un equipo mecánico, de circuito cerrado, provisto de un sistema de ventilación adecuado, que satisfaga los requisitos siguientes: El equipo deberá estar instalado y colocado de tal manera que se efectúen de manera higiénica las operaciones de separación de los intestinos del estómago, y de vaciado y de limpieza de tripas. Dicho equipo deberá estar colocado en un lugar especial, claramente separado mediante un tabique que se eleve desde el suelo hasta una altura de tres metros como mínimo alrededor del área en la que se efectúen las operaciones.",yes_no_not_applicable,binary_yes_no_na,binary_yes_no_na,not_validated_insufficient_sector_sample,"Aguilar Elena doctoral thesis (2015), Annex 1, sector-specific questionnaires",1540,1548,Use as source-preserved sector-specific instrument; do not label as validated.
sec_bovine_slaughterhouse,Industria cárnica — Mataderos de bovino,final_2015_annex1_unvalidated,sector_specific_questionnaire,Industria cárnica,Mataderos de bovino,MATADEROS DE BOVINO,28,28,SEC-BOVINE-SLAUGHTERHOUSE-F2015-028,¿Se dispone de un dispositivo de extracción de aire? Dicho dispositivo deberá funcionar en condiciones idóneas para eliminar los olores así como el riesgo de contaminación por polvos y aerosoles.,yes_no_not_applicable,binary_yes_no_na,binary_yes_no_na,not_validated_insufficient_sector_sample,"Aguilar Elena doctoral thesis (2015), Annex 1, sector-specific questionnaires",1549,1552,Use as source-preserved sector-specific instrument; do not label as validated.
sec_bovine_slaughterhouse,Industria cárnica — Mataderos de bovino,final_2015_annex1_unvalidated,sector_specific_questionnaire,Industria cárnica,Mataderos de bovino,MATADEROS DE BOVINO,29,29,SEC-BOVINE-SLAUGHTERHOUSE-F2015-029,"¿La maquinaria está equipada con un dispositivo que permita la evacuación, en circuito cerrado, de las aguas residuales, sangre y del contenido de las tripas hacia el sistema de drenaje?",yes_no_not_applicable,binary_yes_no_na,binary_yes_no_na,not_validated_insufficient_sector_sample,"Aguilar Elena doctoral thesis (2015), Annex 1, sector-specific questionnaires",1553,1554,Use as source-preserved sector-specific instrument; do not label as validated.
sec_bovine_slaughterhouse,Industria cárnica — Mataderos de bovino,final_2015_annex1_unvalidated,sector_specific_questionnaire,Industria cárnica,Mataderos de bovino,MATADEROS DE BOVINO,30,30,SEC-BOVINE-SLAUGHTERHOUSE-F2015-030,"¿Se dispone de salas separadas para la transformación de tripas, preparación y limpieza de otros despojos (cabezas…) y cuernos, cuerpos y pezuñas?",yes_no_not_applicable,binary_yes_no_na,binary_yes_no_na,not_validated_insufficient_sector_sample,"Aguilar Elena doctoral thesis (2015), Annex 1, sector-specific questionnaires",1555,1556,Use as source-preserved sector-specific instrument; do not label as validated.
sec_bovine_slaughterhouse,Industria cárnica — Mataderos de bovino,final_2015_annex1_unvalidated,sector_specific_questionnaire,Industria cárnica,Mataderos de bovino,MATADEROS DE BOVINO,31,31,SEC-BOVINE-SLAUGHTERHOUSE-F2015-031,"En los casos en los que los despojos no sean evacuados directamente del matadero el mismo día del sacrificio, ¿se mantienen en contenedores cerrados y herméticos a la espera de su evacuación?",yes_no_not_applicable,binary_yes_no_na,binary_yes_no_na,not_validated_insufficient_sector_sample,"Aguilar Elena doctoral thesis (2015), Annex 1, sector-specific questionnaires",1557,1559,Use as source-preserved sector-specific instrument; do not label as validated.
sec_bovine_slaughterhouse,Industria cárnica — Mataderos de bovino,final_2015_annex1_unvalidated,sector_specific_questionnaire,Industria cárnica,Mataderos de bovino,MATADEROS DE BOVINO,32,32,SEC-BOVINE-SLAUGHTERHOUSE-F2015-032,"¿Se dispone de un emplazamiento separado para el embalaje de los despojos, si el trabajo se efectúa en el matadero?",yes_no_not_applicable,binary_yes_no_na,binary_yes_no_na,not_validated_insufficient_sector_sample,"Aguilar Elena doctoral thesis (2015), Annex 1, sector-specific questionnaires",1560,1561,Use as source-preserved sector-specific instrument; do not label as validated.
sec_bovine_slaughterhouse,Industria cárnica — Mataderos de bovino,final_2015_annex1_unvalidated,sector_specific_questionnaire,Industria cárnica,Mataderos de bovino,MATADEROS DE BOVINO,33,33,SEC-BOVINE-SLAUGHTERHOUSE-F2015-033,"¿Se dispone de locales cerrados con llave o, si la situación climatológica lo permitiere, de corrales, reservados para albergar a los animales enfermos o sospechosos, situados en un emplazamiento adecuado y provistos de un dispositivo de evacuación distinto; de locales cerrados con llave reservados al sacrificio de dichos animales, al almacenamiento de las carnes consignadas y al de las carnes declaradas no aptas para el consumo humano? Los locales reservados al sacrificio de dichos animales no serán indispensables en los establecimientos no autorizados por la autoridad competente para el sacrificio de dichos animales, o cuando dicho sacrificio se realice al término de los sacrificios normales y si se toman medidas para evitar la contaminación de las carnes declaradas aptas para el consumo humano. En este caso, deberán limpiarse y desinfectarse especialmente los locales bajo control oficial antes de volver a utilizarlos para el sacrificio de animales no enfermos ni sospechosos de estarlo",yes_no_not_applicable,binary_yes_no_na,binary_yes_no_na,not_validated_insufficient_sector_sample,"Aguilar Elena doctoral thesis (2015), Annex 1, sector-specific questionnaires",1562,1577,Use as source-preserved sector-specific instrument; do not label as validated.
sec_bovine_slaughterhouse,Industria cárnica — Mataderos de bovino,final_2015_annex1_unvalidated,sector_specific_questionnaire,Industria cárnica,Mataderos de bovino,MATADEROS DE BOVINO,34,34,SEC-BOVINE-SLAUGHTERHOUSE-F2015-034,"¿El personal que manipula carnes frescas, envasadas o no , o que trabaje en locales o zonas en los que se manipulen, embalen o transporten dichas carnes lleva, en particular, un tocado y un calzado limpios y fáciles de limpiar, una vestimenta de trabajo de color claro y, en su caso, cubrenucas u otras prendas de protección?",yes_no_not_applicable,binary_yes_no_na,binary_yes_no_na,not_validated_insufficient_sector_sample,"Aguilar Elena doctoral thesis (2015), Annex 1, sector-specific questionnaires",1578,1581,Use as source-preserved sector-specific instrument; do not label as validated.
sec_bovine_slaughterhouse,Industria cárnica — Mataderos de bovino,final_2015_annex1_unvalidated,sector_specific_questionnaire,Industria cárnica,Mataderos de bovino,MATADEROS DE BOVINO,35,35,SEC-BOVINE-SLAUGHTERHOUSE-F2015-035,"¿El personal asignado al sacrificio de los animales, al faenado o a la manipulación de carnes frescas lleva una vestimenta de trabajo limpia al comienzo de cada jornada laboral y, si fuese necesario, cambia dicha vestimenta durante la jornada y se lava y desinfecta las manos varias veces en el transcurso de una misma jornada de trabajo, así como en cada reiniciación del trabajo?",yes_no_not_applicable,binary_yes_no_na,binary_yes_no_na,not_validated_insufficient_sector_sample,"Aguilar Elena doctoral thesis (2015), Annex 1, sector-specific questionnaires",1582,1585,Use as source-preserved sector-specific instrument; do not label as validated.
sec_bovine_slaughterhouse,Industria cárnica — Mataderos de bovino,final_2015_annex1_unvalidated,sector_specific_questionnaire,Industria cárnica,Mataderos de bovino,MATADEROS DE BOVINO,36,36,SEC-BOVINE-SLAUGHTERHOUSE-F2015-036,"¿Existen sistemas de limpieza tipo lavabotas, lavamanos en zonas de entrada y salida a los locales?",yes_no_not_applicable,binary_yes_no_na,binary_yes_no_na,not_validated_insufficient_sector_sample,"Aguilar Elena doctoral thesis (2015), Annex 1, sector-specific questionnaires",1586,1587,Use as source-preserved sector-specific instrument; do not label as validated.
sec_bovine_slaughterhouse,Industria cárnica — Mataderos de bovino,final_2015_annex1_unvalidated,sector_specific_questionnaire,Industria cárnica,Mataderos de bovino,MATADEROS DE BOVINO,37,37,SEC-BOVINE-SLAUGHTERHOUSE-F2015-037,¿El personal que haya estado en contacto con animales enfermos o con carnes infectadas se lava inmediatamente y cuidadosamente las manos y los brazos con agua caliente y luego los desinfectan?,yes_no_not_applicable,binary_yes_no_na,binary_yes_no_na,not_validated_insufficient_sector_sample,"Aguilar Elena doctoral thesis (2015), Annex 1, sector-specific questionnaires",1588,1590,Use as source-preserved sector-specific instrument; do not label as validated.
sec_bovine_slaughterhouse,Industria cárnica — Mataderos de bovino,final_2015_annex1_unvalidated,sector_specific_questionnaire,Industria cárnica,Mataderos de bovino,MATADEROS DE BOVINO,38,38,SEC-BOVINE-SLAUGHTERHOUSE-F2015-038,"¿El material y los instrumentos utilizados para el faenado de las carnes frescas se mantienen buen estado de conservación y de limpieza? Deberán limpiarse y desinfectarse cuidadosamente varias veces en el transcurso de una misma jornada de trabajo, así como al final de las operaciones de la jornada y antes de volver a utilizarlos cuando se hayan manchado",yes_no_not_applicable,binary_yes_no_na,binary_yes_no_na,not_validated_insufficient_sector_sample,"Aguilar Elena doctoral thesis (2015), Annex 1, sector-specific questionnaires",1591,1595,Use as source-preserved sector-specific instrument; do not label as validated.
sec_bovine_slaughterhouse,Industria cárnica — Mataderos de bovino,final_2015_annex1_unvalidated,sector_specific_questionnaire,Industria cárnica,Mataderos de bovino,MATADEROS DE BOVINO,39,39,SEC-BOVINE-SLAUGHTERHOUSE-F2015-039,¿Durante el sacrificio y faenado se limpian los utensilios utilizados cada poco tiempo?,yes_no_not_applicable,binary_yes_no_na,binary_yes_no_na,not_validated_insufficient_sector_sample,"Aguilar Elena doctoral thesis (2015), Annex 1, sector-specific questionnaires",1596,1596,Use as source-preserved sector-specific instrument; do not label as validated.
sec_bovine_slaughterhouse,Industria cárnica — Mataderos de bovino,final_2015_annex1_unvalidated,sector_specific_questionnaire,Industria cárnica,Mataderos de bovino,MATADEROS DE BOVINO,40,40,SEC-BOVINE-SLAUGHTERHOUSE-F2015-040,¿Está prohibido esparcir serrín o cualquier otra materia análoga en el suelo de los locales de faenado y de almacenamiento de carnes frescas?,yes_no_not_applicable,binary_yes_no_na,binary_yes_no_na,not_validated_insufficient_sector_sample,"Aguilar Elena doctoral thesis (2015), Annex 1, sector-specific questionnaires",1597,1598,Use as source-preserved sector-specific instrument; do not label as validated.
sec_bovine_slaughterhouse,Industria cárnica — Mataderos de bovino,final_2015_annex1_unvalidated,sector_specific_questionnaire,Industria cárnica,Mataderos de bovino,MATADEROS DE BOVINO,41,41,SEC-BOVINE-SLAUGHTERHOUSE-F2015-041,"¿Los detergentes, desinfectantes y sustancias similares se utilizan de forma que no afectan a los equipos e instrumentos de trabajo? ¿Después de su utilización se enjuagan completamente dichos equipos e instrumentos de trabajo con agua potable?",yes_no_not_applicable,binary_yes_no_na,binary_yes_no_na,not_validated_insufficient_sector_sample,"Aguilar Elena doctoral thesis (2015), Annex 1, sector-specific questionnaires",1599,1601,Use as source-preserved sector-specific instrument; do not label as validated.
sec_bovine_slaughterhouse,Industria cárnica — Mataderos de bovino,final_2015_annex1_unvalidated,sector_specific_questionnaire,Industria cárnica,Mataderos de bovino,MATADEROS DE BOVINO,42,42,SEC-BOVINE-SLAUGHTERHOUSE-F2015-042,¿Se utilizan productos de limpieza con base de formol o glutaraldehido? Los aldehídos (formol y glutaraldehido) son ineficaces con los priones e incluso refuerzan su resistencia a otros métodos de desinfección. Por lo tanto en los mataderos hay que descartar todo producto comercial que contenga dichos componentes.,yes_no_not_applicable,binary_yes_no_na,binary_yes_no_na,not_validated_insufficient_sector_sample,"Aguilar Elena doctoral thesis (2015), Annex 1, sector-specific questionnaires",1602,1605,Use as source-preserved sector-specific instrument; do not label as validated.
sec_bovine_slaughterhouse,Industria cárnica — Mataderos de bovino,final_2015_annex1_unvalidated,sector_specific_questionnaire,Industria cárnica,Mataderos de bovino,MATADEROS DE BOVINO,43,43,SEC-BOVINE-SLAUGHTERHOUSE-F2015-043,¿Los locales frigoríficos son limpiados y desinfectados periódicamente al igual que el resto de la instalación?,yes_no_not_applicable,binary_yes_no_na,binary_yes_no_na,not_validated_insufficient_sector_sample,"Aguilar Elena doctoral thesis (2015), Annex 1, sector-specific questionnaires",1606,1607,Use as source-preserved sector-specific instrument; do not label as validated.
sec_bovine_slaughterhouse,Industria cárnica — Mataderos de bovino,final_2015_annex1_unvalidated,sector_specific_questionnaire,Industria cárnica,Mataderos de bovino,MATADEROS DE BOVINO,44,44,SEC-BOVINE-SLAUGHTERHOUSE-F2015-044,"En la medida en que el estiércol estuviese almacenado en el recinto del matadero, ¿Se dispone de un emplazamiento especialmente acondicionado para dicho estiércol?",yes_no_not_applicable,binary_yes_no_na,binary_yes_no_na,not_validated_insufficient_sector_sample,"Aguilar Elena doctoral thesis (2015), Annex 1, sector-specific questionnaires",1608,1609,Use as source-preserved sector-specific instrument; do not label as validated.
sec_bovine_slaughterhouse,Industria cárnica — Mataderos de bovino,final_2015_annex1_unvalidated,sector_specific_questionnaire,Industria cárnica,Mataderos de bovino,MATADEROS DE BOVINO,45,45,SEC-BOVINE-SLAUGHTERHOUSE-F2015-045,"¿La sangre destinada al consumo humano se recoge en recipientes perfectamente limpios y no se agita mano, sino únicamente con la ayuda de instrumentos que se ajustan a las exigencias higiénicas?",yes_no_not_applicable,binary_yes_no_na,binary_yes_no_na,not_validated_insufficient_sector_sample,"Aguilar Elena doctoral thesis (2015), Annex 1, sector-specific questionnaires",1610,1612,Use as source-preserved sector-specific instrument; do not label as validated.
sec_bovine_slaughterhouse,Industria cárnica — Mataderos de bovino,final_2015_annex1_unvalidated,sector_specific_questionnaire,Industria cárnica,Mataderos de bovino,MATADEROS DE BOVINO,46,46,SEC-BOVINE-SLAUGHTERHOUSE-F2015-046,"Las carnes retenidas en observación o declaradas no aptas para el consumo humano, los estómagos, los intestinos y los subproductos no comestibles ¿se retiran en recipientes especiales concebidos para evitar la contaminación?",yes_no_not_applicable,binary_yes_no_na,binary_yes_no_na,not_validated_insufficient_sector_sample,"Aguilar Elena doctoral thesis (2015), Annex 1, sector-specific questionnaires",1613,1615,Use as source-preserved sector-specific instrument; do not label as validated.
sec_bovine_slaughterhouse,Industria cárnica — Mataderos de bovino,final_2015_annex1_unvalidated,sector_specific_questionnaire,Industria cárnica,Mataderos de bovino,MATADEROS DE BOVINO,47,47,SEC-BOVINE-SLAUGHTERHOUSE-F2015-047,"En caso de que haya exposiciones accidentales a materiales de riesgo, ¿Se lava la zona con agua y jabón abundante y se declara inmediatamente el accidente o incidente?",yes_no_not_applicable,binary_yes_no_na,binary_yes_no_na,not_validated_insufficient_sector_sample,"Aguilar Elena doctoral thesis (2015), Annex 1, sector-specific questionnaires",1616,1617,Use as source-preserved sector-specific instrument; do not label as validated.
sec_bovine_slaughterhouse,Industria cárnica — Mataderos de bovino,final_2015_annex1_unvalidated,sector_specific_questionnaire,Industria cárnica,Mataderos de bovino,MATADEROS DE BOVINO,48,48,SEC-BOVINE-SLAUGHTERHOUSE-F2015-048,"Durante el sacrificio, lavado, eviscerado, etc… ¿Se utilizan protectores auditivos? Se deberá determinar qué tipo de protectores son más aconsejables durante estas tareas (tipo tapón o tipo casco) debido fundamentalmente a que los protectores auditivos tipo tapón tienen más posibilidad de introducir suciedad directamente en el conducto auditivo (aunque son desechables y esto es una ventaja) y sin embargo los protectores tipo cascos son más propensos a ensuciarse tanto externamente como internamente, se limpian más difícilmente y son más incómodos de mantenerse puestos durante toda la jornada.",yes_no_not_applicable,binary_yes_no_na,binary_yes_no_na,not_validated_insufficient_sector_sample,"Aguilar Elena doctoral thesis (2015), Annex 1, sector-specific questionnaires",1618,1624,Use as source-preserved sector-specific instrument; do not label as validated.
sec_bovine_slaughterhouse,Industria cárnica — Mataderos de bovino,final_2015_annex1_unvalidated,sector_specific_questionnaire,Industria cárnica,Mataderos de bovino,MATADEROS DE BOVINO,49,49,SEC-BOVINE-SLAUGHTERHOUSE-F2015-049,"¿Se usan mangueras de baja presión para limpiar las áreas que puedan estar contaminadas con materiales de riesgo y considerar los líquidos de esta limpieza como materiales de riesgo? Hasta el momento no se han hallado evidencias de la transmisión por vía inhalatoria de partículas en forma de aerosol de material de riesgo (EEB). Aun cuando no se ha evidenciado la inhalación como posible, es recomendable establecer medidas de cautela ya que no se puede obviar el riesgo de contacto con nariz, ojos y boca.",yes_no_not_applicable,binary_yes_no_na,binary_yes_no_na,not_validated_insufficient_sector_sample,"Aguilar Elena doctoral thesis (2015), Annex 1, sector-specific questionnaires",1625,1631,Use as source-preserved sector-specific instrument; do not label as validated.
sec_animal_fats,Industria cárnica — Fabricación de grasas animales,final_2015_annex1_unvalidated,sector_specific_questionnaire,Industria cárnica,Fabricación de grasas animales,CONDICIONES GENERALES,1,1,SEC-ANIMAL-FATS-F2015-001,¿Se tiene identificado el punto del proceso a partir del cual los productos transformados por los equipos se encuentra inactivado?,yes_no_not_applicable,binary_yes_no_na,binary_yes_no_na,not_validated_insufficient_sector_sample,"Aguilar Elena doctoral thesis (2015), Annex 1, sector-specific questionnaires",1649,1650,Use as source-preserved sector-specific instrument; do not label as validated.
sec_animal_fats,Industria cárnica — Fabricación de grasas animales,final_2015_annex1_unvalidated,sector_specific_questionnaire,Industria cárnica,Fabricación de grasas animales,CONDICIONES GENERALES,2,2,SEC-ANIMAL-FATS-F2015-002,¿Se evita la producción de atascos en los primeros tramos del procesado de grasas animales?,yes_no_not_applicable,binary_yes_no_na,binary_yes_no_na,not_validated_insufficient_sector_sample,"Aguilar Elena doctoral thesis (2015), Annex 1, sector-specific questionnaires",1651,1651,Use as source-preserved sector-specific instrument; do not label as validated.
sec_animal_fats,Industria cárnica — Fabricación de grasas animales,final_2015_annex1_unvalidated,sector_specific_questionnaire,Industria cárnica,Fabricación de grasas animales,CONDICIONES GENERALES,3,3,SEC-ANIMAL-FATS-F2015-003,"Cuando se producen dichos atascos, ¿se utilizan equipos de protección individual para evitar al máximo el contacto con material procedente del proceso? Para realizar cualquier operación en cualquier punto del proceso es obligatorio que los trabajadores utilicen guantes de protección (látex, poliuretanos, goma…), mascarillas protectoras de tipo FPP2, ropa de trabajo adecuada, etc…",yes_no_not_applicable,binary_yes_no_na,binary_yes_no_na,not_validated_insufficient_sector_sample,"Aguilar Elena doctoral thesis (2015), Annex 1, sector-specific questionnaires",1652,1656,Use as source-preserved sector-specific instrument; do not label as validated.
sec_animal_fats,Industria cárnica — Fabricación de grasas animales,final_2015_annex1_unvalidated,sector_specific_questionnaire,Industria cárnica,Fabricación de grasas animales,CONDICIONES GENERALES,4,4,SEC-ANIMAL-FATS-F2015-004,¿Se realizan limpiezas periódicas del sistema de procesado de grasas animales?,yes_no_not_applicable,binary_yes_no_na,binary_yes_no_na,not_validated_insufficient_sector_sample,"Aguilar Elena doctoral thesis (2015), Annex 1, sector-specific questionnaires",1657,1657,Use as source-preserved sector-specific instrument; do not label as validated.
sec_animal_fats,Industria cárnica — Fabricación de grasas animales,final_2015_annex1_unvalidated,sector_specific_questionnaire,Industria cárnica,Fabricación de grasas animales,CONDICIONES GENERALES,5,5,SEC-ANIMAL-FATS-F2015-005,"¿Se realiza limpieza de las herramientas utilizadas durante los procesos de mantenimiento y reparación de los sistemas de procesado de grasas con un agente desinfectante de amplio espectro (bactericida, fungicida y virucida)?",yes_no_not_applicable,binary_yes_no_na,binary_yes_no_na,not_validated_insufficient_sector_sample,"Aguilar Elena doctoral thesis (2015), Annex 1, sector-specific questionnaires",1658,1660,Use as source-preserved sector-specific instrument; do not label as validated.
sec_animal_fats,Industria cárnica — Fabricación de grasas animales,final_2015_annex1_unvalidated,sector_specific_questionnaire,Industria cárnica,Fabricación de grasas animales,CONDICIONES GENERALES,6,6,SEC-ANIMAL-FATS-F2015-006,¿Periódicamente se realiza una limpieza general del lugar de trabajo?,yes_no_not_applicable,binary_yes_no_na,binary_yes_no_na,not_validated_insufficient_sector_sample,"Aguilar Elena doctoral thesis (2015), Annex 1, sector-specific questionnaires",1661,1661,Use as source-preserved sector-specific instrument; do not label as validated.
sec_animal_fats,Industria cárnica — Fabricación de grasas animales,final_2015_annex1_unvalidated,sector_specific_questionnaire,Industria cárnica,Fabricación de grasas animales,CONDICIONES GENERALES,7,7,SEC-ANIMAL-FATS-F2015-007,"¿Se dispone de locales adecuados e higiénicos o, de almacenamiento de despojos bajo cubierta?",yes_no_not_applicable,binary_yes_no_na,binary_yes_no_na,not_validated_insufficient_sector_sample,"Aguilar Elena doctoral thesis (2015), Annex 1, sector-specific questionnaires",1662,1662,Use as source-preserved sector-specific instrument; do not label as validated.
sec_animal_fats,Industria cárnica — Fabricación de grasas animales,final_2015_annex1_unvalidated,sector_specific_questionnaire,Industria cárnica,Fabricación de grasas animales,CONDICIONES GENERALES,8,8,SEC-ANIMAL-FATS-F2015-008,"¿Los muros y los suelos de los almacenamientos son resistentes, impermeables y fáciles de limpiar y de desinfectar?",yes_no_not_applicable,binary_yes_no_na,binary_yes_no_na,not_validated_insufficient_sector_sample,"Aguilar Elena doctoral thesis (2015), Annex 1, sector-specific questionnaires",1663,1664,Use as source-preserved sector-specific instrument; do not label as validated.
sec_animal_fats,Industria cárnica — Fabricación de grasas animales,final_2015_annex1_unvalidated,sector_specific_questionnaire,Industria cárnica,Fabricación de grasas animales,CONDICIONES GENERALES,9,9,SEC-ANIMAL-FATS-F2015-009,¿Se evita la generación de aerosoles o polvo procedente de materia orgánica?,yes_no_not_applicable,binary_yes_no_na,binary_yes_no_na,not_validated_insufficient_sector_sample,"Aguilar Elena doctoral thesis (2015), Annex 1, sector-specific questionnaires",1665,1665,Use as source-preserved sector-specific instrument; do not label as validated.
sec_animal_fats,Industria cárnica — Fabricación de grasas animales,final_2015_annex1_unvalidated,sector_specific_questionnaire,Industria cárnica,Fabricación de grasas animales,CONDICIONES GENERALES,10,10,SEC-ANIMAL-FATS-F2015-010,¿Se dispone de un dispositivo de extracción de aire en la fábrica?,yes_no_not_applicable,binary_yes_no_na,binary_yes_no_na,not_validated_insufficient_sector_sample,"Aguilar Elena doctoral thesis (2015), Annex 1, sector-specific questionnaires",1666,1666,Use as source-preserved sector-specific instrument; do not label as validated.
sec_animal_fats,Industria cárnica — Fabricación de grasas animales,final_2015_annex1_unvalidated,sector_specific_questionnaire,Industria cárnica,Fabricación de grasas animales,CONDICIONES GENERALES,11,11,SEC-ANIMAL-FATS-F2015-011,"¿La maquinaria está equipada con un dispositivo que permita la evacuación, en circuito cerrado, de las aguas residuales?",yes_no_not_applicable,binary_yes_no_na,binary_yes_no_na,not_validated_insufficient_sector_sample,"Aguilar Elena doctoral thesis (2015), Annex 1, sector-specific questionnaires",1667,1668,Use as source-preserved sector-specific instrument; do not label as validated.
sec_animal_fats,Industria cárnica — Fabricación de grasas animales,final_2015_annex1_unvalidated,sector_specific_questionnaire,Industria cárnica,Fabricación de grasas animales,CONDICIONES GENERALES,12,12,SEC-ANIMAL-FATS-F2015-012,"¿El personal que manipula restos animales lleva, en particular, ropa de trabajo adecuada, calzado de goma y otras prendas de protección?",yes_no_not_applicable,binary_yes_no_na,binary_yes_no_na,not_validated_insufficient_sector_sample,"Aguilar Elena doctoral thesis (2015), Annex 1, sector-specific questionnaires",1669,1670,Use as source-preserved sector-specific instrument; do not label as validated.
sec_animal_fats,Industria cárnica — Fabricación de grasas animales,final_2015_annex1_unvalidated,sector_specific_questionnaire,Industria cárnica,Fabricación de grasas animales,CONDICIONES GENERALES,13,13,SEC-ANIMAL-FATS-F2015-013,"¿Los detergentes, desinfectantes y sustancias similares se utilizan de forma que no afectan a los equipos e instrumentos de trabajo? ¿Después de su utilización se enjuagan completamente dichos equipos e instrumentos de trabajo con agua potable?",yes_no_not_applicable,binary_yes_no_na,binary_yes_no_na,not_validated_insufficient_sector_sample,"Aguilar Elena doctoral thesis (2015), Annex 1, sector-specific questionnaires",1671,1673,Use as source-preserved sector-specific instrument; do not label as validated.
sec_animal_fats,Industria cárnica — Fabricación de grasas animales,final_2015_annex1_unvalidated,sector_specific_questionnaire,Industria cárnica,Fabricación de grasas animales,EXPOSICIÓN A GRASAS ANIMALES,14,14,SEC-ANIMAL-FATS-F2015-014,"¿Se realizan los procesos de forma cerrada, utilizando instalaciones adecuadamente diseñadas?",yes_no_not_applicable,binary_yes_no_na,binary_yes_no_na,not_validated_insufficient_sector_sample,"Aguilar Elena doctoral thesis (2015), Annex 1, sector-specific questionnaires",1675,1675,Use as source-preserved sector-specific instrument; do not label as validated.
sec_animal_fats,Industria cárnica — Fabricación de grasas animales,final_2015_annex1_unvalidated,sector_specific_questionnaire,Industria cárnica,Fabricación de grasas animales,EXPOSICIÓN A GRASAS ANIMALES,15,15,SEC-ANIMAL-FATS-F2015-015,"¿Se utilizan EPI´s en las operaciones de mantenimiento (eliminación de obstrucciones, etc…), limpieza de camiones, zonas de almacenamiento y limpieza de equipos de extracción localizada (con suministro de aire, si son periodos de trabajo largos y máscaras desechables con gafas si son periodos cortos)?",yes_no_not_applicable,binary_yes_no_na,binary_yes_no_na,not_validated_insufficient_sector_sample,"Aguilar Elena doctoral thesis (2015), Annex 1, sector-specific questionnaires",1676,1679,Use as source-preserved sector-specific instrument; do not label as validated.
sec_animal_fats,Industria cárnica — Fabricación de grasas animales,final_2015_annex1_unvalidated,sector_specific_questionnaire,Industria cárnica,Fabricación de grasas animales,TRANSPORTE DE SUBPRODUCTOS ANIMALES,16,16,SEC-ANIMAL-FATS-F2015-016,¿Se evita la entrada de los vehículos propios a aquellas zonas en las que se desarrolla actividad en el establecimiento productor?,yes_no_not_applicable,binary_yes_no_na,binary_yes_no_na,not_validated_insufficient_sector_sample,"Aguilar Elena doctoral thesis (2015), Annex 1, sector-specific questionnaires",1681,1682,Use as source-preserved sector-specific instrument; do not label as validated.
sec_animal_fats,Industria cárnica — Fabricación de grasas animales,final_2015_annex1_unvalidated,sector_specific_questionnaire,Industria cárnica,Fabricación de grasas animales,TRANSPORTE DE SUBPRODUCTOS ANIMALES,17,17,SEC-ANIMAL-FATS-F2015-017,¿Se revisan las partes de los vehículos susceptibles de contaminación y se establecen sistemas de limpieza y desinfección de los mismos?,yes_no_not_applicable,binary_yes_no_na,binary_yes_no_na,not_validated_insufficient_sector_sample,"Aguilar Elena doctoral thesis (2015), Annex 1, sector-specific questionnaires",1683,1684,Use as source-preserved sector-specific instrument; do not label as validated.
sec_animal_fats,Industria cárnica — Fabricación de grasas animales,final_2015_annex1_unvalidated,sector_specific_questionnaire,Industria cárnica,Fabricación de grasas animales,TRANSPORTE DE SUBPRODUCTOS ANIMALES,18,18,SEC-ANIMAL-FATS-F2015-018,"¿Se dispone de un equipo de desinfección dotado con un agente desinfectante de amplio espectro (bactericida, fungicida y virucida) para la desinfección de los vehículos o cualquier utensilio utilizado y necesario para el desarrollo de las tareas?",yes_no_not_applicable,binary_yes_no_na,binary_yes_no_na,not_validated_insufficient_sector_sample,"Aguilar Elena doctoral thesis (2015), Annex 1, sector-specific questionnaires",1685,1687,Use as source-preserved sector-specific instrument; do not label as validated.
sec_animal_fats,Industria cárnica — Fabricación de grasas animales,final_2015_annex1_unvalidated,sector_specific_questionnaire,Industria cárnica,Fabricación de grasas animales,TRANSPORTE DE SUBPRODUCTOS ANIMALES,19,19,SEC-ANIMAL-FATS-F2015-019,"¿Los vehículos y sus sistemas son limpiados y desinfectados después de la descarga, en un centro de limpieza y desinfección de vehículos autorizados, localizado preferentemente en las propias instalaciones de la empresa?",yes_no_not_applicable,binary_yes_no_na,binary_yes_no_na,not_validated_insufficient_sector_sample,"Aguilar Elena doctoral thesis (2015), Annex 1, sector-specific questionnaires",1688,1690,Use as source-preserved sector-specific instrument; do not label as validated.
sec_animal_meal,Industria cárnica — Fabricación de harinas animales,final_2015_annex1_unvalidated,sector_specific_questionnaire,Industria cárnica,Fabricación de harinas animales,CONDICIONES GENERALES,1,1,SEC-ANIMAL-MEAL-F2015-001,"¿Las instalaciones de oficinas, laboratorios de calidad, etc,… se encuentran separados físicamente de las instalaciones generales del laboratorio?",yes_no_not_applicable,binary_yes_no_na,binary_yes_no_na,not_validated_insufficient_sector_sample,"Aguilar Elena doctoral thesis (2015), Annex 1, sector-specific questionnaires",1708,1709,Use as source-preserved sector-specific instrument; do not label as validated.
sec_animal_meal,Industria cárnica — Fabricación de harinas animales,final_2015_annex1_unvalidated,sector_specific_questionnaire,Industria cárnica,Fabricación de harinas animales,CONDICIONES GENERALES,2,2,SEC-ANIMAL-MEAL-F2015-002,¿Se tiene identificado el punto del proceso a partir del cual los productos transformados por los equipos se encuentra inactivado?,yes_no_not_applicable,binary_yes_no_na,binary_yes_no_na,not_validated_insufficient_sector_sample,"Aguilar Elena doctoral thesis (2015), Annex 1, sector-specific questionnaires",1710,1711,Use as source-preserved sector-specific instrument; do not label as validated.
sec_animal_meal,Industria cárnica — Fabricación de harinas animales,final_2015_annex1_unvalidated,sector_specific_questionnaire,Industria cárnica,Fabricación de harinas animales,CONDICIONES GENERALES,3,3,SEC-ANIMAL-MEAL-F2015-003,¿Se evita la producción de atascos en los primeros tramos del procesado de harinas animales? Los primeros tramos del procesado de harinas son tramos donde no se sabe de forma segura que el material biológico se encuentre inactivado por lo que la continua producción de atascos en estos tramos genera que los trabajadores tengan que acceder a parte del proceso en el que existe elevado riesgo de entrar en contacto con material contaminado.,yes_no_not_applicable,binary_yes_no_na,binary_yes_no_na,not_validated_insufficient_sector_sample,"Aguilar Elena doctoral thesis (2015), Annex 1, sector-specific questionnaires",1712,1716,Use as source-preserved sector-specific instrument; do not label as validated.
sec_animal_meal,Industria cárnica — Fabricación de harinas animales,final_2015_annex1_unvalidated,sector_specific_questionnaire,Industria cárnica,Fabricación de harinas animales,CONDICIONES GENERALES,4,4,SEC-ANIMAL-MEAL-F2015-004,"Cuando se producen dichos atascos, ¿se utilizan equipos de protección individual para evitar al máximo el contacto con material procedente del proceso? Para realizar cualquier operación en cualquier punto del proceso es obligatorio que los trabajadores utilicen guantes de protección (látex, poliuretanos, goma…), mascarillas protectoras de tipo FPP2, ropa de trabajo adecuada, etc…",yes_no_not_applicable,binary_yes_no_na,binary_yes_no_na,not_validated_insufficient_sector_sample,"Aguilar Elena doctoral thesis (2015), Annex 1, sector-specific questionnaires",1717,1721,Use as source-preserved sector-specific instrument; do not label as validated.
sec_animal_meal,Industria cárnica — Fabricación de harinas animales,final_2015_annex1_unvalidated,sector_specific_questionnaire,Industria cárnica,Fabricación de harinas animales,CONDICIONES GENERALES,5,5,SEC-ANIMAL-MEAL-F2015-005,¿Se realizan limpiezas periódicas del sistema de procesado de harinas animales?,yes_no_not_applicable,binary_yes_no_na,binary_yes_no_na,not_validated_insufficient_sector_sample,"Aguilar Elena doctoral thesis (2015), Annex 1, sector-specific questionnaires",1722,1722,Use as source-preserved sector-specific instrument; do not label as validated.
sec_animal_meal,Industria cárnica — Fabricación de harinas animales,final_2015_annex1_unvalidated,sector_specific_questionnaire,Industria cárnica,Fabricación de harinas animales,CONDICIONES GENERALES,6,6,SEC-ANIMAL-MEAL-F2015-006,"¿Se realiza limpieza de las herramientas utilizadas durante los procesos de mantenimiento y reparación de los sistemas de procesado de harinas con un agente desinfectante de amplio espectro (bactericida, fungicida y virucida)?",yes_no_not_applicable,binary_yes_no_na,binary_yes_no_na,not_validated_insufficient_sector_sample,"Aguilar Elena doctoral thesis (2015), Annex 1, sector-specific questionnaires",1723,1725,Use as source-preserved sector-specific instrument; do not label as validated.
sec_animal_meal,Industria cárnica — Fabricación de harinas animales,final_2015_annex1_unvalidated,sector_specific_questionnaire,Industria cárnica,Fabricación de harinas animales,CONDICIONES GENERALES,7,7,SEC-ANIMAL-MEAL-F2015-007,"¿Se dispone de locales adecuados e higiénicos o, de almacenamiento de despojos bajo cubierta?",yes_no_not_applicable,binary_yes_no_na,binary_yes_no_na,not_validated_insufficient_sector_sample,"Aguilar Elena doctoral thesis (2015), Annex 1, sector-specific questionnaires",1726,1726,Use as source-preserved sector-specific instrument; do not label as validated.
sec_animal_meal,Industria cárnica — Fabricación de harinas animales,final_2015_annex1_unvalidated,sector_specific_questionnaire,Industria cárnica,Fabricación de harinas animales,CONDICIONES GENERALES,8,8,SEC-ANIMAL-MEAL-F2015-008,"¿Los muros y los suelos son resistentes, impermeables y fáciles de limpiar y de desinfectar?",yes_no_not_applicable,binary_yes_no_na,binary_yes_no_na,not_validated_insufficient_sector_sample,"Aguilar Elena doctoral thesis (2015), Annex 1, sector-specific questionnaires",1727,1727,Use as source-preserved sector-specific instrument; do not label as validated.
sec_animal_meal,Industria cárnica — Fabricación de harinas animales,final_2015_annex1_unvalidated,sector_specific_questionnaire,Industria cárnica,Fabricación de harinas animales,CONDICIONES GENERALES,9,9,SEC-ANIMAL-MEAL-F2015-009,¿Se evita la generación de aerosoles o polvo procedente de materia orgánica?,yes_no_not_applicable,binary_yes_no_na,binary_yes_no_na,not_validated_insufficient_sector_sample,"Aguilar Elena doctoral thesis (2015), Annex 1, sector-specific questionnaires",1728,1728,Use as source-preserved sector-specific instrument; do not label as validated.
sec_animal_meal,Industria cárnica — Fabricación de harinas animales,final_2015_annex1_unvalidated,sector_specific_questionnaire,Industria cárnica,Fabricación de harinas animales,CONDICIONES GENERALES,10,10,SEC-ANIMAL-MEAL-F2015-010,¿Se dispone de un dispositivo de extracción de aire?,yes_no_not_applicable,binary_yes_no_na,binary_yes_no_na,not_validated_insufficient_sector_sample,"Aguilar Elena doctoral thesis (2015), Annex 1, sector-specific questionnaires",1729,1729,Use as source-preserved sector-specific instrument; do not label as validated.
sec_animal_meal,Industria cárnica — Fabricación de harinas animales,final_2015_annex1_unvalidated,sector_specific_questionnaire,Industria cárnica,Fabricación de harinas animales,CONDICIONES GENERALES,11,11,SEC-ANIMAL-MEAL-F2015-011,"¿La maquinaria está equipada con un dispositivo que permita la evacuación, en circuito cerrado, de las aguas residuales?",yes_no_not_applicable,binary_yes_no_na,binary_yes_no_na,not_validated_insufficient_sector_sample,"Aguilar Elena doctoral thesis (2015), Annex 1, sector-specific questionnaires",1730,1731,Use as source-preserved sector-specific instrument; do not label as validated.
sec_animal_meal,Industria cárnica — Fabricación de harinas animales,final_2015_annex1_unvalidated,sector_specific_questionnaire,Industria cárnica,Fabricación de harinas animales,CONDICIONES GENERALES,12,12,SEC-ANIMAL-MEAL-F2015-012,"¿Los sistemas de carga y descarga de los lugares de almacenamiento minimizan la manipulación manual y la generación de polvo mediante, por ejemplo el uso de palas de carga frontal o cintas elevadoras de goma?",yes_no_not_applicable,binary_yes_no_na,binary_yes_no_na,not_validated_insufficient_sector_sample,"Aguilar Elena doctoral thesis (2015), Annex 1, sector-specific questionnaires",1732,1734,Use as source-preserved sector-specific instrument; do not label as validated.
sec_animal_meal,Industria cárnica — Fabricación de harinas animales,final_2015_annex1_unvalidated,sector_specific_questionnaire,Industria cárnica,Fabricación de harinas animales,CONDICIONES GENERALES,13,13,SEC-ANIMAL-MEAL-F2015-013,"¿Existe extracción localizada provista de filtros adecuados para polvo, especialmente en los puntos de llenado y de vertido? Se considera imprescindible que la campana de captación esté situada lo más cerca posible de cualquier fuente potencial de polvo. El equipo debe ser desmontable, para facilitar la limpieza, eliminación de obstrucciones, etc…",yes_no_not_applicable,binary_yes_no_na,binary_yes_no_na,not_validated_insufficient_sector_sample,"Aguilar Elena doctoral thesis (2015), Annex 1, sector-specific questionnaires",1735,1740,Use as source-preserved sector-specific instrument; do not label as validated.
sec_animal_meal,Industria cárnica — Fabricación de harinas animales,final_2015_annex1_unvalidated,sector_specific_questionnaire,Industria cárnica,Fabricación de harinas animales,EXPOSICIÓN A TRITURADOS DE RESIDUOS Y/O CARNES O HUESOS,14,14,SEC-ANIMAL-MEAL-F2015-014,"¿Se reduce al mínimo la exposición a aerosoles y polvos, protegiéndoles la cara (ojos, nariz y boca)?",yes_no_not_applicable,binary_yes_no_na,binary_yes_no_na,not_validated_insufficient_sector_sample,"Aguilar Elena doctoral thesis (2015), Annex 1, sector-specific questionnaires",1742,1743,Use as source-preserved sector-specific instrument; do not label as validated.
sec_animal_meal,Industria cárnica — Fabricación de harinas animales,final_2015_annex1_unvalidated,sector_specific_questionnaire,Industria cárnica,Fabricación de harinas animales,EXPOSICIÓN A TRITURADOS DE RESIDUOS Y/O CARNES O HUESOS,15,15,SEC-ANIMAL-MEAL-F2015-015,"¿Se realizan los procesos de forma cerrada, utilizando instalaciones adecuadamente diseñadas?",yes_no_not_applicable,binary_yes_no_na,binary_yes_no_na,not_validated_insufficient_sector_sample,"Aguilar Elena doctoral thesis (2015), Annex 1, sector-specific questionnaires",1744,1744,Use as source-preserved sector-specific instrument; do not label as validated.
sec_animal_meal,Industria cárnica — Fabricación de harinas animales,final_2015_annex1_unvalidated,sector_specific_questionnaire,Industria cárnica,Fabricación de harinas animales,EXPOSICIÓN A TRITURADOS DE RESIDUOS Y/O CARNES O HUESOS,16,16,SEC-ANIMAL-MEAL-F2015-016,"¿Se dispone de extracción localizada provista de filtros adecuados para polvo, especialmente en los puntos de llenado y de vertido? Se considera imprescindible que la campana de extracción esté situada lo más cerca posible de cualquier fuente potencial de polvo. El equipo puede ser fijo o desmontable, para facilitar la limpieza, eliminación de obstrucciones y mantenimiento general.",yes_no_not_applicable,binary_yes_no_na,binary_yes_no_na,not_validated_insufficient_sector_sample,"Aguilar Elena doctoral thesis (2015), Annex 1, sector-specific questionnaires",1745,1749,Use as source-preserved sector-specific instrument; do not label as validated.
sec_animal_meal,Industria cárnica — Fabricación de harinas animales,final_2015_annex1_unvalidated,sector_specific_questionnaire,Industria cárnica,Fabricación de harinas animales,EXPOSICIÓN A TRITURADOS DE RESIDUOS Y/O CARNES O HUESOS,17,17,SEC-ANIMAL-MEAL-F2015-017,"¿Los sistemas de carga y descarga de los lugares de almacenamiento minimizan la manipulación manual y la generación de polvo mediante, por ejemplo, el uso de palas de carga frontal o cintas elevadoras de goma? Las cabinas deberán estar dotadas de ventilación y de filtros de retención de polvo.",yes_no_not_applicable,binary_yes_no_na,binary_yes_no_na,not_validated_insufficient_sector_sample,"Aguilar Elena doctoral thesis (2015), Annex 1, sector-specific questionnaires",1750,1754,Use as source-preserved sector-specific instrument; do not label as validated.
sec_animal_meal,Industria cárnica — Fabricación de harinas animales,final_2015_annex1_unvalidated,sector_specific_questionnaire,Industria cárnica,Fabricación de harinas animales,EXPOSICIÓN A TRITURADOS DE RESIDUOS Y/O CARNES O HUESOS,18,18,SEC-ANIMAL-MEAL-F2015-018,¿Los camiones de transporte están firmemente cerrados y herméticamente sellados con tapas resistentes para impedir los derrames durante el transporte?,yes_no_not_applicable,binary_yes_no_na,binary_yes_no_na,not_validated_insufficient_sector_sample,"Aguilar Elena doctoral thesis (2015), Annex 1, sector-specific questionnaires",1755,1756,Use as source-preserved sector-specific instrument; do not label as validated.
sec_animal_meal,Industria cárnica — Fabricación de harinas animales,final_2015_annex1_unvalidated,sector_specific_questionnaire,Industria cárnica,Fabricación de harinas animales,EXPOSICIÓN A TRITURADOS DE RESIDUOS Y/O CARNES O HUESOS,19,19,SEC-ANIMAL-MEAL-F2015-019,¿Los sistemas de transportadores (desde la planta al almacenamiento) como de molturación cuando se requiere triturar los residuos antes de su eliminación final son cerrados?,yes_no_not_applicable,binary_yes_no_na,binary_yes_no_na,not_validated_insufficient_sector_sample,"Aguilar Elena doctoral thesis (2015), Annex 1, sector-specific questionnaires",1757,1758,Use as source-preserved sector-specific instrument; do not label as validated.
sec_animal_meal,Industria cárnica — Fabricación de harinas animales,final_2015_annex1_unvalidated,sector_specific_questionnaire,Industria cárnica,Fabricación de harinas animales,EXPOSICIÓN A TRITURADOS DE RESIDUOS Y/O CARNES O HUESOS,20,20,SEC-ANIMAL-MEAL-F2015-020,"¿Se utilizan EPI´s en las operaciones de mantenimiento (eliminación de obstrucciones, etc.), limpieza de camiones, zonas de almacenamiento y limpieza de equipos de extracción localizada (con suministro de aire, si son periodos de trabajo largos y máscaras desechables con gafas si son periodos cortos)?",yes_no_not_applicable,binary_yes_no_na,binary_yes_no_na,not_validated_insufficient_sector_sample,"Aguilar Elena doctoral thesis (2015), Annex 1, sector-specific questionnaires",1759,1762,Use as source-preserved sector-specific instrument; do not label as validated.
sec_animal_meal,Industria cárnica — Fabricación de harinas animales,final_2015_annex1_unvalidated,sector_specific_questionnaire,Industria cárnica,Fabricación de harinas animales,EXPOSICIÓN A TRITURADOS DE RESIDUOS Y/O CARNES O HUESOS,21,21,SEC-ANIMAL-MEAL-F2015-021,"¿Las zonas contaminadas con material pulverulento, así como los equipos de protección individual no desechables, se limpian periódicamente y de forma completa con agua y jabón?",yes_no_not_applicable,binary_yes_no_na,binary_yes_no_na,not_validated_insufficient_sector_sample,"Aguilar Elena doctoral thesis (2015), Annex 1, sector-specific questionnaires",1763,1769,Use as source-preserved sector-specific instrument; do not label as validated.
sec_animal_meal,Industria cárnica — Fabricación de harinas animales,final_2015_annex1_unvalidated,sector_specific_questionnaire,Industria cárnica,Fabricación de harinas animales,EXPOSICIÓN A TRITURADOS DE RESIDUOS Y/O CARNES O HUESOS,22,22,SEC-ANIMAL-MEAL-F2015-022,¿Para la eliminación de todos los restos de material de los vehículos y zonas de almacenamiento se utiliza un aspirador industrial? ¿Los restos que se limpian del aspirador se introducen en bolsas para su adecuada eliminación?,yes_no_not_applicable,binary_yes_no_na,binary_yes_no_na,not_validated_insufficient_sector_sample,"Aguilar Elena doctoral thesis (2015), Annex 1, sector-specific questionnaires",1770,1772,Use as source-preserved sector-specific instrument; do not label as validated.
sec_animal_meal,Industria cárnica — Fabricación de harinas animales,final_2015_annex1_unvalidated,sector_specific_questionnaire,Industria cárnica,Fabricación de harinas animales,TRANSPORTE DE SUBPRODUCTOS ANIMALES,23,23,SEC-ANIMAL-MEAL-F2015-023,¿Se evita la entrada de los vehículos propios a aquellas zonas en las que se desarrolla actividad en el establecimiento productor?,yes_no_not_applicable,binary_yes_no_na,binary_yes_no_na,not_validated_insufficient_sector_sample,"Aguilar Elena doctoral thesis (2015), Annex 1, sector-specific questionnaires",1774,1775,Use as source-preserved sector-specific instrument; do not label as validated.
sec_animal_meal,Industria cárnica — Fabricación de harinas animales,final_2015_annex1_unvalidated,sector_specific_questionnaire,Industria cárnica,Fabricación de harinas animales,TRANSPORTE DE SUBPRODUCTOS ANIMALES,24,24,SEC-ANIMAL-MEAL-F2015-024,¿Se revisan las partes de los vehículos susceptibles de contaminación y se establecen sistemas de limpieza y desinfección de los mismos?,yes_no_not_applicable,binary_yes_no_na,binary_yes_no_na,not_validated_insufficient_sector_sample,"Aguilar Elena doctoral thesis (2015), Annex 1, sector-specific questionnaires",1776,1777,Use as source-preserved sector-specific instrument; do not label as validated.
sec_animal_meal,Industria cárnica — Fabricación de harinas animales,final_2015_annex1_unvalidated,sector_specific_questionnaire,Industria cárnica,Fabricación de harinas animales,TRANSPORTE DE SUBPRODUCTOS ANIMALES,25,25,SEC-ANIMAL-MEAL-F2015-025,"¿Se dispone de un equipo de desinfección dotado con un agente desinfectante de amplio espectro (bactericida, fungicida y virucida) para la desinfección de los vehículos o cualquier utensilio utilizado y necesario para el desarrollo de las tareas?",yes_no_not_applicable,binary_yes_no_na,binary_yes_no_na,not_validated_insufficient_sector_sample,"Aguilar Elena doctoral thesis (2015), Annex 1, sector-specific questionnaires",1778,1780,Use as source-preserved sector-specific instrument; do not label as validated.
sec_animal_meal,Industria cárnica — Fabricación de harinas animales,final_2015_annex1_unvalidated,sector_specific_questionnaire,Industria cárnica,Fabricación de harinas animales,TRANSPORTE DE SUBPRODUCTOS ANIMALES,26,26,SEC-ANIMAL-MEAL-F2015-026,"¿Los vehículos y sus sistemas son limpiados y desinfectados después de la descarga, en un centro de limpieza y desinfección de vehículos autorizados, localizado preferentemente en las propias instalaciones de la empresa?",yes_no_not_applicable,binary_yes_no_na,binary_yes_no_na,not_validated_insufficient_sector_sample,"Aguilar Elena doctoral thesis (2015), Annex 1, sector-specific questionnaires",1781,1783,Use as source-preserved sector-specific instrument; do not label as validated.
sec_cured_meats,Industria cárnica — Fábrica-secadero de jamones y embutidos,final_2015_annex1_unvalidated,sector_specific_questionnaire,Industria cárnica,Fábrica-secadero de jamones y embutidos,CONDICIONES GENERALES,1,1,SEC-CURED-MEATS-F2015-001,¿Las ventanas disponen de telas mosquiteras de malla lo más fina posible y con el marco convenientemente ajustado y sellado con silicona?,yes_no_not_applicable,binary_yes_no_na,binary_yes_no_na,not_validated_insufficient_sector_sample,"Aguilar Elena doctoral thesis (2015), Annex 1, sector-specific questionnaires",1801,1802,Use as source-preserved sector-specific instrument; do not label as validated.
sec_cured_meats,Industria cárnica — Fábrica-secadero de jamones y embutidos,final_2015_annex1_unvalidated,sector_specific_questionnaire,Industria cárnica,Fábrica-secadero de jamones y embutidos,CONDICIONES GENERALES,2,2,SEC-CURED-MEATS-F2015-002,"¿Se mantiene en buen estado marcos, persianas, postigos,…?",yes_no_not_applicable,binary_yes_no_na,binary_yes_no_na,not_validated_insufficient_sector_sample,"Aguilar Elena doctoral thesis (2015), Annex 1, sector-specific questionnaires",1803,1803,Use as source-preserved sector-specific instrument; do not label as validated.
sec_cured_meats,Industria cárnica — Fábrica-secadero de jamones y embutidos,final_2015_annex1_unvalidated,sector_specific_questionnaire,Industria cárnica,Fábrica-secadero de jamones y embutidos,CONDICIONES GENERALES,3,3,SEC-CURED-MEATS-F2015-003,¿El cierre de la ventana es totalmente hermético?,yes_no_not_applicable,binary_yes_no_na,binary_yes_no_na,not_validated_insufficient_sector_sample,"Aguilar Elena doctoral thesis (2015), Annex 1, sector-specific questionnaires",1804,1804,Use as source-preserved sector-specific instrument; do not label as validated.
sec_cured_meats,Industria cárnica — Fábrica-secadero de jamones y embutidos,final_2015_annex1_unvalidated,sector_specific_questionnaire,Industria cárnica,Fábrica-secadero de jamones y embutidos,CONDICIONES GENERALES,4,4,SEC-CURED-MEATS-F2015-004,¿Se dispone de sistemas de refrigeración tipo torre de refrigeración en el lugar de trabajo?,yes_no_not_applicable,binary_yes_no_na,binary_yes_no_na,not_validated_insufficient_sector_sample,"Aguilar Elena doctoral thesis (2015), Annex 1, sector-specific questionnaires",1805,1805,Use as source-preserved sector-specific instrument; do not label as validated.
sec_cured_meats,Industria cárnica — Fábrica-secadero de jamones y embutidos,final_2015_annex1_unvalidated,sector_specific_questionnaire,Industria cárnica,Fábrica-secadero de jamones y embutidos,CONDICIONES GENERALES,5,5,SEC-CURED-MEATS-F2015-005,¿Se realizan las limpiezas periódicas de las torres de refrigeración establecidas por la legislación vigente?,yes_no_not_applicable,binary_yes_no_na,binary_yes_no_na,not_validated_insufficient_sector_sample,"Aguilar Elena doctoral thesis (2015), Annex 1, sector-specific questionnaires",1806,1807,Use as source-preserved sector-specific instrument; do not label as validated.
sec_cured_meats,Industria cárnica — Fábrica-secadero de jamones y embutidos,final_2015_annex1_unvalidated,sector_specific_questionnaire,Industria cárnica,Fábrica-secadero de jamones y embutidos,CONDICIONES GENERALES,6,6,SEC-CURED-MEATS-F2015-006,"¿Los equipos y utensilios destinados a la elaboración de productos cárnicos se mantienen en buen estado de conservación y se limpian, desinfectan de acuerdo con lo establecido en el programa correspondiente?",yes_no_not_applicable,binary_yes_no_na,binary_yes_no_na,not_validated_insufficient_sector_sample,"Aguilar Elena doctoral thesis (2015), Annex 1, sector-specific questionnaires",1808,1810,Use as source-preserved sector-specific instrument; do not label as validated.
sec_cured_meats,Industria cárnica — Fábrica-secadero de jamones y embutidos,final_2015_annex1_unvalidated,sector_specific_questionnaire,Industria cárnica,Fábrica-secadero de jamones y embutidos,CONDICIONES GENERALES,7,7,SEC-CURED-MEATS-F2015-007,¿Para prevenir contaminaciones entre materias primas y productos terminados los utensilios utilizados para manipular las primeras entran en contacto con los productos finales a no ser que hayan sido limpiados y desinfectados previamente?,yes_no_not_applicable,binary_yes_no_na,binary_yes_no_na,not_validated_insufficient_sector_sample,"Aguilar Elena doctoral thesis (2015), Annex 1, sector-specific questionnaires",1811,1813,Use as source-preserved sector-specific instrument; do not label as validated.
sec_cured_meats,Industria cárnica — Fábrica-secadero de jamones y embutidos,final_2015_annex1_unvalidated,sector_specific_questionnaire,Industria cárnica,Fábrica-secadero de jamones y embutidos,CONDICIONES GENERALES,8,8,SEC-CURED-MEATS-F2015-008,"¿Todas las superficies donde se manipulen tanto materias primas como productos intermedios o elaborados, son impermeables y de materiales fáciles de limpiar? Los utensilios no deberán disponer de elementos de madera.",yes_no_not_applicable,binary_yes_no_na,binary_yes_no_na,not_validated_insufficient_sector_sample,"Aguilar Elena doctoral thesis (2015), Annex 1, sector-specific questionnaires",1814,1817,Use as source-preserved sector-specific instrument; do not label as validated.
sec_cured_meats,Industria cárnica — Fábrica-secadero de jamones y embutidos,final_2015_annex1_unvalidated,sector_specific_questionnaire,Industria cárnica,Fábrica-secadero de jamones y embutidos,CONDICIONES GENERALES,9,9,SEC-CURED-MEATS-F2015-009,"¿Todas las estructuras de apoyo (mesas, bandejas, carros,…) se conservan en perfecto estado y se inspeccionan, limpian periódicamente? Las superficies de trabajo se mantendrán en todo momento limpias. Es importante que toda superficie que esté en contacto directo con alimentos se haya limpiado y secado antes de utilizarlas.",yes_no_not_applicable,binary_yes_no_na,binary_yes_no_na,not_validated_insufficient_sector_sample,"Aguilar Elena doctoral thesis (2015), Annex 1, sector-specific questionnaires",1818,1822,Use as source-preserved sector-specific instrument; do not label as validated.
sec_cured_meats,Industria cárnica — Fábrica-secadero de jamones y embutidos,final_2015_annex1_unvalidated,sector_specific_questionnaire,Industria cárnica,Fábrica-secadero de jamones y embutidos,CONDICIONES GENERALES,10,10,SEC-CURED-MEATS-F2015-010,¿La higiene de locales se asegura mediante un procedimiento establecido de limpieza?,yes_no_not_applicable,binary_yes_no_na,binary_yes_no_na,not_validated_insufficient_sector_sample,"Aguilar Elena doctoral thesis (2015), Annex 1, sector-specific questionnaires",1823,1823,Use as source-preserved sector-specific instrument; do not label as validated.
sec_cured_meats,Industria cárnica — Fábrica-secadero de jamones y embutidos,final_2015_annex1_unvalidated,sector_specific_questionnaire,Industria cárnica,Fábrica-secadero de jamones y embutidos,CONDICIONES GENERALES,11,11,SEC-CURED-MEATS-F2015-011,"¿Los almacenes de materiales auxiliares se revisan periódicamente mediante visitas periódicas de control en las que se comprueba el almacenamiento adecuado de los productos y/o materiales, así como las condiciones generales del local (que deben ser adecuadas para permitir el correcto acondicionamiento de los productos en ellos almacenados)?",yes_no_not_applicable,binary_yes_no_na,binary_yes_no_na,not_validated_insufficient_sector_sample,"Aguilar Elena doctoral thesis (2015), Annex 1, sector-specific questionnaires",1824,1827,Use as source-preserved sector-specific instrument; do not label as validated.
sec_cured_meats,Industria cárnica — Fábrica-secadero de jamones y embutidos,final_2015_annex1_unvalidated,sector_specific_questionnaire,Industria cárnica,Fábrica-secadero de jamones y embutidos,CONDICIONES GENERALES,12,12,SEC-CURED-MEATS-F2015-012,"¿Las materias primas, productos auxiliares y otros materiales se evita que estén en contacto directo con el suelo? Las materias primas, productos auxiliares y otros materiales deberán estar aislados del mismo mediante el empleo de palets u otros dispositivos que no deberán ser de madera salvo en el caso de los productos estén embalados. Los condimentos deberán conservarse en lugares limpios y secos, debidamente acondicionados y procurando conservar los envases cerrados.",yes_no_not_applicable,binary_yes_no_na,binary_yes_no_na,not_validated_insufficient_sector_sample,"Aguilar Elena doctoral thesis (2015), Annex 1, sector-specific questionnaires",1828,1833,Use as source-preserved sector-specific instrument; do not label as validated.
sec_cured_meats,Industria cárnica — Fábrica-secadero de jamones y embutidos,final_2015_annex1_unvalidated,sector_specific_questionnaire,Industria cárnica,Fábrica-secadero de jamones y embutidos,CONDICIONES GENERALES,13,13,SEC-CURED-MEATS-F2015-013,"¿Se realiza la limpieza del lugar de trabajo una vez terminados los procesos de fabricación para evitar que los restos orgánicos se sequen, adhieran a las superficies…?",yes_no_not_applicable,binary_yes_no_na,binary_yes_no_na,not_validated_insufficient_sector_sample,"Aguilar Elena doctoral thesis (2015), Annex 1, sector-specific questionnaires",1834,1835,Use as source-preserved sector-specific instrument; do not label as validated.
sec_cured_meats,Industria cárnica — Fábrica-secadero de jamones y embutidos,final_2015_annex1_unvalidated,sector_specific_questionnaire,Industria cárnica,Fábrica-secadero de jamones y embutidos,CONDICIONES GENERALES,14,14,SEC-CURED-MEATS-F2015-014,"¿Se realizan limpiezas generales programadas con carácter periódico? Todas las zonas de trabajo se deberán limpiar al menos una vez cada 15 días en la limpieza general del lugar de trabajo. En esta limpieza se deberán incluir las puertas de entrada, escaleras si las hubiera, elevadores, …",yes_no_not_applicable,binary_yes_no_na,binary_yes_no_na,not_validated_insufficient_sector_sample,"Aguilar Elena doctoral thesis (2015), Annex 1, sector-specific questionnaires",1836,1839,Use as source-preserved sector-specific instrument; do not label as validated.
sec_cured_meats,Industria cárnica — Fábrica-secadero de jamones y embutidos,final_2015_annex1_unvalidated,sector_specific_questionnaire,Industria cárnica,Fábrica-secadero de jamones y embutidos,CONDICIONES GENERALES,15,15,SEC-CURED-MEATS-F2015-015,¿Las máquinas de lavado de embutidos y jamones disponen de dispositivos que eviten o reduzcan sensiblemente la liberación de contaminantes biológicos en el lugar de trabajo (aerosoles)?,yes_no_not_applicable,binary_yes_no_na,binary_yes_no_na,not_validated_insufficient_sector_sample,"Aguilar Elena doctoral thesis (2015), Annex 1, sector-specific questionnaires",1840,1842,Use as source-preserved sector-specific instrument; do not label as validated.
sec_cured_meats,Industria cárnica — Fábrica-secadero de jamones y embutidos,final_2015_annex1_unvalidated,sector_specific_questionnaire,Industria cárnica,Fábrica-secadero de jamones y embutidos,CONDICIONES GENERALES,16,16,SEC-CURED-MEATS-F2015-016,¿Las máquinas de limpieza de mohos disponen de dispositivos que eviten o reduzcan sensiblemente la liberación de contaminantes biológicos en el lugar de trabajo (polvo de mohos y hongos procedentes del cepillado de las piezas)?,yes_no_not_applicable,binary_yes_no_na,binary_yes_no_na,not_validated_insufficient_sector_sample,"Aguilar Elena doctoral thesis (2015), Annex 1, sector-specific questionnaires",1843,1845,Use as source-preserved sector-specific instrument; do not label as validated.
sec_cured_meats,Industria cárnica — Fábrica-secadero de jamones y embutidos,final_2015_annex1_unvalidated,sector_specific_questionnaire,Industria cárnica,Fábrica-secadero de jamones y embutidos,CONDICIONES GENERALES DE LOS SECADEROS,17,17,SEC-CURED-MEATS-F2015-017,"¿Se evita dejar fuera del secadero las estructuras usadas, las que no se han limpiado, sal usada, jamones de retorno, recipientes utilizados para el transporte de jamones,…? Si se dejan estos elementos dentro de la fábrica existe un riesgo del aumento de insectos en las proximidades de la fábrica y por lo tanto aumenta el riesgo de entrada.",yes_no_not_applicable,binary_yes_no_na,binary_yes_no_na,not_validated_insufficient_sector_sample,"Aguilar Elena doctoral thesis (2015), Annex 1, sector-specific questionnaires",1847,1851,Use as source-preserved sector-specific instrument; do not label as validated.
sec_cured_meats,Industria cárnica — Fábrica-secadero de jamones y embutidos,final_2015_annex1_unvalidated,sector_specific_questionnaire,Industria cárnica,Fábrica-secadero de jamones y embutidos,CONDICIONES GENERALES DE LOS SECADEROS,18,18,SEC-CURED-MEATS-F2015-018,¿La pintura externa de la fábrica es del tipo insecticida?,yes_no_not_applicable,binary_yes_no_na,binary_yes_no_na,not_validated_insufficient_sector_sample,"Aguilar Elena doctoral thesis (2015), Annex 1, sector-specific questionnaires",1852,1852,Use as source-preserved sector-specific instrument; do not label as validated.
sec_cured_meats,Industria cárnica — Fábrica-secadero de jamones y embutidos,final_2015_annex1_unvalidated,sector_specific_questionnaire,Industria cárnica,Fábrica-secadero de jamones y embutidos,CONDICIONES GENERALES DE LOS SECADEROS,19,19,SEC-CURED-MEATS-F2015-019,"¿La fábrica dispone de una única entrada a la misma? Cuantas menos aberturas existan en una fábrica de secado de jamones, menor probabilidad habrá de la contaminación. Lo más aconsejable es una única puerta suprimiendo en la medida de lo posible otras aberturas.",yes_no_not_applicable,binary_yes_no_na,binary_yes_no_na,not_validated_insufficient_sector_sample,"Aguilar Elena doctoral thesis (2015), Annex 1, sector-specific questionnaires",1853,1856,Use as source-preserved sector-specific instrument; do not label as validated.
sec_cured_meats,Industria cárnica — Fábrica-secadero de jamones y embutidos,final_2015_annex1_unvalidated,sector_specific_questionnaire,Industria cárnica,Fábrica-secadero de jamones y embutidos,CONDICIONES GENERALES DE LOS SECADEROS,20,20,SEC-CURED-MEATS-F2015-020,¿Se dispone de dispositivos de extracción de aire?,yes_no_not_applicable,binary_yes_no_na,binary_yes_no_na,not_validated_insufficient_sector_sample,"Aguilar Elena doctoral thesis (2015), Annex 1, sector-specific questionnaires",1857,1862,Use as source-preserved sector-specific instrument; do not label as validated.
sec_cured_meats,Industria cárnica — Fábrica-secadero de jamones y embutidos,final_2015_annex1_unvalidated,sector_specific_questionnaire,Industria cárnica,Fábrica-secadero de jamones y embutidos,CONDICIONES GENERALES DE LOS SECADEROS,21,21,SEC-CURED-MEATS-F2015-021,¿Se limpian periódicamente los filtros de los sistemas de extracción de aire?,yes_no_not_applicable,binary_yes_no_na,binary_yes_no_na,not_validated_insufficient_sector_sample,"Aguilar Elena doctoral thesis (2015), Annex 1, sector-specific questionnaires",1863,1864,Use as source-preserved sector-specific instrument; do not label as validated.
sec_ham_warehouse,Industria cárnica — Almacén de jamones y embutidos,final_2015_annex1_unvalidated,sector_specific_questionnaire,Industria cárnica,Almacén de jamones y embutidos,ALMACÉN DE JAMONES Y EMBUTIDOS,1,1,SEC-HAM-WAREHOUSE-F2015-001,¿Las ventanas disponen de telas mosquiteras de malla lo más fina posible y con el marco convenientemente ajustado y sellado con silicona?,yes_no_not_applicable,binary_yes_no_na,binary_yes_no_na,not_validated_insufficient_sector_sample,"Aguilar Elena doctoral thesis (2015), Annex 1, sector-specific questionnaires",1880,1881,Use as source-preserved sector-specific instrument; do not label as validated.
sec_ham_warehouse,Industria cárnica — Almacén de jamones y embutidos,final_2015_annex1_unvalidated,sector_specific_questionnaire,Industria cárnica,Almacén de jamones y embutidos,ALMACÉN DE JAMONES Y EMBUTIDOS,2,2,SEC-HAM-WAREHOUSE-F2015-002,"¿Se mantiene en buen estado marcos, persianas, postigos,…?",yes_no_not_applicable,binary_yes_no_na,binary_yes_no_na,not_validated_insufficient_sector_sample,"Aguilar Elena doctoral thesis (2015), Annex 1, sector-specific questionnaires",1882,1882,Use as source-preserved sector-specific instrument; do not label as validated.
sec_ham_warehouse,Industria cárnica — Almacén de jamones y embutidos,final_2015_annex1_unvalidated,sector_specific_questionnaire,Industria cárnica,Almacén de jamones y embutidos,ALMACÉN DE JAMONES Y EMBUTIDOS,3,3,SEC-HAM-WAREHOUSE-F2015-003,¿El cierre de la ventana es totalmente hermético?,yes_no_not_applicable,binary_yes_no_na,binary_yes_no_na,not_validated_insufficient_sector_sample,"Aguilar Elena doctoral thesis (2015), Annex 1, sector-specific questionnaires",1883,1883,Use as source-preserved sector-specific instrument; do not label as validated.
sec_ham_warehouse,Industria cárnica — Almacén de jamones y embutidos,final_2015_annex1_unvalidated,sector_specific_questionnaire,Industria cárnica,Almacén de jamones y embutidos,ALMACÉN DE JAMONES Y EMBUTIDOS,4,4,SEC-HAM-WAREHOUSE-F2015-004,"¿Los equipos y utensilios destinados a la elaboración de productos cárnicos se mantienen en buen estado de conservación y se limpian, desinfectan de acuerdo con lo establecido en el programa correspondiente?",yes_no_not_applicable,binary_yes_no_na,binary_yes_no_na,not_validated_insufficient_sector_sample,"Aguilar Elena doctoral thesis (2015), Annex 1, sector-specific questionnaires",1884,1886,Use as source-preserved sector-specific instrument; do not label as validated.
sec_ham_warehouse,Industria cárnica — Almacén de jamones y embutidos,final_2015_annex1_unvalidated,sector_specific_questionnaire,Industria cárnica,Almacén de jamones y embutidos,ALMACÉN DE JAMONES Y EMBUTIDOS,5,5,SEC-HAM-WAREHOUSE-F2015-005,¿Todas las superficies de trabajo son impermeables y de materiales fáciles de limpiar? Los utensilios no deberán disponer de elementos de madera.,yes_no_not_applicable,binary_yes_no_na,binary_yes_no_na,not_validated_insufficient_sector_sample,"Aguilar Elena doctoral thesis (2015), Annex 1, sector-specific questionnaires",1887,1889,Use as source-preserved sector-specific instrument; do not label as validated.
sec_ham_warehouse,Industria cárnica — Almacén de jamones y embutidos,final_2015_annex1_unvalidated,sector_specific_questionnaire,Industria cárnica,Almacén de jamones y embutidos,ALMACÉN DE JAMONES Y EMBUTIDOS,6,6,SEC-HAM-WAREHOUSE-F2015-006,"¿Todas las estructuras de apoyo (mesas, bandejas, carros,…) se conservan en perfecto estado y se inspeccionan, limpian periódicamente? Las superficies de trabajo se mantendrán en todo momento limpias. Es importante que toda superficie que esté en contacto directo con alimentos se haya limpiado y secado antes de utilizarlas.",yes_no_not_applicable,binary_yes_no_na,binary_yes_no_na,not_validated_insufficient_sector_sample,"Aguilar Elena doctoral thesis (2015), Annex 1, sector-specific questionnaires",1890,1894,Use as source-preserved sector-specific instrument; do not label as validated.
sec_ham_warehouse,Industria cárnica — Almacén de jamones y embutidos,final_2015_annex1_unvalidated,sector_specific_questionnaire,Industria cárnica,Almacén de jamones y embutidos,ALMACÉN DE JAMONES Y EMBUTIDOS,7,7,SEC-HAM-WAREHOUSE-F2015-007,¿La higiene de locales se asegura mediante un procedimiento establecido de limpieza?,yes_no_not_applicable,binary_yes_no_na,binary_yes_no_na,not_validated_insufficient_sector_sample,"Aguilar Elena doctoral thesis (2015), Annex 1, sector-specific questionnaires",1895,1895,Use as source-preserved sector-specific instrument; do not label as validated.
sec_ham_warehouse,Industria cárnica — Almacén de jamones y embutidos,final_2015_annex1_unvalidated,sector_specific_questionnaire,Industria cárnica,Almacén de jamones y embutidos,ALMACÉN DE JAMONES Y EMBUTIDOS,8,8,SEC-HAM-WAREHOUSE-F2015-008,"¿Los almacenes de materiales auxiliares se revisan periódicamente mediante visitas periódicas de control en las que se comprueba el almacenamiento adecuado de los productos y/o materiales, así como las condiciones generales del local (que deben ser adecuadas para permitir el correcto acondicionamiento de los productos en ellos almacenados)?",yes_no_not_applicable,binary_yes_no_na,binary_yes_no_na,not_validated_insufficient_sector_sample,"Aguilar Elena doctoral thesis (2015), Annex 1, sector-specific questionnaires",1896,1899,Use as source-preserved sector-specific instrument; do not label as validated.
sec_ham_warehouse,Industria cárnica — Almacén de jamones y embutidos,final_2015_annex1_unvalidated,sector_specific_questionnaire,Industria cárnica,Almacén de jamones y embutidos,ALMACÉN DE JAMONES Y EMBUTIDOS,9,9,SEC-HAM-WAREHOUSE-F2015-009,"¿Las materias primas, productos auxiliares y otros materiales se evita que estén en contacto directo con el suelo? Las materias primas, productos auxiliares y otros materiales deberán estar aislados del mismo mediante el empleo de palets u otros dispositivos que no deberán ser de madera salvo en el caso de los productos estén embalados. Los condimentos deberán conservarse en lugares limpios y secos, debidamente acondicionados y procurando conservar los envases cerrados.",yes_no_not_applicable,binary_yes_no_na,binary_yes_no_na,not_validated_insufficient_sector_sample,"Aguilar Elena doctoral thesis (2015), Annex 1, sector-specific questionnaires",1900,1905,Use as source-preserved sector-specific instrument; do not label as validated.
sec_ham_warehouse,Industria cárnica — Almacén de jamones y embutidos,final_2015_annex1_unvalidated,sector_specific_questionnaire,Industria cárnica,Almacén de jamones y embutidos,ALMACÉN DE JAMONES Y EMBUTIDOS,10,10,SEC-HAM-WAREHOUSE-F2015-010,"¿Se realiza la limpieza del lugar de trabajo una vez terminados los procesos de fabricación para evitar que los restos orgánicos se sequen, adhieran a las superficies…?",yes_no_not_applicable,binary_yes_no_na,binary_yes_no_na,not_validated_insufficient_sector_sample,"Aguilar Elena doctoral thesis (2015), Annex 1, sector-specific questionnaires",1906,1907,Use as source-preserved sector-specific instrument; do not label as validated.
sec_ham_warehouse,Industria cárnica — Almacén de jamones y embutidos,final_2015_annex1_unvalidated,sector_specific_questionnaire,Industria cárnica,Almacén de jamones y embutidos,ALMACÉN DE JAMONES Y EMBUTIDOS,11,11,SEC-HAM-WAREHOUSE-F2015-011,"¿Se realizan limpiezas generales programadas con carácter periódico? Todas las zonas de trabajo se deberán limpiar al menos una vez cada 15 días en la limpieza general del lugar de trabajo. En esta limpieza se deberán incluir las puertas de entrada, escaleras si las hubiera, elevadores, …",yes_no_not_applicable,binary_yes_no_na,binary_yes_no_na,not_validated_insufficient_sector_sample,"Aguilar Elena doctoral thesis (2015), Annex 1, sector-specific questionnaires",1908,1911,Use as source-preserved sector-specific instrument; do not label as validated.
sec_ham_warehouse,Industria cárnica — Almacén de jamones y embutidos,final_2015_annex1_unvalidated,sector_specific_questionnaire,Industria cárnica,Almacén de jamones y embutidos,ALMACÉN DE JAMONES Y EMBUTIDOS,12,12,SEC-HAM-WAREHOUSE-F2015-012,"¿Se evita dejar fuera del almacén las estructuras usadas, las que no se han limpiado, jamones de retorno, recipientes utilizados para el transporte de jamones,…? Si se dejan estos elementos dentro de la fábrica existe un riesgo del aumento de insectos en las proximidades de la fábrica y por lo tanto aumenta el riesgo de entrada.",yes_no_not_applicable,binary_yes_no_na,binary_yes_no_na,not_validated_insufficient_sector_sample,"Aguilar Elena doctoral thesis (2015), Annex 1, sector-specific questionnaires",1912,1916,Use as source-preserved sector-specific instrument; do not label as validated.
sec_ham_warehouse,Industria cárnica — Almacén de jamones y embutidos,final_2015_annex1_unvalidated,sector_specific_questionnaire,Industria cárnica,Almacén de jamones y embutidos,ALMACÉN DE JAMONES Y EMBUTIDOS,13,13,SEC-HAM-WAREHOUSE-F2015-013,"¿El almacén dispone de una única entrada al mismo? Cuantas menos aberturas existan en el almacén, menor probabilidad habrá de contaminación externa. Lo más aconsejable es una única puerta suprimiendo en la medida de lo posible otras aberturas.",yes_no_not_applicable,binary_yes_no_na,binary_yes_no_na,not_validated_insufficient_sector_sample,"Aguilar Elena doctoral thesis (2015), Annex 1, sector-specific questionnaires",1917,1921,Use as source-preserved sector-specific instrument; do not label as validated.
sec_slaughter_wastewater,Industria cárnica — Depuración de aguas residuales procedentes de matadero,final_2015_annex1_unvalidated,sector_specific_questionnaire,Industria cárnica,Depuración de aguas residuales procedentes de matadero,DEPURACIÓN DE AGUAS RESIDUALES PROCEDENTES DE MATADERO,1,1,SEC-SLAUGHTER-WASTEWATER-F2015-001,"¿Se tiene en cuenta que los procesos de trabajo eviten o reduzcan sensiblemente la liberación de contaminantes biológicos en el lugar de trabajo (generación de polvo de los lodos o aerosoles generados por los trasvases, sistemas de aireación) y el contacto de los trabajadores con ellos? El riesgo de contaminación por la vía respiratoria es mayor en las zonas con posibilidad de generación de aerosoles, sobretodo en la proximidad de los sistemas de aireación de las piscinas, de pulverización, saltos de agua y zonas de impacto en los efluentes y los lodos",yes_no_not_applicable,binary_yes_no_na,binary_yes_no_na,not_validated_insufficient_sector_sample,"Aguilar Elena doctoral thesis (2015), Annex 1, sector-specific questionnaires",1937,1943,Use as source-preserved sector-specific instrument; do not label as validated.
sec_slaughter_wastewater,Industria cárnica — Depuración de aguas residuales procedentes de matadero,final_2015_annex1_unvalidated,sector_specific_questionnaire,Industria cárnica,Depuración de aguas residuales procedentes de matadero,DEPURACIÓN DE AGUAS RESIDUALES PROCEDENTES DE MATADERO,2,2,SEC-SLAUGHTER-WASTEWATER-F2015-002,"¿El personal que opera en la planta de tratamiento de aguas residuales utiliza ropa de trabajo adecuada, calzado de goma y otras prendas de protección?",yes_no_not_applicable,binary_yes_no_na,binary_yes_no_na,not_validated_insufficient_sector_sample,"Aguilar Elena doctoral thesis (2015), Annex 1, sector-specific questionnaires",1944,1945,Use as source-preserved sector-specific instrument; do not label as validated.
sec_slaughter_wastewater,Industria cárnica — Depuración de aguas residuales procedentes de matadero,final_2015_annex1_unvalidated,sector_specific_questionnaire,Industria cárnica,Depuración de aguas residuales procedentes de matadero,DEPURACIÓN DE AGUAS RESIDUALES PROCEDENTES DE MATADERO,3,3,SEC-SLAUGHTER-WASTEWATER-F2015-003,¿El personal cuando tiene alguna herida abierta la cubre con apósitos impermeables para evitar el contacto directo con las aguas contaminadas?,yes_no_not_applicable,binary_yes_no_na,binary_yes_no_na,not_validated_insufficient_sector_sample,"Aguilar Elena doctoral thesis (2015), Annex 1, sector-specific questionnaires",1946,1947,Use as source-preserved sector-specific instrument; do not label as validated.
sec_slaughter_wastewater,Industria cárnica — Depuración de aguas residuales procedentes de matadero,final_2015_annex1_unvalidated,sector_specific_questionnaire,Industria cárnica,Depuración de aguas residuales procedentes de matadero,DEPURACIÓN DE AGUAS RESIDUALES PROCEDENTES DE MATADERO,4,4,SEC-SLAUGHTER-WASTEWATER-F2015-004,"¿Está prohibido comer, fumar y beber durante la jornada laboral?",yes_no_not_applicable,binary_yes_no_na,binary_yes_no_na,not_validated_insufficient_sector_sample,"Aguilar Elena doctoral thesis (2015), Annex 1, sector-specific questionnaires",1948,1948,Use as source-preserved sector-specific instrument; do not label as validated.
sec_slaughter_wastewater,Industria cárnica — Depuración de aguas residuales procedentes de matadero,final_2015_annex1_unvalidated,sector_specific_questionnaire,Industria cárnica,Depuración de aguas residuales procedentes de matadero,DEPURACIÓN DE AGUAS RESIDUALES PROCEDENTES DE MATADERO,5,5,SEC-SLAUGHTER-WASTEWATER-F2015-005,¿Para el secado de las manos en los retretes existen toallas de papel desechables o corrientes de aire?,yes_no_not_applicable,binary_yes_no_na,binary_yes_no_na,not_validated_insufficient_sector_sample,"Aguilar Elena doctoral thesis (2015), Annex 1, sector-specific questionnaires",1949,1950,Use as source-preserved sector-specific instrument; do not label as validated.
sec_slaughter_wastewater,Industria cárnica — Depuración de aguas residuales procedentes de matadero,final_2015_annex1_unvalidated,sector_specific_questionnaire,Industria cárnica,Depuración de aguas residuales procedentes de matadero,DEPURACIÓN DE AGUAS RESIDUALES PROCEDENTES DE MATADERO,6,6,SEC-SLAUGHTER-WASTEWATER-F2015-006,¿La recogida de lodos procedentes de las balsas la realiza personal cualificado con medios adecuados? La recogida de lodos procedentes de la depuradora de aguas residuales se deberá realizar con medios adecuados evitando la exposición de los trabajadores al máximo.,yes_no_not_applicable,binary_yes_no_na,binary_yes_no_na,not_validated_insufficient_sector_sample,"Aguilar Elena doctoral thesis (2015), Annex 1, sector-specific questionnaires",1951,1956,Use as source-preserved sector-specific instrument; do not label as validated.
sec_cutting_butcher,Industria cárnica — Salas de despiece y carnicerías,final_2015_annex1_unvalidated,sector_specific_questionnaire,Industria cárnica,Salas de despiece y carnicerías,SALAS DE DESPIECE Y CARNICERÍAS,1,1,SEC-CUTTING-BUTCHER-F2015-001,¿El cierre de las ventanas es totalmente hermético?,yes_no_not_applicable,binary_yes_no_na,binary_yes_no_na,not_validated_insufficient_sector_sample,"Aguilar Elena doctoral thesis (2015), Annex 1, sector-specific questionnaires",1972,1972,Use as source-preserved sector-specific instrument; do not label as validated.
sec_cutting_butcher,Industria cárnica — Salas de despiece y carnicerías,final_2015_annex1_unvalidated,sector_specific_questionnaire,Industria cárnica,Salas de despiece y carnicerías,SALAS DE DESPIECE Y CARNICERÍAS,2,2,SEC-CUTTING-BUTCHER-F2015-002,"¿Los equipos y utensilios destinados a la elaboración de productos cárnicos se mantienen en buen estado de conservación y se limpian, desinfectan de acuerdo con lo establecido en el programa correspondiente?",yes_no_not_applicable,binary_yes_no_na,binary_yes_no_na,not_validated_insufficient_sector_sample,"Aguilar Elena doctoral thesis (2015), Annex 1, sector-specific questionnaires",1973,1975,Use as source-preserved sector-specific instrument; do not label as validated.
sec_cutting_butcher,Industria cárnica — Salas de despiece y carnicerías,final_2015_annex1_unvalidated,sector_specific_questionnaire,Industria cárnica,Salas de despiece y carnicerías,SALAS DE DESPIECE Y CARNICERÍAS,3,3,SEC-CUTTING-BUTCHER-F2015-003,¿Todas las superficies de trabajo son impermeables y de materiales fáciles de limpiar? Los utensilios no deberán disponer de elementos de madera.,yes_no_not_applicable,binary_yes_no_na,binary_yes_no_na,not_validated_insufficient_sector_sample,"Aguilar Elena doctoral thesis (2015), Annex 1, sector-specific questionnaires",1976,1978,Use as source-preserved sector-specific instrument; do not label as validated.
sec_cutting_butcher,Industria cárnica — Salas de despiece y carnicerías,final_2015_annex1_unvalidated,sector_specific_questionnaire,Industria cárnica,Salas de despiece y carnicerías,SALAS DE DESPIECE Y CARNICERÍAS,4,4,SEC-CUTTING-BUTCHER-F2015-004,"¿Todas las estructuras de apoyo (mesas, bandejas, carros,…) se conservan en perfecto estado y se inspeccionan, limpian periódicamente? Las superficies de trabajo se mantendrán en todo momento limpias. Es importante que toda superficie que esté en contacto directo con alimentos se haya limpiado y secado antes de utilizarlas.",yes_no_not_applicable,binary_yes_no_na,binary_yes_no_na,not_validated_insufficient_sector_sample,"Aguilar Elena doctoral thesis (2015), Annex 1, sector-specific questionnaires",1979,1983,Use as source-preserved sector-specific instrument; do not label as validated.
sec_cutting_butcher,Industria cárnica — Salas de despiece y carnicerías,final_2015_annex1_unvalidated,sector_specific_questionnaire,Industria cárnica,Salas de despiece y carnicerías,SALAS DE DESPIECE Y CARNICERÍAS,5,5,SEC-CUTTING-BUTCHER-F2015-005,¿La higiene de locales se asegura mediante un procedimiento establecido de limpieza?,yes_no_not_applicable,binary_yes_no_na,binary_yes_no_na,not_validated_insufficient_sector_sample,"Aguilar Elena doctoral thesis (2015), Annex 1, sector-specific questionnaires",1984,1984,Use as source-preserved sector-specific instrument; do not label as validated.
sec_cutting_butcher,Industria cárnica — Salas de despiece y carnicerías,final_2015_annex1_unvalidated,sector_specific_questionnaire,Industria cárnica,Salas de despiece y carnicerías,SALAS DE DESPIECE Y CARNICERÍAS,6,6,SEC-CUTTING-BUTCHER-F2015-006,"¿Las materias primas, productos auxiliares y otros materiales se evita que estén en contacto directo con el suelo? Las materias primas, productos auxiliares y otros materiales deberán estar aislados del mismo mediante el empleo de palets u otros dispositivos que no deberán ser de madera salvo en el caso de los productos estén embalados. Los condimentos deberán conservarse en lugares limpios y secos, debidamente acondicionados y procurando conservar los envases cerrados.",yes_no_not_applicable,binary_yes_no_na,binary_yes_no_na,not_validated_insufficient_sector_sample,"Aguilar Elena doctoral thesis (2015), Annex 1, sector-specific questionnaires",1985,1990,Use as source-preserved sector-specific instrument; do not label as validated.
sec_cutting_butcher,Industria cárnica — Salas de despiece y carnicerías,final_2015_annex1_unvalidated,sector_specific_questionnaire,Industria cárnica,Salas de despiece y carnicerías,SALAS DE DESPIECE Y CARNICERÍAS,7,7,SEC-CUTTING-BUTCHER-F2015-007,"¿Se realiza la limpieza del lugar de trabajo una vez terminados los procesos de fabricación para evitar que los restos orgánicos se sequen, adhieran a las superficies…?",yes_no_not_applicable,binary_yes_no_na,binary_yes_no_na,not_validated_insufficient_sector_sample,"Aguilar Elena doctoral thesis (2015), Annex 1, sector-specific questionnaires",1991,1992,Use as source-preserved sector-specific instrument; do not label as validated.
sec_cutting_butcher,Industria cárnica — Salas de despiece y carnicerías,final_2015_annex1_unvalidated,sector_specific_questionnaire,Industria cárnica,Salas de despiece y carnicerías,SALAS DE DESPIECE Y CARNICERÍAS,8,8,SEC-CUTTING-BUTCHER-F2015-008,"¿Se realizan limpiezas generales programadas con carácter periódico? Todas las zonas de trabajo se deberán limpiar al menos una vez cada 15 días en la limpieza general del lugar de trabajo. En esta limpieza se deberán incluir las puertas de entrada, escaleras si las hubiera, elevadores, …",yes_no_not_applicable,binary_yes_no_na,binary_yes_no_na,not_validated_insufficient_sector_sample,"Aguilar Elena doctoral thesis (2015), Annex 1, sector-specific questionnaires",1993,1996,Use as source-preserved sector-specific instrument; do not label as validated.
sec_cutting_butcher,Industria cárnica — Salas de despiece y carnicerías,final_2015_annex1_unvalidated,sector_specific_questionnaire,Industria cárnica,Salas de despiece y carnicerías,SALAS DE DESPIECE Y CARNICERÍAS,9,9,SEC-CUTTING-BUTCHER-F2015-009,"¿Se evita dejar fuera de la instalación las estructuras usadas, las que no se han limpiado, jamones de retorno, recipientes utilizados para el transporte de carnes y alimentos,…? Si se dejan estos elementos dentro de la carnicería existe un riesgo del aumento de insectos en las proximidades de la fábrica y por lo tanto aumenta el riesgo de entrada.",yes_no_not_applicable,binary_yes_no_na,binary_yes_no_na,not_validated_insufficient_sector_sample,"Aguilar Elena doctoral thesis (2015), Annex 1, sector-specific questionnaires",1997,2001,Use as source-preserved sector-specific instrument; do not label as validated.
sec_cutting_butcher,Industria cárnica — Salas de despiece y carnicerías,final_2015_annex1_unvalidated,sector_specific_questionnaire,Industria cárnica,Salas de despiece y carnicerías,SALAS DE DESPIECE Y CARNICERÍAS,10,10,SEC-CUTTING-BUTCHER-F2015-010,"¿El almacén dispone de una única entrada al mismo? Cuantas menos aberturas existan en el almacén, menor probabilidad habrá de contaminación externa. Lo más aconsejable es una única puerta suprimiendo en la medida de lo posible otras aberturas.",yes_no_not_applicable,binary_yes_no_na,binary_yes_no_na,not_validated_insufficient_sector_sample,"Aguilar Elena doctoral thesis (2015), Annex 1, sector-specific questionnaires",2002,2006,Use as source-preserved sector-specific instrument; do not label as validated.
sec_clinical_labs,"Laboratorios — Clínicos, veterinarios y de diagnóstico",final_2015_annex1_unvalidated,sector_specific_questionnaire,Laboratorios,"Clínicos, veterinarios y de diagnóstico",CONDICIONES GENERALES,1,1,SEC-CLINICAL-LABS-F2015-001,¿Puede restringirse el acceso a las zonas de laboratorio al personal autorizado?,yes_no_not_applicable,binary_yes_no_na,binary_yes_no_na,not_validated_insufficient_sector_sample,"Aguilar Elena doctoral thesis (2015), Annex 1, sector-specific questionnaires",2027,2027,Use as source-preserved sector-specific instrument; do not label as validated.
sec_clinical_labs,"Laboratorios — Clínicos, veterinarios y de diagnóstico",final_2015_annex1_unvalidated,sector_specific_questionnaire,Laboratorios,"Clínicos, veterinarios y de diagnóstico",CONDICIONES GENERALES,2,2,SEC-CLINICAL-LABS-F2015-002,¿En el centro existen cabinas de seguridad biológica?,yes_no_not_applicable,binary_yes_no_na,binary_yes_no_na,not_validated_insufficient_sector_sample,"Aguilar Elena doctoral thesis (2015), Annex 1, sector-specific questionnaires",2028,2028,Use as source-preserved sector-specific instrument; do not label as validated.
sec_clinical_labs,"Laboratorios — Clínicos, veterinarios y de diagnóstico",final_2015_annex1_unvalidated,sector_specific_questionnaire,Laboratorios,"Clínicos, veterinarios y de diagnóstico",CONDICIONES GENERALES,3,3,SEC-CLINICAL-LABS-F2015-003,"¿Los lavabos, para uso del personal del centro, preferiblemente será accionable con el codo o con el pie?",yes_no_not_applicable,binary_yes_no_na,binary_yes_no_na,not_validated_insufficient_sector_sample,"Aguilar Elena doctoral thesis (2015), Annex 1, sector-specific questionnaires",2029,2030,Use as source-preserved sector-specific instrument; do not label as validated.
sec_clinical_labs,"Laboratorios — Clínicos, veterinarios y de diagnóstico",final_2015_annex1_unvalidated,sector_specific_questionnaire,Laboratorios,"Clínicos, veterinarios y de diagnóstico",CONDICIONES GENERALES,4,4,SEC-CLINICAL-LABS-F2015-004,¿Existen lavaojos por todo el centro de trabajo?,yes_no_not_applicable,binary_yes_no_na,binary_yes_no_na,not_validated_insufficient_sector_sample,"Aguilar Elena doctoral thesis (2015), Annex 1, sector-specific questionnaires",2031,2031,Use as source-preserved sector-specific instrument; do not label as validated.
sec_clinical_labs,"Laboratorios — Clínicos, veterinarios y de diagnóstico",final_2015_annex1_unvalidated,sector_specific_questionnaire,Laboratorios,"Clínicos, veterinarios y de diagnóstico",CONDICIONES GENERALES,5,5,SEC-CLINICAL-LABS-F2015-005,¿Los lavaojos están señalizados e identificados?,yes_no_not_applicable,binary_yes_no_na,binary_yes_no_na,not_validated_insufficient_sector_sample,"Aguilar Elena doctoral thesis (2015), Annex 1, sector-specific questionnaires",2032,2032,Use as source-preserved sector-specific instrument; do not label as validated.
sec_clinical_labs,"Laboratorios — Clínicos, veterinarios y de diagnóstico",final_2015_annex1_unvalidated,sector_specific_questionnaire,Laboratorios,"Clínicos, veterinarios y de diagnóstico",CONDICIONES GENERALES,6,6,SEC-CLINICAL-LABS-F2015-006,"¿El mobiliario es robusto y hay espacio suficiente, entre ellos, para facilitar la limpieza?",yes_no_not_applicable,binary_yes_no_na,binary_yes_no_na,not_validated_insufficient_sector_sample,"Aguilar Elena doctoral thesis (2015), Annex 1, sector-specific questionnaires",2033,2033,Use as source-preserved sector-specific instrument; do not label as validated.
sec_clinical_labs,"Laboratorios — Clínicos, veterinarios y de diagnóstico",final_2015_annex1_unvalidated,sector_specific_questionnaire,Laboratorios,"Clínicos, veterinarios y de diagnóstico",CONDICIONES GENERALES,7,7,SEC-CLINICAL-LABS-F2015-007,"¿Se dispone en todas las áreas de material para curas, desinfectantes y antisépticos para los ojos?",yes_no_not_applicable,binary_yes_no_na,binary_yes_no_na,not_validated_insufficient_sector_sample,"Aguilar Elena doctoral thesis (2015), Annex 1, sector-specific questionnaires",2034,2035,Use as source-preserved sector-specific instrument; do not label as validated.
sec_clinical_labs,"Laboratorios — Clínicos, veterinarios y de diagnóstico",final_2015_annex1_unvalidated,sector_specific_questionnaire,Laboratorios,"Clínicos, veterinarios y de diagnóstico",CONDICIONES GENERALES,8,8,SEC-CLINICAL-LABS-F2015-008,"¿Las salas de descanso son adecuadas para comer, con nevera para alimentos,…?",yes_no_not_applicable,binary_yes_no_na,binary_yes_no_na,not_validated_insufficient_sector_sample,"Aguilar Elena doctoral thesis (2015), Annex 1, sector-specific questionnaires",2036,2036,Use as source-preserved sector-specific instrument; do not label as validated.
sec_clinical_labs,"Laboratorios — Clínicos, veterinarios y de diagnóstico",final_2015_annex1_unvalidated,sector_specific_questionnaire,Laboratorios,"Clínicos, veterinarios y de diagnóstico",CONDICIONES GENERALES,9,9,SEC-CLINICAL-LABS-F2015-009,"¿Existen bolsas para la ropa de lavandería, diferenciadas para la ropa posiblemente contaminada o muy sucia (que se hayan utilizado para recoger, por ejemplo, grandes cantidades de sangre o cualquier fluido biológico)?",yes_no_not_applicable,binary_yes_no_na,binary_yes_no_na,not_validated_insufficient_sector_sample,"Aguilar Elena doctoral thesis (2015), Annex 1, sector-specific questionnaires",2037,2039,Use as source-preserved sector-specific instrument; do not label as validated.
sec_clinical_labs,"Laboratorios — Clínicos, veterinarios y de diagnóstico",final_2015_annex1_unvalidated,sector_specific_questionnaire,Laboratorios,"Clínicos, veterinarios y de diagnóstico",CONDICIONES GENERALES,10,10,SEC-CLINICAL-LABS-F2015-010,¿Hay vestuarios provistos de dobles taquillas u otro sistema que impida que la ropa de trabajo se mezcle con la ropa de calle?,yes_no_not_applicable,binary_yes_no_na,binary_yes_no_na,not_validated_insufficient_sector_sample,"Aguilar Elena doctoral thesis (2015), Annex 1, sector-specific questionnaires",2040,2041,Use as source-preserved sector-specific instrument; do not label as validated.
sec_clinical_labs,"Laboratorios — Clínicos, veterinarios y de diagnóstico",final_2015_annex1_unvalidated,sector_specific_questionnaire,Laboratorios,"Clínicos, veterinarios y de diagnóstico",CONDICIONES GENERALES,11,11,SEC-CLINICAL-LABS-F2015-011,¿Existe una clasificación de las zonas de trabajo según los niveles de bioseguridad?,yes_no_not_applicable,binary_yes_no_na,binary_yes_no_na,not_validated_insufficient_sector_sample,"Aguilar Elena doctoral thesis (2015), Annex 1, sector-specific questionnaires",2042,2042,Use as source-preserved sector-specific instrument; do not label as validated.
sec_clinical_labs,"Laboratorios — Clínicos, veterinarios y de diagnóstico",final_2015_annex1_unvalidated,sector_specific_questionnaire,Laboratorios,"Clínicos, veterinarios y de diagnóstico",CONDICIONES GENERALES,12,12,SEC-CLINICAL-LABS-F2015-012,"¿Se encuentran los locales de almacenamiento, estanterías, etc. dispuestos de modo que el material no pueda resbalar, aplastarse o caer?",yes_no_not_applicable,binary_yes_no_na,binary_yes_no_na,not_validated_insufficient_sector_sample,"Aguilar Elena doctoral thesis (2015), Annex 1, sector-specific questionnaires",2043,2044,Use as source-preserved sector-specific instrument; do not label as validated.
sec_clinical_labs,"Laboratorios — Clínicos, veterinarios y de diagnóstico",final_2015_annex1_unvalidated,sector_specific_questionnaire,Laboratorios,"Clínicos, veterinarios y de diagnóstico",CONDICIONES GENERALES,13,13,SEC-CLINICAL-LABS-F2015-013,¿Pueden cerrarse con llave los frigoríficos y las zonas de almacenamiento?,yes_no_not_applicable,binary_yes_no_na,binary_yes_no_na,not_validated_insufficient_sector_sample,"Aguilar Elena doctoral thesis (2015), Annex 1, sector-specific questionnaires",2045,2045,Use as source-preserved sector-specific instrument; do not label as validated.
sec_clinical_labs,"Laboratorios — Clínicos, veterinarios y de diagnóstico",final_2015_annex1_unvalidated,sector_specific_questionnaire,Laboratorios,"Clínicos, veterinarios y de diagnóstico",CONDICIONES GENERALES,14,14,SEC-CLINICAL-LABS-F2015-014,¿Se realizan limpiezas periódicas del sistema de ventilación y climatización de las instalaciones?,yes_no_not_applicable,binary_yes_no_na,binary_yes_no_na,not_validated_insufficient_sector_sample,"Aguilar Elena doctoral thesis (2015), Annex 1, sector-specific questionnaires",2046,2046,Use as source-preserved sector-specific instrument; do not label as validated.
sec_clinical_labs,"Laboratorios — Clínicos, veterinarios y de diagnóstico",final_2015_annex1_unvalidated,sector_specific_questionnaire,Laboratorios,"Clínicos, veterinarios y de diagnóstico",CONDICIONES GENERALES,15,15,SEC-CLINICAL-LABS-F2015-015,Si existen cabinas de seguridad biológica ¿Se limpian periódicamente?,yes_no_not_applicable,binary_yes_no_na,binary_yes_no_na,not_validated_insufficient_sector_sample,"Aguilar Elena doctoral thesis (2015), Annex 1, sector-specific questionnaires",2047,2047,Use as source-preserved sector-specific instrument; do not label as validated.
sec_clinical_labs,"Laboratorios — Clínicos, veterinarios y de diagnóstico",final_2015_annex1_unvalidated,sector_specific_questionnaire,Laboratorios,"Clínicos, veterinarios y de diagnóstico",CONDICIONES GENERALES,16,16,SEC-CLINICAL-LABS-F2015-016,"¿Se realiza limpieza de las herramientas utilizadas con un agente desinfectante de amplio espectro (bactericida, fungicida y virucida)?",yes_no_not_applicable,binary_yes_no_na,binary_yes_no_na,not_validated_insufficient_sector_sample,"Aguilar Elena doctoral thesis (2015), Annex 1, sector-specific questionnaires",2048,2049,Use as source-preserved sector-specific instrument; do not label as validated.
sec_clinical_labs,"Laboratorios — Clínicos, veterinarios y de diagnóstico",final_2015_annex1_unvalidated,sector_specific_questionnaire,Laboratorios,"Clínicos, veterinarios y de diagnóstico",CONDICIONES GENERALES,17,17,SEC-CLINICAL-LABS-F2015-017,¿El material utilizado es preferiblemente de plástico o desechable? Es preferible la utilización de material plástico que no se rompe tan fácilmente.,yes_no_not_applicable,binary_yes_no_na,binary_yes_no_na,not_validated_insufficient_sector_sample,"Aguilar Elena doctoral thesis (2015), Annex 1, sector-specific questionnaires",2050,2051,Use as source-preserved sector-specific instrument; do not label as validated.
sec_clinical_labs,"Laboratorios — Clínicos, veterinarios y de diagnóstico",final_2015_annex1_unvalidated,sector_specific_questionnaire,Laboratorios,"Clínicos, veterinarios y de diagnóstico",CONDICIONES GENERALES,18,18,SEC-CLINICAL-LABS-F2015-018,¿Existen zonas clasificadas como zonas de contención donde se manipulen microorganismos según su nivel de clasificación?,yes_no_not_applicable,binary_yes_no_na,binary_yes_no_na,not_validated_insufficient_sector_sample,"Aguilar Elena doctoral thesis (2015), Annex 1, sector-specific questionnaires",2052,2053,Use as source-preserved sector-specific instrument; do not label as validated.
sec_clinical_labs,"Laboratorios — Clínicos, veterinarios y de diagnóstico",final_2015_annex1_unvalidated,sector_specific_questionnaire,Laboratorios,"Clínicos, veterinarios y de diagnóstico",CONDICIONES GENERALES,19,19,SEC-CLINICAL-LABS-F2015-019,"¿Estas zonas disponen de sistemas de climatización, ventilación y renovación de aire independientes?",yes_no_not_applicable,binary_yes_no_na,binary_yes_no_na,not_validated_insufficient_sector_sample,"Aguilar Elena doctoral thesis (2015), Annex 1, sector-specific questionnaires",2054,2055,Use as source-preserved sector-specific instrument; do not label as validated.
sec_clinical_labs,"Laboratorios — Clínicos, veterinarios y de diagnóstico",final_2015_annex1_unvalidated,sector_specific_questionnaire,Laboratorios,"Clínicos, veterinarios y de diagnóstico",CONDICIONES GENERALES,20,20,SEC-CLINICAL-LABS-F2015-020,¿En las zonas de contención 3 y 4 el acceso está limitado al personal designado?,yes_no_not_applicable,binary_yes_no_na,binary_yes_no_na,not_validated_insufficient_sector_sample,"Aguilar Elena doctoral thesis (2015), Annex 1, sector-specific questionnaires",2056,2056,Use as source-preserved sector-specific instrument; do not label as validated.
sec_clinical_labs,"Laboratorios — Clínicos, veterinarios y de diagnóstico",final_2015_annex1_unvalidated,sector_specific_questionnaire,Laboratorios,"Clínicos, veterinarios y de diagnóstico",CONDICIONES GENERALES,21,21,SEC-CLINICAL-LABS-F2015-021,"¿El diseño del área de trabajo permite, en caso que sea necesario, ser precintada para su desinfección?",yes_no_not_applicable,binary_yes_no_na,binary_yes_no_na,not_validated_insufficient_sector_sample,"Aguilar Elena doctoral thesis (2015), Annex 1, sector-specific questionnaires",2057,2058,Use as source-preserved sector-specific instrument; do not label as validated.
sec_clinical_labs,"Laboratorios — Clínicos, veterinarios y de diagnóstico",final_2015_annex1_unvalidated,sector_specific_questionnaire,Laboratorios,"Clínicos, veterinarios y de diagnóstico",CONDICIONES GENERALES,22,22,SEC-CLINICAL-LABS-F2015-022,"¿El personal lleva, en particular, ropa de trabajo y calzado adecuado y otras prendas de protección?",yes_no_not_applicable,binary_yes_no_na,binary_yes_no_na,not_validated_insufficient_sector_sample,"Aguilar Elena doctoral thesis (2015), Annex 1, sector-specific questionnaires",2059,2060,Use as source-preserved sector-specific instrument; do not label as validated.
sec_clinical_labs,"Laboratorios — Clínicos, veterinarios y de diagnóstico",final_2015_annex1_unvalidated,sector_specific_questionnaire,Laboratorios,"Clínicos, veterinarios y de diagnóstico",CONDICIONES GENERALES,23,23,SEC-CLINICAL-LABS-F2015-023,¿Los trabajadores usan bata y uniforme de trabajo para evitar que pueda contaminarse la ropa de calle?,yes_no_not_applicable,binary_yes_no_na,binary_yes_no_na,not_validated_insufficient_sector_sample,"Aguilar Elena doctoral thesis (2015), Annex 1, sector-specific questionnaires",2061,2062,Use as source-preserved sector-specific instrument; do not label as validated.
sec_clinical_labs,"Laboratorios — Clínicos, veterinarios y de diagnóstico",final_2015_annex1_unvalidated,sector_specific_questionnaire,Laboratorios,"Clínicos, veterinarios y de diagnóstico",CONDICIONES GENERALES,24,24,SEC-CLINICAL-LABS-F2015-024,"¿Llevan bata limpia (no necesita que sea estéril) para proteger la piel y prevenir el manchado del uniforme durante los procedimientos que puedan producir salpicaduras de sangre, fluidos, secreciones o excreciones?",yes_no_not_applicable,binary_yes_no_na,binary_yes_no_na,not_validated_insufficient_sector_sample,"Aguilar Elena doctoral thesis (2015), Annex 1, sector-specific questionnaires",2063,2070,Use as source-preserved sector-specific instrument; do not label as validated.
sec_clinical_labs,"Laboratorios — Clínicos, veterinarios y de diagnóstico",final_2015_annex1_unvalidated,sector_specific_questionnaire,Laboratorios,"Clínicos, veterinarios y de diagnóstico",CONDICIONES GENERALES,25,25,SEC-CLINICAL-LABS-F2015-025,¿La bata si está manchada se cambia tan pronto como es posible y después se lavan las manos?,yes_no_not_applicable,binary_yes_no_na,binary_yes_no_na,not_validated_insufficient_sector_sample,"Aguilar Elena doctoral thesis (2015), Annex 1, sector-specific questionnaires",2071,2072,Use as source-preserved sector-specific instrument; do not label as validated.
sec_clinical_labs,"Laboratorios — Clínicos, veterinarios y de diagnóstico",final_2015_annex1_unvalidated,sector_specific_questionnaire,Laboratorios,"Clínicos, veterinarios y de diagnóstico",CONDICIONES GENERALES,26,26,SEC-CLINICAL-LABS-F2015-026,"¿Se procede al lavado de manos, y de otras superficies, cuando hayan entrado en contacto con sangre u otros fluidos y siempre después de quitarse los guantes?",yes_no_not_applicable,binary_yes_no_na,binary_yes_no_na,not_validated_insufficient_sector_sample,"Aguilar Elena doctoral thesis (2015), Annex 1, sector-specific questionnaires",2073,2074,Use as source-preserved sector-specific instrument; do not label as validated.
sec_clinical_labs,"Laboratorios — Clínicos, veterinarios y de diagnóstico",final_2015_annex1_unvalidated,sector_specific_questionnaire,Laboratorios,"Clínicos, veterinarios y de diagnóstico",CONDICIONES GENERALES,27,27,SEC-CLINICAL-LABS-F2015-027,"Al salir de la zona de trabajo (zonas de contención), ¿el trabajador se quita las ropas de trabajo y los equipos de protección individual potencialmente contaminados y sucios y los guarda en un lugar que no contiene otras prendas?",yes_no_not_applicable,binary_yes_no_na,binary_yes_no_na,not_validated_insufficient_sector_sample,"Aguilar Elena doctoral thesis (2015), Annex 1, sector-specific questionnaires",2075,2077,Use as source-preserved sector-specific instrument; do not label as validated.
sec_clinical_labs,"Laboratorios — Clínicos, veterinarios y de diagnóstico",final_2015_annex1_unvalidated,sector_specific_questionnaire,Laboratorios,"Clínicos, veterinarios y de diagnóstico",CONDICIONES GENERALES,28,28,SEC-CLINICAL-LABS-F2015-028,¿Se cambia de guantes tras el contacto con cada paciente y siempre que el guante se rompa?,yes_no_not_applicable,binary_yes_no_na,binary_yes_no_na,not_validated_insufficient_sector_sample,"Aguilar Elena doctoral thesis (2015), Annex 1, sector-specific questionnaires",2078,2078,Use as source-preserved sector-specific instrument; do not label as validated.
sec_clinical_labs,"Laboratorios — Clínicos, veterinarios y de diagnóstico",final_2015_annex1_unvalidated,sector_specific_questionnaire,Laboratorios,"Clínicos, veterinarios y de diagnóstico",CONDICIONES GENERALES,29,29,SEC-CLINICAL-LABS-F2015-029,"¿Se cambia de guantes cuando entre tareas, en el mismo paciente, si se manchan con material altamente contaminado?",yes_no_not_applicable,binary_yes_no_na,binary_yes_no_na,not_validated_insufficient_sector_sample,"Aguilar Elena doctoral thesis (2015), Annex 1, sector-specific questionnaires",2079,2080,Use as source-preserved sector-specific instrument; do not label as validated.
sec_clinical_labs,"Laboratorios — Clínicos, veterinarios y de diagnóstico",final_2015_annex1_unvalidated,sector_specific_questionnaire,Laboratorios,"Clínicos, veterinarios y de diagnóstico",CONDICIONES GENERALES,30,30,SEC-CLINICAL-LABS-F2015-030,"¿Se usan siempre los guantes cuando hay: presencia de heridas o lesiones cutáneas; al entrar en contacto con la piel no intacta o mucosas del paciente; en la manipulación de objetos, materia o superficies contaminadas con fluidos biológicos?",yes_no_not_applicable,binary_yes_no_na,binary_yes_no_na,not_validated_insufficient_sector_sample,"Aguilar Elena doctoral thesis (2015), Annex 1, sector-specific questionnaires",2081,2083,Use as source-preserved sector-specific instrument; do not label as validated.
sec_clinical_labs,"Laboratorios — Clínicos, veterinarios y de diagnóstico",final_2015_annex1_unvalidated,sector_specific_questionnaire,Laboratorios,"Clínicos, veterinarios y de diagnóstico",CONDICIONES GENERALES,31,31,SEC-CLINICAL-LABS-F2015-031,"¿Y se utilizan los guantes en caso de extracciones, administración de tratamientos intravenosos o canalizaciones de venas?",yes_no_not_applicable,binary_yes_no_na,binary_yes_no_na,not_validated_insufficient_sector_sample,"Aguilar Elena doctoral thesis (2015), Annex 1, sector-specific questionnaires",2084,2085,Use as source-preserved sector-specific instrument; do not label as validated.
sec_clinical_labs,"Laboratorios — Clínicos, veterinarios y de diagnóstico",final_2015_annex1_unvalidated,sector_specific_questionnaire,Laboratorios,"Clínicos, veterinarios y de diagnóstico",CONDICIONES GENERALES,32,32,SEC-CLINICAL-LABS-F2015-032,¿Se usan las mascarillas cuando se prevé la producción de salpicaduras de sangre o fluidos biológicos a la mucosa nasal y oral?,yes_no_not_applicable,binary_yes_no_na,binary_yes_no_na,not_validated_insufficient_sector_sample,"Aguilar Elena doctoral thesis (2015), Annex 1, sector-specific questionnaires",2086,2087,Use as source-preserved sector-specific instrument; do not label as validated.
sec_clinical_labs,"Laboratorios — Clínicos, veterinarios y de diagnóstico",final_2015_annex1_unvalidated,sector_specific_questionnaire,Laboratorios,"Clínicos, veterinarios y de diagnóstico",CONDICIONES GENERALES,33,33,SEC-CLINICAL-LABS-F2015-033,¿Los trabajadores usan respiradores cuando se realizan técnicas de respiración boca –boca o respiración asistida?,yes_no_not_applicable,binary_yes_no_na,binary_yes_no_na,not_validated_insufficient_sector_sample,"Aguilar Elena doctoral thesis (2015), Annex 1, sector-specific questionnaires",2088,2089,Use as source-preserved sector-specific instrument; do not label as validated.
sec_clinical_labs,"Laboratorios — Clínicos, veterinarios y de diagnóstico",final_2015_annex1_unvalidated,sector_specific_questionnaire,Laboratorios,"Clínicos, veterinarios y de diagnóstico",CONDICIONES GENERALES,34,34,SEC-CLINICAL-LABS-F2015-034,¿Hay control y reposición de equipos de protección individual y tiene lugar de almacenamiento?,yes_no_not_applicable,binary_yes_no_na,binary_yes_no_na,not_validated_insufficient_sector_sample,"Aguilar Elena doctoral thesis (2015), Annex 1, sector-specific questionnaires",2090,2090,Use as source-preserved sector-specific instrument; do not label as validated.
sec_clinical_labs,"Laboratorios — Clínicos, veterinarios y de diagnóstico",final_2015_annex1_unvalidated,sector_specific_questionnaire,Laboratorios,"Clínicos, veterinarios y de diagnóstico",CONDICIONES GENERALES,35,35,SEC-CLINICAL-LABS-F2015-035,¿Los trabajadores tienen ropa de trabajo adecuada para cada tarea a realizar?,yes_no_not_applicable,binary_yes_no_na,binary_yes_no_na,not_validated_insufficient_sector_sample,"Aguilar Elena doctoral thesis (2015), Annex 1, sector-specific questionnaires",2091,2091,Use as source-preserved sector-specific instrument; do not label as validated.
sec_clinical_labs,"Laboratorios — Clínicos, veterinarios y de diagnóstico",final_2015_annex1_unvalidated,sector_specific_questionnaire,Laboratorios,"Clínicos, veterinarios y de diagnóstico",CONDICIONES GENERALES,36,36,SEC-CLINICAL-LABS-F2015-036,¿Cuando se produzca un derrame de muestras procedente de los pacientes se recogen inmediatamente?,yes_no_not_applicable,binary_yes_no_na,binary_yes_no_na,not_validated_insufficient_sector_sample,"Aguilar Elena doctoral thesis (2015), Annex 1, sector-specific questionnaires",2092,2093,Use as source-preserved sector-specific instrument; do not label as validated.
sec_clinical_labs,"Laboratorios — Clínicos, veterinarios y de diagnóstico",final_2015_annex1_unvalidated,sector_specific_questionnaire,Laboratorios,"Clínicos, veterinarios y de diagnóstico",CONDICIONES GENERALES,37,37,SEC-CLINICAL-LABS-F2015-037,"¿Se señaliza con el signo de riesgo biológico los armarios, neveras, muestras, etc. en las que se guarden material biológico?",yes_no_not_applicable,binary_yes_no_na,binary_yes_no_na,not_validated_insufficient_sector_sample,"Aguilar Elena doctoral thesis (2015), Annex 1, sector-specific questionnaires",2094,2095,Use as source-preserved sector-specific instrument; do not label as validated.
sec_clinical_labs,"Laboratorios — Clínicos, veterinarios y de diagnóstico",final_2015_annex1_unvalidated,sector_specific_questionnaire,Laboratorios,"Clínicos, veterinarios y de diagnóstico",EXPOSICIÓN A RESIDUOS O FLUIDOS BIOLÓGICOS,38,38,SEC-CLINICAL-LABS-F2015-038,¿Se prohíbe la utilización de agujas hipodérmicas?,yes_no_not_applicable,binary_yes_no_na,binary_yes_no_na,not_validated_insufficient_sector_sample,"Aguilar Elena doctoral thesis (2015), Annex 1, sector-specific questionnaires",2097,2097,Use as source-preserved sector-specific instrument; do not label as validated.
sec_clinical_labs,"Laboratorios — Clínicos, veterinarios y de diagnóstico",final_2015_annex1_unvalidated,sector_specific_questionnaire,Laboratorios,"Clínicos, veterinarios y de diagnóstico",EXPOSICIÓN A RESIDUOS O FLUIDOS BIOLÓGICOS,39,39,SEC-CLINICAL-LABS-F2015-039,Si no está prohibida la utilización de agujas ¿Se prohíbe reencapsular las agujas?,yes_no_not_applicable,binary_yes_no_na,binary_yes_no_na,not_validated_insufficient_sector_sample,"Aguilar Elena doctoral thesis (2015), Annex 1, sector-specific questionnaires",2098,2098,Use as source-preserved sector-specific instrument; do not label as validated.
sec_clinical_labs,"Laboratorios — Clínicos, veterinarios y de diagnóstico",final_2015_annex1_unvalidated,sector_specific_questionnaire,Laboratorios,"Clínicos, veterinarios y de diagnóstico",EXPOSICIÓN A RESIDUOS O FLUIDOS BIOLÓGICOS,40,40,SEC-CLINICAL-LABS-F2015-040,¿Se procede siempre a la retirada inmediata del conjunto aguja – jeringa?,yes_no_not_applicable,binary_yes_no_na,binary_yes_no_na,not_validated_insufficient_sector_sample,"Aguilar Elena doctoral thesis (2015), Annex 1, sector-specific questionnaires",2099,2099,Use as source-preserved sector-specific instrument; do not label as validated.
sec_clinical_labs,"Laboratorios — Clínicos, veterinarios y de diagnóstico",final_2015_annex1_unvalidated,sector_specific_questionnaire,Laboratorios,"Clínicos, veterinarios y de diagnóstico",EXPOSICIÓN A RESIDUOS O FLUIDOS BIOLÓGICOS,41,41,SEC-CLINICAL-LABS-F2015-041,¿Los objetos punzantes y/o cortantes se manejan con extremo cuidado?,yes_no_not_applicable,binary_yes_no_na,binary_yes_no_na,not_validated_insufficient_sector_sample,"Aguilar Elena doctoral thesis (2015), Annex 1, sector-specific questionnaires",2100,2100,Use as source-preserved sector-specific instrument; do not label as validated.
sec_clinical_labs,"Laboratorios — Clínicos, veterinarios y de diagnóstico",final_2015_annex1_unvalidated,sector_specific_questionnaire,Laboratorios,"Clínicos, veterinarios y de diagnóstico",EXPOSICIÓN A RESIDUOS O FLUIDOS BIOLÓGICOS,42,42,SEC-CLINICAL-LABS-F2015-042,"¿Se evita el uso de agujas cuando existen alternativas seguras y efectivas (agujas con dispositivos de seguridad,...)?",yes_no_not_applicable,binary_yes_no_na,binary_yes_no_na,not_validated_insufficient_sector_sample,"Aguilar Elena doctoral thesis (2015), Annex 1, sector-specific questionnaires",2101,2102,Use as source-preserved sector-specific instrument; do not label as validated.
sec_clinical_labs,"Laboratorios — Clínicos, veterinarios y de diagnóstico",final_2015_annex1_unvalidated,sector_specific_questionnaire,Laboratorios,"Clínicos, veterinarios y de diagnóstico",EXPOSICIÓN A RESIDUOS O FLUIDOS BIOLÓGICOS,43,43,SEC-CLINICAL-LABS-F2015-043,"¿Se utiliza, para la eliminación de agujas y material cortante, un contenedor rígido adecuado que se encuentra en las inmediaciones para su eliminación?",yes_no_not_applicable,binary_yes_no_na,binary_yes_no_na,not_validated_insufficient_sector_sample,"Aguilar Elena doctoral thesis (2015), Annex 1, sector-specific questionnaires",2103,2104,Use as source-preserved sector-specific instrument; do not label as validated.
sec_clinical_labs,"Laboratorios — Clínicos, veterinarios y de diagnóstico",final_2015_annex1_unvalidated,sector_specific_questionnaire,Laboratorios,"Clínicos, veterinarios y de diagnóstico",EXPOSICIÓN A RESIDUOS O FLUIDOS BIOLÓGICOS,44,44,SEC-CLINICAL-LABS-F2015-044,"¿Para cualquier técnica o manipulación, se realiza de manera que se minimice la creación de aerosoles (por inyección violenta de líquidos o jeringas que puedan generar aerosoles)?",yes_no_not_applicable,binary_yes_no_na,binary_yes_no_na,not_validated_insufficient_sector_sample,"Aguilar Elena doctoral thesis (2015), Annex 1, sector-specific questionnaires",2105,2106,Use as source-preserved sector-specific instrument; do not label as validated.
sec_clinical_labs,"Laboratorios — Clínicos, veterinarios y de diagnóstico",final_2015_annex1_unvalidated,sector_specific_questionnaire,Laboratorios,"Clínicos, veterinarios y de diagnóstico",EXPOSICIÓN A RESIDUOS O FLUIDOS BIOLÓGICOS,45,45,SEC-CLINICAL-LABS-F2015-045,¿Antes de iniciar cualquier procedimiento en el que se utilicen agujas se realizan los preparativos de manipulación y eliminación segura de los mismos?,yes_no_not_applicable,binary_yes_no_na,binary_yes_no_na,not_validated_insufficient_sector_sample,"Aguilar Elena doctoral thesis (2015), Annex 1, sector-specific questionnaires",2107,2108,Use as source-preserved sector-specific instrument; do not label as validated.
sec_clinical_labs,"Laboratorios — Clínicos, veterinarios y de diagnóstico",final_2015_annex1_unvalidated,sector_specific_questionnaire,Laboratorios,"Clínicos, veterinarios y de diagnóstico",EXPOSICIÓN A RESIDUOS O FLUIDOS BIOLÓGICOS,46,46,SEC-CLINICAL-LABS-F2015-046,¿Cada empleado se ocupa de la retirada o limpieza del material punzante o cortante contaminado que utiliza?,yes_no_not_applicable,binary_yes_no_na,binary_yes_no_na,not_validated_insufficient_sector_sample,"Aguilar Elena doctoral thesis (2015), Annex 1, sector-specific questionnaires",2109,2110,Use as source-preserved sector-specific instrument; do not label as validated.
sec_clinical_labs,"Laboratorios — Clínicos, veterinarios y de diagnóstico",final_2015_annex1_unvalidated,sector_specific_questionnaire,Laboratorios,"Clínicos, veterinarios y de diagnóstico",EXPOSICIÓN A RESIDUOS O FLUIDOS BIOLÓGICOS,47,47,SEC-CLINICAL-LABS-F2015-047,¿Se comprueba que los objetos punzantes y cortantes no han quedado abandonados fuera del contenedor apropiado y se comprueba que no va entre la ropa que se envía a lavandería?,yes_no_not_applicable,binary_yes_no_na,binary_yes_no_na,not_validated_insufficient_sector_sample,"Aguilar Elena doctoral thesis (2015), Annex 1, sector-specific questionnaires",2111,2112,Use as source-preserved sector-specific instrument; do not label as validated.
sec_clinical_labs,"Laboratorios — Clínicos, veterinarios y de diagnóstico",final_2015_annex1_unvalidated,sector_specific_questionnaire,Laboratorios,"Clínicos, veterinarios y de diagnóstico",EXPOSICIÓN A RESIDUOS O FLUIDOS BIOLÓGICOS,48,48,SEC-CLINICAL-LABS-F2015-048,¿Se informa de todas las lesiones con agujas y otros elementos cortantes rápidamente para asegurarse de recibir el tratamiento de seguimiento adecuado?,yes_no_not_applicable,binary_yes_no_na,binary_yes_no_na,not_validated_insufficient_sector_sample,"Aguilar Elena doctoral thesis (2015), Annex 1, sector-specific questionnaires",2113,2114,Use as source-preserved sector-specific instrument; do not label as validated.
sec_clinical_labs,"Laboratorios — Clínicos, veterinarios y de diagnóstico",final_2015_annex1_unvalidated,sector_specific_questionnaire,Laboratorios,"Clínicos, veterinarios y de diagnóstico",EXPOSICIÓN A RESIDUOS O FLUIDOS BIOLÓGICOS,49,49,SEC-CLINICAL-LABS-F2015-049,"¿Las superficies de trabajo se descontaminan, al menos, una vez al día y siempre que se produzca un derrame de material que pueda ser infeccioso?",yes_no_not_applicable,binary_yes_no_na,binary_yes_no_na,not_validated_insufficient_sector_sample,"Aguilar Elena doctoral thesis (2015), Annex 1, sector-specific questionnaires",2115,2116,Use as source-preserved sector-specific instrument; do not label as validated.
sec_clinical_labs,"Laboratorios — Clínicos, veterinarios y de diagnóstico",final_2015_annex1_unvalidated,sector_specific_questionnaire,Laboratorios,"Clínicos, veterinarios y de diagnóstico",TRANSPORTE DE MUESTRAS Y ALMACENAMIENTO DE RESIDUOS,50,50,SEC-CLINICAL-LABS-F2015-050,¿Se reciben todas las muestras en condiciones de seguridad?,yes_no_not_applicable,binary_yes_no_na,binary_yes_no_na,not_validated_insufficient_sector_sample,"Aguilar Elena doctoral thesis (2015), Annex 1, sector-specific questionnaires",2118,2118,Use as source-preserved sector-specific instrument; do not label as validated.
sec_clinical_labs,"Laboratorios — Clínicos, veterinarios y de diagnóstico",final_2015_annex1_unvalidated,sector_specific_questionnaire,Laboratorios,"Clínicos, veterinarios y de diagnóstico",TRANSPORTE DE MUESTRAS Y ALMACENAMIENTO DE RESIDUOS,51,51,SEC-CLINICAL-LABS-F2015-051,¿Se mantienen registros de los materiales recibidos?,yes_no_not_applicable,binary_yes_no_na,binary_yes_no_na,not_validated_insufficient_sector_sample,"Aguilar Elena doctoral thesis (2015), Annex 1, sector-specific questionnaires",2119,2119,Use as source-preserved sector-specific instrument; do not label as validated.
sec_clinical_labs,"Laboratorios — Clínicos, veterinarios y de diagnóstico",final_2015_annex1_unvalidated,sector_specific_questionnaire,Laboratorios,"Clínicos, veterinarios y de diagnóstico",TRANSPORTE DE MUESTRAS Y ALMACENAMIENTO DE RESIDUOS,52,52,SEC-CLINICAL-LABS-F2015-052,¿Se utilizan guantes y otras prendas de protección para desempaquetar las muestras?,yes_no_not_applicable,binary_yes_no_na,binary_yes_no_na,not_validated_insufficient_sector_sample,"Aguilar Elena doctoral thesis (2015), Annex 1, sector-specific questionnaires",2120,2120,Use as source-preserved sector-specific instrument; do not label as validated.
sec_clinical_labs,"Laboratorios — Clínicos, veterinarios y de diagnóstico",final_2015_annex1_unvalidated,sector_specific_questionnaire,Laboratorios,"Clínicos, veterinarios y de diagnóstico",TRANSPORTE DE MUESTRAS Y ALMACENAMIENTO DE RESIDUOS,53,53,SEC-CLINICAL-LABS-F2015-053,¿Se adiestra al personal para enviar las sustancias infecciosas de acuerdo con las normas nacionales o internacionales vigentes?,yes_no_not_applicable,binary_yes_no_na,binary_yes_no_na,not_validated_insufficient_sector_sample,"Aguilar Elena doctoral thesis (2015), Annex 1, sector-specific questionnaires",2121,2122,Use as source-preserved sector-specific instrument; do not label as validated.
sec_clinical_labs,"Laboratorios — Clínicos, veterinarios y de diagnóstico",final_2015_annex1_unvalidated,sector_specific_questionnaire,Laboratorios,"Clínicos, veterinarios y de diagnóstico",TRANSPORTE DE MUESTRAS Y ALMACENAMIENTO DE RESIDUOS,54,54,SEC-CLINICAL-LABS-F2015-054,¿Conocen todos los miembros del personal los procedimientos para tratar roturas y derrames de cultivos y material infeccioso?,yes_no_not_applicable,binary_yes_no_na,binary_yes_no_na,not_validated_insufficient_sector_sample,"Aguilar Elena doctoral thesis (2015), Annex 1, sector-specific questionnaires",2123,2129,Use as source-preserved sector-specific instrument; do not label as validated.
sec_clinical_labs,"Laboratorios — Clínicos, veterinarios y de diagnóstico",final_2015_annex1_unvalidated,sector_specific_questionnaire,Laboratorios,"Clínicos, veterinarios y de diagnóstico",TRANSPORTE DE MUESTRAS Y ALMACENAMIENTO DE RESIDUOS,55,55,SEC-CLINICAL-LABS-F2015-055,¿Hay un sistema adecuado de gestión de residuos con contenedores diferenciados para cada tipo de residuo y se procuran sustituir los llenos por otros vacíos con la frecuencia suficiente para que no se llenen más de lo necesario (únicamente se tienen que llenar las tres terceras partes)?,yes_no_not_applicable,binary_yes_no_na,binary_yes_no_na,not_validated_insufficient_sector_sample,"Aguilar Elena doctoral thesis (2015), Annex 1, sector-specific questionnaires",2130,2132,Use as source-preserved sector-specific instrument; do not label as validated.
sec_clinical_labs,"Laboratorios — Clínicos, veterinarios y de diagnóstico",final_2015_annex1_unvalidated,sector_specific_questionnaire,Laboratorios,"Clínicos, veterinarios y de diagnóstico",TRANSPORTE DE MUESTRAS Y ALMACENAMIENTO DE RESIDUOS,56,56,SEC-CLINICAL-LABS-F2015-056,"¿Hay material y/o dispositivos con mecanismos de seguridad (agujas con dispositivos de seguridad que impiden el pinchazo, etc.) están a disposición de los trabajadores y se procura difundir su uso entre el personal?",yes_no_not_applicable,binary_yes_no_na,binary_yes_no_na,not_validated_insufficient_sector_sample,"Aguilar Elena doctoral thesis (2015), Annex 1, sector-specific questionnaires",2133,2135,Use as source-preserved sector-specific instrument; do not label as validated.
sec_clinical_labs,"Laboratorios — Clínicos, veterinarios y de diagnóstico",final_2015_annex1_unvalidated,sector_specific_questionnaire,Laboratorios,"Clínicos, veterinarios y de diagnóstico",TRANSPORTE DE MUESTRAS Y ALMACENAMIENTO DE RESIDUOS,57,57,SEC-CLINICAL-LABS-F2015-057,¿Los recipientes para traslados de muestras se limpian con desinfectante adecuado cuando se derrama o ensucian por fuera?,yes_no_not_applicable,binary_yes_no_na,binary_yes_no_na,not_validated_insufficient_sector_sample,"Aguilar Elena doctoral thesis (2015), Annex 1, sector-specific questionnaires",2136,2137,Use as source-preserved sector-specific instrument; do not label as validated.
sec_clinical_labs,"Laboratorios — Clínicos, veterinarios y de diagnóstico",final_2015_annex1_unvalidated,sector_specific_questionnaire,Laboratorios,"Clínicos, veterinarios y de diagnóstico",TRANSPORTE DE MUESTRAS Y ALMACENAMIENTO DE RESIDUOS,58,58,SEC-CLINICAL-LABS-F2015-058,"¿No se dejan bolsas ni recipientes de residuos en lugares no previstos, excepto donde se han producido, o bien en el almacén (o almacenes intermedios que estén delimitados, adecuados y señalizados)?",yes_no_not_applicable,binary_yes_no_na,binary_yes_no_na,not_validated_insufficient_sector_sample,"Aguilar Elena doctoral thesis (2015), Annex 1, sector-specific questionnaires",2138,2140,Use as source-preserved sector-specific instrument; do not label as validated.
sec_clinical_labs,"Laboratorios — Clínicos, veterinarios y de diagnóstico",final_2015_annex1_unvalidated,sector_specific_questionnaire,Laboratorios,"Clínicos, veterinarios y de diagnóstico",TRANSPORTE DE MUESTRAS Y ALMACENAMIENTO DE RESIDUOS,59,59,SEC-CLINICAL-LABS-F2015-059,¿Las bolsas de residuos no se almacenan unas encima de otras; si no unas al lado de otras sobre superficies horizontales?,yes_no_not_applicable,binary_yes_no_na,binary_yes_no_na,not_validated_insufficient_sector_sample,"Aguilar Elena doctoral thesis (2015), Annex 1, sector-specific questionnaires",2141,2142,Use as source-preserved sector-specific instrument; do not label as validated.
sec_clinical_labs,"Laboratorios — Clínicos, veterinarios y de diagnóstico",final_2015_annex1_unvalidated,sector_specific_questionnaire,Laboratorios,"Clínicos, veterinarios y de diagnóstico",TRANSPORTE DE MUESTRAS Y ALMACENAMIENTO DE RESIDUOS,60,60,SEC-CLINICAL-LABS-F2015-060,"Las bolsas de residuos no se arrastran por el suelo, ¿se usan sistemas de transporte?",yes_no_not_applicable,binary_yes_no_na,binary_yes_no_na,not_validated_insufficient_sector_sample,"Aguilar Elena doctoral thesis (2015), Annex 1, sector-specific questionnaires",2143,2143,Use as source-preserved sector-specific instrument; do not label as validated.
sec_clinical_labs,"Laboratorios — Clínicos, veterinarios y de diagnóstico",final_2015_annex1_unvalidated,sector_specific_questionnaire,Laboratorios,"Clínicos, veterinarios y de diagnóstico",TRANSPORTE DE MUESTRAS Y ALMACENAMIENTO DE RESIDUOS,61,61,SEC-CLINICAL-LABS-F2015-061,¿Se etiquetan adecuadamente las bolsas de residuos?,yes_no_not_applicable,binary_yes_no_na,binary_yes_no_na,not_validated_insufficient_sector_sample,"Aguilar Elena doctoral thesis (2015), Annex 1, sector-specific questionnaires",2144,2144,Use as source-preserved sector-specific instrument; do not label as validated.
sec_clinical_labs,"Laboratorios — Clínicos, veterinarios y de diagnóstico",final_2015_annex1_unvalidated,sector_specific_questionnaire,Laboratorios,"Clínicos, veterinarios y de diagnóstico",TRANSPORTE DE MUESTRAS Y ALMACENAMIENTO DE RESIDUOS,62,62,SEC-CLINICAL-LABS-F2015-062,"¿En la estructura o carro de transporte de residuos no se comprimen las bolsas para poder transportar más cantidad en un trayecto, ni se sobrepasa el nivel que permita cerrar la tapa del carro?",yes_no_not_applicable,binary_yes_no_na,binary_yes_no_na,not_validated_insufficient_sector_sample,"Aguilar Elena doctoral thesis (2015), Annex 1, sector-specific questionnaires",2145,2148,Use as source-preserved sector-specific instrument; do not label as validated.
sec_research_labs,Laboratorios — Investigación,final_2015_annex1_unvalidated,sector_specific_questionnaire,Laboratorios,Investigación,CONDICIONES GENERALES,1,1,SEC-RESEARCH-LABS-F2015-001,¿En el centro existen habitaciones de aislamientos adecuadas para animales con riesgo de sufrir enfermedades del grupo de riesgo 3 y 4?,yes_no_not_applicable,binary_yes_no_na,binary_yes_no_na,not_validated_insufficient_sector_sample,"Aguilar Elena doctoral thesis (2015), Annex 1, sector-specific questionnaires",2166,2167,Use as source-preserved sector-specific instrument; do not label as validated.
sec_research_labs,Laboratorios — Investigación,final_2015_annex1_unvalidated,sector_specific_questionnaire,Laboratorios,Investigación,CONDICIONES GENERALES,2,2,SEC-RESEARCH-LABS-F2015-002,¿En las zonas de contención 3 y 4 (habitaciones de aislamiento) el acceso está limitado al personal designado?,yes_no_not_applicable,binary_yes_no_na,binary_yes_no_na,not_validated_insufficient_sector_sample,"Aguilar Elena doctoral thesis (2015), Annex 1, sector-specific questionnaires",2168,2169,Use as source-preserved sector-specific instrument; do not label as validated.
sec_research_labs,Laboratorios — Investigación,final_2015_annex1_unvalidated,sector_specific_questionnaire,Laboratorios,Investigación,CONDICIONES GENERALES,3,3,SEC-RESEARCH-LABS-F2015-003,"¿El diseño del área de trabajo permite, en caso que sea necesario, ser precintada para su desinfección?",yes_no_not_applicable,binary_yes_no_na,binary_yes_no_na,not_validated_insufficient_sector_sample,"Aguilar Elena doctoral thesis (2015), Annex 1, sector-specific questionnaires",2170,2171,Use as source-preserved sector-specific instrument; do not label as validated.
sec_research_labs,Laboratorios — Investigación,final_2015_annex1_unvalidated,sector_specific_questionnaire,Laboratorios,Investigación,CONDICIONES GENERALES,4,4,SEC-RESEARCH-LABS-F2015-004,"¿Los laboratorios se encuentran en edificios o zonas separadas, de tal forma que está restringido el acceso?",yes_no_not_applicable,binary_yes_no_na,binary_yes_no_na,not_validated_insufficient_sector_sample,"Aguilar Elena doctoral thesis (2015), Annex 1, sector-specific questionnaires",2172,2173,Use as source-preserved sector-specific instrument; do not label as validated.
sec_research_labs,Laboratorios — Investigación,final_2015_annex1_unvalidated,sector_specific_questionnaire,Laboratorios,Investigación,CONDICIONES GENERALES,5,5,SEC-RESEARCH-LABS-F2015-005,¿Hay vestuarios provistos de dobles taquillas u otro sistema que impida que la ropa de trabajo se mezcle con la ropa de calle?,yes_no_not_applicable,binary_yes_no_na,binary_yes_no_na,not_validated_insufficient_sector_sample,"Aguilar Elena doctoral thesis (2015), Annex 1, sector-specific questionnaires",2174,2175,Use as source-preserved sector-specific instrument; do not label as validated.
sec_research_labs,Laboratorios — Investigación,final_2015_annex1_unvalidated,sector_specific_questionnaire,Laboratorios,Investigación,CONDICIONES GENERALES,6,6,SEC-RESEARCH-LABS-F2015-006,¿Se realizan limpiezas periódicas del sistema de ventilación y climatización de las instalaciones?,yes_no_not_applicable,binary_yes_no_na,binary_yes_no_na,not_validated_insufficient_sector_sample,"Aguilar Elena doctoral thesis (2015), Annex 1, sector-specific questionnaires",2176,2176,Use as source-preserved sector-specific instrument; do not label as validated.
sec_research_labs,Laboratorios — Investigación,final_2015_annex1_unvalidated,sector_specific_questionnaire,Laboratorios,Investigación,CONDICIONES GENERALES,7,7,SEC-RESEARCH-LABS-F2015-007,"¿Se realiza limpieza de las herramientas utilizadas con un agente desinfectante de amplio espectro (bactericida, fungicida y virucida)?",yes_no_not_applicable,binary_yes_no_na,binary_yes_no_na,not_validated_insufficient_sector_sample,"Aguilar Elena doctoral thesis (2015), Annex 1, sector-specific questionnaires",2177,2178,Use as source-preserved sector-specific instrument; do not label as validated.
sec_research_labs,Laboratorios — Investigación,final_2015_annex1_unvalidated,sector_specific_questionnaire,Laboratorios,Investigación,CONDICIONES GENERALES,8,8,SEC-RESEARCH-LABS-F2015-008,¿Se manipula y reutiliza material de vidrio (es preferible la utilización de material plástico que no se rompe tan fácilmente)?,yes_no_not_applicable,binary_yes_no_na,binary_yes_no_na,not_validated_insufficient_sector_sample,"Aguilar Elena doctoral thesis (2015), Annex 1, sector-specific questionnaires",2179,2180,Use as source-preserved sector-specific instrument; do not label as validated.
sec_research_labs,Laboratorios — Investigación,final_2015_annex1_unvalidated,sector_specific_questionnaire,Laboratorios,Investigación,CONDICIONES GENERALES,9,9,SEC-RESEARCH-LABS-F2015-009,¿Los trabajadores usan bata y uniforme de trabajo para evitar que pueda contaminarse la ropa de calle?,yes_no_not_applicable,binary_yes_no_na,binary_yes_no_na,not_validated_insufficient_sector_sample,"Aguilar Elena doctoral thesis (2015), Annex 1, sector-specific questionnaires",2181,2182,Use as source-preserved sector-specific instrument; do not label as validated.
sec_research_labs,Laboratorios — Investigación,final_2015_annex1_unvalidated,sector_specific_questionnaire,Laboratorios,Investigación,CONDICIONES GENERALES,10,10,SEC-RESEARCH-LABS-F2015-010,"¿Llevan bata limpia (no necesita que sea estéril) para proteger la piel y prevenir el manchado del uniforme durante los procedimientos que puedan producir salpicaduras de sangre, fluidos, secreciones o excreciones?",yes_no_not_applicable,binary_yes_no_na,binary_yes_no_na,not_validated_insufficient_sector_sample,"Aguilar Elena doctoral thesis (2015), Annex 1, sector-specific questionnaires",2183,2185,Use as source-preserved sector-specific instrument; do not label as validated.
sec_research_labs,Laboratorios — Investigación,final_2015_annex1_unvalidated,sector_specific_questionnaire,Laboratorios,Investigación,CONDICIONES GENERALES,11,11,SEC-RESEARCH-LABS-F2015-011,¿La bata si está muy manchada se cambia tan pronto como es posible y después se lavan las manos?,yes_no_not_applicable,binary_yes_no_na,binary_yes_no_na,not_validated_insufficient_sector_sample,"Aguilar Elena doctoral thesis (2015), Annex 1, sector-specific questionnaires",2186,2187,Use as source-preserved sector-specific instrument; do not label as validated.
sec_research_labs,Laboratorios — Investigación,final_2015_annex1_unvalidated,sector_specific_questionnaire,Laboratorios,Investigación,CONDICIONES GENERALES,12,12,SEC-RESEARCH-LABS-F2015-012,¿Los cortes y las heridas se cubren con apósitos impermeables?,yes_no_not_applicable,binary_yes_no_na,binary_yes_no_na,not_validated_insufficient_sector_sample,"Aguilar Elena doctoral thesis (2015), Annex 1, sector-specific questionnaires",2188,2188,Use as source-preserved sector-specific instrument; do not label as validated.
sec_research_labs,Laboratorios — Investigación,final_2015_annex1_unvalidated,sector_specific_questionnaire,Laboratorios,Investigación,CONDICIONES GENERALES,13,13,SEC-RESEARCH-LABS-F2015-013,"¿Se procede al lavado de manos, y de otras superficies, cuando hayan entrado en contacto con sangre u otros fluidos y siempre después de quitarse los guantes?",yes_no_not_applicable,binary_yes_no_na,binary_yes_no_na,not_validated_insufficient_sector_sample,"Aguilar Elena doctoral thesis (2015), Annex 1, sector-specific questionnaires",2189,2190,Use as source-preserved sector-specific instrument; do not label as validated.
sec_research_labs,Laboratorios — Investigación,final_2015_annex1_unvalidated,sector_specific_questionnaire,Laboratorios,Investigación,CONDICIONES GENERALES,14,14,SEC-RESEARCH-LABS-F2015-014,"Al salir de la zona de trabajo, ¿el trabajador se quita las ropas de trabajo y los equipos de protección individual potencialmente contaminados y sucios y los guarda en un lugar que no contiene otras prendas?",yes_no_not_applicable,binary_yes_no_na,binary_yes_no_na,not_validated_insufficient_sector_sample,"Aguilar Elena doctoral thesis (2015), Annex 1, sector-specific questionnaires",2191,2193,Use as source-preserved sector-specific instrument; do not label as validated.
sec_research_labs,Laboratorios — Investigación,final_2015_annex1_unvalidated,sector_specific_questionnaire,Laboratorios,Investigación,CONDICIONES GENERALES,15,15,SEC-RESEARCH-LABS-F2015-015,¿Se cambia de guantes cuando estos se rompen?,yes_no_not_applicable,binary_yes_no_na,binary_yes_no_na,not_validated_insufficient_sector_sample,"Aguilar Elena doctoral thesis (2015), Annex 1, sector-specific questionnaires",2194,2194,Use as source-preserved sector-specific instrument; do not label as validated.
sec_research_labs,Laboratorios — Investigación,final_2015_annex1_unvalidated,sector_specific_questionnaire,Laboratorios,Investigación,CONDICIONES GENERALES,16,16,SEC-RESEARCH-LABS-F2015-016,"¿Y se utilizan los guantes en caso de extracciones, administración de tratamientos intravenosos o canalizaciones de venas?",yes_no_not_applicable,binary_yes_no_na,binary_yes_no_na,not_validated_insufficient_sector_sample,"Aguilar Elena doctoral thesis (2015), Annex 1, sector-specific questionnaires",2195,2196,Use as source-preserved sector-specific instrument; do not label as validated.
sec_research_labs,Laboratorios — Investigación,final_2015_annex1_unvalidated,sector_specific_questionnaire,Laboratorios,Investigación,CONDICIONES GENERALES,17,17,SEC-RESEARCH-LABS-F2015-017,"¿Se usan las mascarillas y gafas/pantallas cuando se prevé la producción de salpicaduras de sangre o fluidos biológicos a la mucosa ocular, nasal y oral?",yes_no_not_applicable,binary_yes_no_na,binary_yes_no_na,not_validated_insufficient_sector_sample,"Aguilar Elena doctoral thesis (2015), Annex 1, sector-specific questionnaires",2197,2198,Use as source-preserved sector-specific instrument; do not label as validated.
sec_research_labs,Laboratorios — Investigación,final_2015_annex1_unvalidated,sector_specific_questionnaire,Laboratorios,Investigación,CONDICIONES GENERALES,18,18,SEC-RESEARCH-LABS-F2015-018,¿Hay control y reposición de equipos de protección individual y tiene lugar de almacenamiento?,yes_no_not_applicable,binary_yes_no_na,binary_yes_no_na,not_validated_insufficient_sector_sample,"Aguilar Elena doctoral thesis (2015), Annex 1, sector-specific questionnaires",2199,2199,Use as source-preserved sector-specific instrument; do not label as validated.
sec_research_labs,Laboratorios — Investigación,final_2015_annex1_unvalidated,sector_specific_questionnaire,Laboratorios,Investigación,CONDICIONES GENERALES,19,19,SEC-RESEARCH-LABS-F2015-019,¿Los trabajadores tienen ropa de trabajo adecuada para cada tarea a realizar?,yes_no_not_applicable,binary_yes_no_na,binary_yes_no_na,not_validated_insufficient_sector_sample,"Aguilar Elena doctoral thesis (2015), Annex 1, sector-specific questionnaires",2200,2200,Use as source-preserved sector-specific instrument; do not label as validated.
sec_research_labs,Laboratorios — Investigación,final_2015_annex1_unvalidated,sector_specific_questionnaire,Laboratorios,Investigación,CONDICIONES GENERALES,20,20,SEC-RESEARCH-LABS-F2015-020,"¿Se usan batas, delantales, gorros, mascarillas y protección ocular en los lugares indicados, pantallas faciales de protección, y en tareas que puedan implicar salpicaduras de sangre o fluidos?",yes_no_not_applicable,binary_yes_no_na,binary_yes_no_na,not_validated_insufficient_sector_sample,"Aguilar Elena doctoral thesis (2015), Annex 1, sector-specific questionnaires",2201,2202,Use as source-preserved sector-specific instrument; do not label as validated.
sec_research_labs,Laboratorios — Investigación,final_2015_annex1_unvalidated,sector_specific_questionnaire,Laboratorios,Investigación,CONDICIONES GENERALES,21,21,SEC-RESEARCH-LABS-F2015-021,¿Cuando se produzca un derrame de muestras procedente de los animales se recogen inmediatamente?,yes_no_not_applicable,binary_yes_no_na,binary_yes_no_na,not_validated_insufficient_sector_sample,"Aguilar Elena doctoral thesis (2015), Annex 1, sector-specific questionnaires",2203,2204,Use as source-preserved sector-specific instrument; do not label as validated.
sec_research_labs,Laboratorios — Investigación,final_2015_annex1_unvalidated,sector_specific_questionnaire,Laboratorios,Investigación,CONDICIONES GENERALES,22,22,SEC-RESEARCH-LABS-F2015-022,"¿Se señaliza con la señal de riesgo biológico los armarios, neveras, muestras, etc. en las que se guarden material biológico?",yes_no_not_applicable,binary_yes_no_na,binary_yes_no_na,not_validated_insufficient_sector_sample,"Aguilar Elena doctoral thesis (2015), Annex 1, sector-specific questionnaires",2205,2206,Use as source-preserved sector-specific instrument; do not label as validated.
sec_research_labs,Laboratorios — Investigación,final_2015_annex1_unvalidated,sector_specific_questionnaire,Laboratorios,Investigación,CONDICIONES GENERALES,23,23,SEC-RESEARCH-LABS-F2015-023,¿Hay y se cumple un programa de gestión de todos los residuos generados en el lugar de trabajo?,yes_no_not_applicable,binary_yes_no_na,binary_yes_no_na,not_validated_insufficient_sector_sample,"Aguilar Elena doctoral thesis (2015), Annex 1, sector-specific questionnaires",2207,2208,Use as source-preserved sector-specific instrument; do not label as validated.
sec_research_labs,Laboratorios — Investigación,final_2015_annex1_unvalidated,sector_specific_questionnaire,Laboratorios,Investigación,CONDICIONES GENERALES,24,24,SEC-RESEARCH-LABS-F2015-024,"¿Se dispone de protocolo de actuación, y de primeros auxilios, en caso de accidentes que pueden causar exposición a agentes biológicos (salpicadura de fluidos, cortes o heridas)?",yes_no_not_applicable,binary_yes_no_na,binary_yes_no_na,not_validated_insufficient_sector_sample,"Aguilar Elena doctoral thesis (2015), Annex 1, sector-specific questionnaires",2209,2215,Use as source-preserved sector-specific instrument; do not label as validated.
sec_research_labs,Laboratorios — Investigación,final_2015_annex1_unvalidated,sector_specific_questionnaire,Laboratorios,Investigación,CONDICIONES GENERALES,25,25,SEC-RESEARCH-LABS-F2015-025,¿Todas las tareas están protocolizadas o procedimentadas?,yes_no_not_applicable,binary_yes_no_na,binary_yes_no_na,not_validated_insufficient_sector_sample,"Aguilar Elena doctoral thesis (2015), Annex 1, sector-specific questionnaires",2216,2216,Use as source-preserved sector-specific instrument; do not label as validated.
sec_research_labs,Laboratorios — Investigación,final_2015_annex1_unvalidated,sector_specific_questionnaire,Laboratorios,Investigación,CONDICIONES GENERALES,26,26,SEC-RESEARCH-LABS-F2015-026,¿Hay un manual de seguridad biológica disponible para la consulta de los trabajadores?,yes_no_not_applicable,binary_yes_no_na,binary_yes_no_na,not_validated_insufficient_sector_sample,"Aguilar Elena doctoral thesis (2015), Annex 1, sector-specific questionnaires",2217,2217,Use as source-preserved sector-specific instrument; do not label as validated.
sec_research_labs,Laboratorios — Investigación,final_2015_annex1_unvalidated,sector_specific_questionnaire,Laboratorios,Investigación,CONDICIONES GENERALES,27,27,SEC-RESEARCH-LABS-F2015-027,"¿En todos los protocolos o procedimientos de trabajo se incluye información sobre los riesgos de los productos y operaciones, y las medidas de seguridad y protección a aplicar?",yes_no_not_applicable,binary_yes_no_na,binary_yes_no_na,not_validated_insufficient_sector_sample,"Aguilar Elena doctoral thesis (2015), Annex 1, sector-specific questionnaires",2218,2219,Use as source-preserved sector-specific instrument; do not label as validated.
sec_research_labs,Laboratorios — Investigación,final_2015_annex1_unvalidated,sector_specific_questionnaire,Laboratorios,Investigación,CONDICIONES GENERALES,28,28,SEC-RESEARCH-LABS-F2015-028,¿Se cumple el protocolo para la manipulación de los animales con riesgo especial y/o para la manipulación del material biológico procedente de los mismos?,yes_no_not_applicable,binary_yes_no_na,binary_yes_no_na,not_validated_insufficient_sector_sample,"Aguilar Elena doctoral thesis (2015), Annex 1, sector-specific questionnaires",2220,2221,Use as source-preserved sector-specific instrument; do not label as validated.
sec_research_labs,Laboratorios — Investigación,final_2015_annex1_unvalidated,sector_specific_questionnaire,Laboratorios,Investigación,CONDICIONES GENERALES,29,29,SEC-RESEARCH-LABS-F2015-029,¿Hay programas establecidos de desinsectación?,yes_no_not_applicable,binary_yes_no_na,binary_yes_no_na,not_validated_insufficient_sector_sample,"Aguilar Elena doctoral thesis (2015), Annex 1, sector-specific questionnaires",2222,2222,Use as source-preserved sector-specific instrument; do not label as validated.
sec_research_labs,Laboratorios — Investigación,final_2015_annex1_unvalidated,sector_specific_questionnaire,Laboratorios,Investigación,EXPOSICIÓN A RESIDUOS O FLUIDOS BIOLÓGICOS,30,30,SEC-RESEARCH-LABS-F2015-030,¿La utilización de agujas hipodérmicas está restringida a la administración parenteral y la extracción de fluidos biológicos?,yes_no_not_applicable,binary_yes_no_na,binary_yes_no_na,not_validated_insufficient_sector_sample,"Aguilar Elena doctoral thesis (2015), Annex 1, sector-specific questionnaires",2224,2225,Use as source-preserved sector-specific instrument; do not label as validated.
sec_research_labs,Laboratorios — Investigación,final_2015_annex1_unvalidated,sector_specific_questionnaire,Laboratorios,Investigación,EXPOSICIÓN A RESIDUOS O FLUIDOS BIOLÓGICOS,31,31,SEC-RESEARCH-LABS-F2015-031,¿No se reencapsulan nunca las agujas?,yes_no_not_applicable,binary_yes_no_na,binary_yes_no_na,not_validated_insufficient_sector_sample,"Aguilar Elena doctoral thesis (2015), Annex 1, sector-specific questionnaires",2226,2226,Use as source-preserved sector-specific instrument; do not label as validated.
sec_research_labs,Laboratorios — Investigación,final_2015_annex1_unvalidated,sector_specific_questionnaire,Laboratorios,Investigación,EXPOSICIÓN A RESIDUOS O FLUIDOS BIOLÓGICOS,32,32,SEC-RESEARCH-LABS-F2015-032,¿Se procede siempre a la retirada inmediata del conjunto aguja – jeringa?,yes_no_not_applicable,binary_yes_no_na,binary_yes_no_na,not_validated_insufficient_sector_sample,"Aguilar Elena doctoral thesis (2015), Annex 1, sector-specific questionnaires",2227,2227,Use as source-preserved sector-specific instrument; do not label as validated.
sec_research_labs,Laboratorios — Investigación,final_2015_annex1_unvalidated,sector_specific_questionnaire,Laboratorios,Investigación,EXPOSICIÓN A RESIDUOS O FLUIDOS BIOLÓGICOS,33,33,SEC-RESEARCH-LABS-F2015-033,¿Los objetos punzantes y/o cortantes se manejan con extremo cuidado?,yes_no_not_applicable,binary_yes_no_na,binary_yes_no_na,not_validated_insufficient_sector_sample,"Aguilar Elena doctoral thesis (2015), Annex 1, sector-specific questionnaires",2228,2228,Use as source-preserved sector-specific instrument; do not label as validated.
sec_research_labs,Laboratorios — Investigación,final_2015_annex1_unvalidated,sector_specific_questionnaire,Laboratorios,Investigación,EXPOSICIÓN A RESIDUOS O FLUIDOS BIOLÓGICOS,34,34,SEC-RESEARCH-LABS-F2015-034,"¿Se evita el uso de agujas cuando existen alternativas seguras y efectivas (agujas con dispositivos de seguridad,...)?",yes_no_not_applicable,binary_yes_no_na,binary_yes_no_na,not_validated_insufficient_sector_sample,"Aguilar Elena doctoral thesis (2015), Annex 1, sector-specific questionnaires",2229,2230,Use as source-preserved sector-specific instrument; do not label as validated.
sec_research_labs,Laboratorios — Investigación,final_2015_annex1_unvalidated,sector_specific_questionnaire,Laboratorios,Investigación,EXPOSICIÓN A RESIDUOS O FLUIDOS BIOLÓGICOS,35,35,SEC-RESEARCH-LABS-F2015-035,"¿Se utiliza, para la eliminación de agujas y material cortante, un contenedor rígido adecuado que se encuentra en las inmediaciones para su eliminación?",yes_no_not_applicable,binary_yes_no_na,binary_yes_no_na,not_validated_insufficient_sector_sample,"Aguilar Elena doctoral thesis (2015), Annex 1, sector-specific questionnaires",2231,2232,Use as source-preserved sector-specific instrument; do not label as validated.
sec_research_labs,Laboratorios — Investigación,final_2015_annex1_unvalidated,sector_specific_questionnaire,Laboratorios,Investigación,EXPOSICIÓN A RESIDUOS O FLUIDOS BIOLÓGICOS,36,36,SEC-RESEARCH-LABS-F2015-036,"¿Para cualquier técnica o manipulación, se realiza de manera que se minimice la creación de aerosoles (por inyección violenta de líquidos o jeringas que puedan generar aerosoles)?",yes_no_not_applicable,binary_yes_no_na,binary_yes_no_na,not_validated_insufficient_sector_sample,"Aguilar Elena doctoral thesis (2015), Annex 1, sector-specific questionnaires",2233,2234,Use as source-preserved sector-specific instrument; do not label as validated.
sec_research_labs,Laboratorios — Investigación,final_2015_annex1_unvalidated,sector_specific_questionnaire,Laboratorios,Investigación,EXPOSICIÓN A RESIDUOS O FLUIDOS BIOLÓGICOS,37,37,SEC-RESEARCH-LABS-F2015-037,¿Antes de iniciar cualquier procedimiento en el que se utilicen agujas se realizan los preparativos de manipulación y eliminación segura de los mismos?,yes_no_not_applicable,binary_yes_no_na,binary_yes_no_na,not_validated_insufficient_sector_sample,"Aguilar Elena doctoral thesis (2015), Annex 1, sector-specific questionnaires",2235,2236,Use as source-preserved sector-specific instrument; do not label as validated.
sec_research_labs,Laboratorios — Investigación,final_2015_annex1_unvalidated,sector_specific_questionnaire,Laboratorios,Investigación,EXPOSICIÓN A RESIDUOS O FLUIDOS BIOLÓGICOS,38,38,SEC-RESEARCH-LABS-F2015-038,¿Cada empleado se ocupa de la retirada o limpieza del material punzante o cortante contaminado que utiliza?,yes_no_not_applicable,binary_yes_no_na,binary_yes_no_na,not_validated_insufficient_sector_sample,"Aguilar Elena doctoral thesis (2015), Annex 1, sector-specific questionnaires",2237,2238,Use as source-preserved sector-specific instrument; do not label as validated.
sec_research_labs,Laboratorios — Investigación,final_2015_annex1_unvalidated,sector_specific_questionnaire,Laboratorios,Investigación,EXPOSICIÓN A RESIDUOS O FLUIDOS BIOLÓGICOS,39,39,SEC-RESEARCH-LABS-F2015-039,¿Se comprueba que los objetos punzantes y cortantes no han quedado abandonados fuera del contenedor apropiado y se comprueba que no va entre la ropa que se envía a lavandería?,yes_no_not_applicable,binary_yes_no_na,binary_yes_no_na,not_validated_insufficient_sector_sample,"Aguilar Elena doctoral thesis (2015), Annex 1, sector-specific questionnaires",2239,2240,Use as source-preserved sector-specific instrument; do not label as validated.
sec_research_labs,Laboratorios — Investigación,final_2015_annex1_unvalidated,sector_specific_questionnaire,Laboratorios,Investigación,EXPOSICIÓN A RESIDUOS O FLUIDOS BIOLÓGICOS,40,40,SEC-RESEARCH-LABS-F2015-040,¿Se informa de todas las lesiones con agujas y otros elementos cortantes rápidamente para asegurarse de recibir el tratamiento de seguimiento adecuado?,yes_no_not_applicable,binary_yes_no_na,binary_yes_no_na,not_validated_insufficient_sector_sample,"Aguilar Elena doctoral thesis (2015), Annex 1, sector-specific questionnaires",2241,2242,Use as source-preserved sector-specific instrument; do not label as validated.
sec_research_labs,Laboratorios — Investigación,final_2015_annex1_unvalidated,sector_specific_questionnaire,Laboratorios,Investigación,EXPOSICIÓN A RESIDUOS O FLUIDOS BIOLÓGICOS,41,41,SEC-RESEARCH-LABS-F2015-041,"¿Las superficies de trabajo se descontaminan, al menos, una vez al día y siempre que se produzca un derrame de material que pueda ser infeccioso?",yes_no_not_applicable,binary_yes_no_na,binary_yes_no_na,not_validated_insufficient_sector_sample,"Aguilar Elena doctoral thesis (2015), Annex 1, sector-specific questionnaires",2243,2244,Use as source-preserved sector-specific instrument; do not label as validated.
sec_research_labs,Laboratorios — Investigación,final_2015_annex1_unvalidated,sector_specific_questionnaire,Laboratorios,Investigación,TRANSPORTE DE MUESTRAS Y ALMACENAMIENTO DE RESIDUOS,42,42,SEC-RESEARCH-LABS-F2015-042,¿Hay un sistema adecuado de gestión de residuos con contenedores diferenciados para cada tipo de residuo y se procuran sustituir los llenos por otros vacíos con la frecuencia suficiente para que no se llenen más de lo necesario (únicamente se tienen que llenar las tres terceras partes)?,yes_no_not_applicable,binary_yes_no_na,binary_yes_no_na,not_validated_insufficient_sector_sample,"Aguilar Elena doctoral thesis (2015), Annex 1, sector-specific questionnaires",2246,2248,Use as source-preserved sector-specific instrument; do not label as validated.
sec_research_labs,Laboratorios — Investigación,final_2015_annex1_unvalidated,sector_specific_questionnaire,Laboratorios,Investigación,TRANSPORTE DE MUESTRAS Y ALMACENAMIENTO DE RESIDUOS,43,43,SEC-RESEARCH-LABS-F2015-043,"¿Hay material y/o dispositivos con mecanismos de seguridad (agujas con dispositivos de seguridad que impiden el pinchazo, etc.) están a disposición de los trabajadores y se procura difundir su uso entre el personal?",yes_no_not_applicable,binary_yes_no_na,binary_yes_no_na,not_validated_insufficient_sector_sample,"Aguilar Elena doctoral thesis (2015), Annex 1, sector-specific questionnaires",2249,2251,Use as source-preserved sector-specific instrument; do not label as validated.
sec_research_labs,Laboratorios — Investigación,final_2015_annex1_unvalidated,sector_specific_questionnaire,Laboratorios,Investigación,TRANSPORTE DE MUESTRAS Y ALMACENAMIENTO DE RESIDUOS,44,44,SEC-RESEARCH-LABS-F2015-044,¿Los recipientes para traslados de muestras se limpian con desinfectante adecuado cuando se derrama o ensucian por fuera?,yes_no_not_applicable,binary_yes_no_na,binary_yes_no_na,not_validated_insufficient_sector_sample,"Aguilar Elena doctoral thesis (2015), Annex 1, sector-specific questionnaires",2252,2253,Use as source-preserved sector-specific instrument; do not label as validated.
sec_research_labs,Laboratorios — Investigación,final_2015_annex1_unvalidated,sector_specific_questionnaire,Laboratorios,Investigación,TRANSPORTE DE MUESTRAS Y ALMACENAMIENTO DE RESIDUOS,45,45,SEC-RESEARCH-LABS-F2015-045,"¿No se dejan bolsas ni recipientes de residuos en lugares no previstos, excepto donde se han producido, o bien en el almacén (o almacenes intermedios que estén delimitados, adecuados y señalizados)?",yes_no_not_applicable,binary_yes_no_na,binary_yes_no_na,not_validated_insufficient_sector_sample,"Aguilar Elena doctoral thesis (2015), Annex 1, sector-specific questionnaires",2254,2256,Use as source-preserved sector-specific instrument; do not label as validated.
sec_research_labs,Laboratorios — Investigación,final_2015_annex1_unvalidated,sector_specific_questionnaire,Laboratorios,Investigación,TRANSPORTE DE MUESTRAS Y ALMACENAMIENTO DE RESIDUOS,46,46,SEC-RESEARCH-LABS-F2015-046,¿Las bolsas de residuos no se almacenan unas encima de otras; si no unas al lado de otras sobre superficies horizontales?,yes_no_not_applicable,binary_yes_no_na,binary_yes_no_na,not_validated_insufficient_sector_sample,"Aguilar Elena doctoral thesis (2015), Annex 1, sector-specific questionnaires",2257,2258,Use as source-preserved sector-specific instrument; do not label as validated.
sec_research_labs,Laboratorios — Investigación,final_2015_annex1_unvalidated,sector_specific_questionnaire,Laboratorios,Investigación,TRANSPORTE DE MUESTRAS Y ALMACENAMIENTO DE RESIDUOS,47,47,SEC-RESEARCH-LABS-F2015-047,"¿Las bolsas de residuos no se arrastran por el suelo, se usan sistemas de transporte?",yes_no_not_applicable,binary_yes_no_na,binary_yes_no_na,not_validated_insufficient_sector_sample,"Aguilar Elena doctoral thesis (2015), Annex 1, sector-specific questionnaires",2259,2259,Use as source-preserved sector-specific instrument; do not label as validated.
sec_research_labs,Laboratorios — Investigación,final_2015_annex1_unvalidated,sector_specific_questionnaire,Laboratorios,Investigación,CUARENTENA TRANSPORTE Y RECEPCIÓN DE LOS ANIMALES,48,48,SEC-RESEARCH-LABS-F2015-048,¿Se asegura una cuarentena mínima de 15 días antes de la recepción de los animales en el laboratorio?,yes_no_not_applicable,binary_yes_no_na,binary_yes_no_na,not_validated_insufficient_sector_sample,"Aguilar Elena doctoral thesis (2015), Annex 1, sector-specific questionnaires",2261,2262,Use as source-preserved sector-specific instrument; do not label as validated.
sec_research_labs,Laboratorios — Investigación,final_2015_annex1_unvalidated,sector_specific_questionnaire,Laboratorios,Investigación,CUARENTENA TRANSPORTE Y RECEPCIÓN DE LOS ANIMALES,49,49,SEC-RESEARCH-LABS-F2015-049,¿Se aíslan los animales sanos de aquellos que muestren signos de enfermedades contagiosas en la colonia?,yes_no_not_applicable,binary_yes_no_na,binary_yes_no_na,not_validated_insufficient_sector_sample,"Aguilar Elena doctoral thesis (2015), Annex 1, sector-specific questionnaires",2263,2264,Use as source-preserved sector-specific instrument; do not label as validated.
sec_research_labs,Laboratorios — Investigación,final_2015_annex1_unvalidated,sector_specific_questionnaire,Laboratorios,Investigación,CUARENTENA TRANSPORTE Y RECEPCIÓN DE LOS ANIMALES,50,50,SEC-RESEARCH-LABS-F2015-050,"¿Los traslados de animales, incluyendo aquellos dentro del laboratorio, se organizan para minimizar el tiempo de traslado, el riesgo de zoonosis, protegerlos contra condiciones climáticas extremas y evitar el hacinamiento?",yes_no_not_applicable,binary_yes_no_na,binary_yes_no_na,not_validated_insufficient_sector_sample,"Aguilar Elena doctoral thesis (2015), Annex 1, sector-specific questionnaires",2265,2272,Use as source-preserved sector-specific instrument; do not label as validated.
sec_research_labs,Laboratorios — Investigación,final_2015_annex1_unvalidated,sector_specific_questionnaire,Laboratorios,Investigación,CUARENTENA TRANSPORTE Y RECEPCIÓN DE LOS ANIMALES,51,51,SEC-RESEARCH-LABS-F2015-051,¿Antes de realizar el transporte de animales se revisa cada embarque para comprobar el cumplimiento de las especificaciones de adquisición y si presentan signos clínicos de enfermedad se cancela el envío de animales?,yes_no_not_applicable,binary_yes_no_na,binary_yes_no_na,not_validated_insufficient_sector_sample,"Aguilar Elena doctoral thesis (2015), Annex 1, sector-specific questionnaires",2273,2275,Use as source-preserved sector-specific instrument; do not label as validated.
sec_research_labs,Laboratorios — Investigación,final_2015_annex1_unvalidated,sector_specific_questionnaire,Laboratorios,Investigación,CUARENTENA TRANSPORTE Y RECEPCIÓN DE LOS ANIMALES,52,52,SEC-RESEARCH-LABS-F2015-052,¿El personal que recibe los animales comprueba si los animales recibidos presentan síntomas de enfermedad?,yes_no_not_applicable,binary_yes_no_na,binary_yes_no_na,not_validated_insufficient_sector_sample,"Aguilar Elena doctoral thesis (2015), Annex 1, sector-specific questionnaires",2276,2277,Use as source-preserved sector-specific instrument; do not label as validated.
sec_research_labs,Laboratorios — Investigación,final_2015_annex1_unvalidated,sector_specific_questionnaire,Laboratorios,Investigación,CUARENTENA TRANSPORTE Y RECEPCIÓN DE LOS ANIMALES,53,53,SEC-RESEARCH-LABS-F2015-053,¿Se establecen los procedimientos apropiados de cuarentena (mínimo 15 días separados del resto de animales sanos) y estabilización de acuerdo a la especie y a las circunstancias?,yes_no_not_applicable,binary_yes_no_na,binary_yes_no_na,not_validated_insufficient_sector_sample,"Aguilar Elena doctoral thesis (2015), Annex 1, sector-specific questionnaires",2278,2279,Use as source-preserved sector-specific instrument; do not label as validated.
sec_research_labs,Laboratorios — Investigación,final_2015_annex1_unvalidated,sector_specific_questionnaire,Laboratorios,Investigación,CUARENTENA TRANSPORTE Y RECEPCIÓN DE LOS ANIMALES,54,54,SEC-RESEARCH-LABS-F2015-054,¿Se indica qué bioterio contiene los animales en cuarentena?,yes_no_not_applicable,binary_yes_no_na,binary_yes_no_na,not_validated_insufficient_sector_sample,"Aguilar Elena doctoral thesis (2015), Annex 1, sector-specific questionnaires",2280,2280,Use as source-preserved sector-specific instrument; do not label as validated.
sec_research_labs,Laboratorios — Investigación,final_2015_annex1_unvalidated,sector_specific_questionnaire,Laboratorios,Investigación,REQUISITOS DE ENTRADA Y SALIDA DE LA INSTALACIÓN,55,55,SEC-RESEARCH-LABS-F2015-055,¿La entrada se realiza poniéndose encima del calzado las calzas de plástico y encima de la ropa la bata de entrada dispuesta para tal fin y de uso exclusivo para la instalación?,yes_no_not_applicable,binary_yes_no_na,binary_yes_no_na,not_validated_insufficient_sector_sample,"Aguilar Elena doctoral thesis (2015), Annex 1, sector-specific questionnaires",2282,2283,Use as source-preserved sector-specific instrument; do not label as validated.
sec_research_labs,Laboratorios — Investigación,final_2015_annex1_unvalidated,sector_specific_questionnaire,Laboratorios,Investigación,REQUISITOS DE ENTRADA Y SALIDA DE LA INSTALACIÓN,56,56,SEC-RESEARCH-LABS-F2015-056,¿La salida se realiza quitándose la bata y depositándola en los lugares destinados para tal fin y quitándose las calzas y depositándolas en el lugar destinado para tal fin?,yes_no_not_applicable,binary_yes_no_na,binary_yes_no_na,not_validated_insufficient_sector_sample,"Aguilar Elena doctoral thesis (2015), Annex 1, sector-specific questionnaires",2284,2285,Use as source-preserved sector-specific instrument; do not label as validated.
sec_research_labs,Laboratorios — Investigación,final_2015_annex1_unvalidated,sector_specific_questionnaire,Laboratorios,Investigación,REQUISITOS DE ENTRADA Y SALIDA DE LA INSTALACIÓN,57,57,SEC-RESEARCH-LABS-F2015-057,¿Se deja la puerta siempre cerrada al salir?,yes_no_not_applicable,binary_yes_no_na,binary_yes_no_na,not_validated_insufficient_sector_sample,"Aguilar Elena doctoral thesis (2015), Annex 1, sector-specific questionnaires",2286,2286,Use as source-preserved sector-specific instrument; do not label as validated.
sec_research_labs,Laboratorios — Investigación,final_2015_annex1_unvalidated,sector_specific_questionnaire,Laboratorios,Investigación,REQUISITOS DE ALOJAMIENTO Y MANEJO DE LOS ANIMALES,58,58,SEC-RESEARCH-LABS-F2015-058,¿Los bioterios y sus accesorios como tapas se sanitizan por lo menos cada dos semanas?,yes_no_not_applicable,binary_yes_no_na,binary_yes_no_na,not_validated_insufficient_sector_sample,"Aguilar Elena doctoral thesis (2015), Annex 1, sector-specific questionnaires",2288,2288,Use as source-preserved sector-specific instrument; do not label as validated.
sec_research_labs,Laboratorios — Investigación,final_2015_annex1_unvalidated,sector_specific_questionnaire,Laboratorios,Investigación,REQUISITOS DE ALOJAMIENTO Y MANEJO DE LOS ANIMALES,59,59,SEC-RESEARCH-LABS-F2015-059,"¿Los bioterios se desinfectan con substancias químicas, agua caliente o una combinación de ambos?",yes_no_not_applicable,binary_yes_no_na,binary_yes_no_na,not_validated_insufficient_sector_sample,"Aguilar Elena doctoral thesis (2015), Annex 1, sector-specific questionnaires",2289,2290,Use as source-preserved sector-specific instrument; do not label as validated.
sec_research_labs,Laboratorios — Investigación,final_2015_annex1_unvalidated,sector_specific_questionnaire,Laboratorios,Investigación,REQUISITOS DE ALOJAMIENTO Y MANEJO DE LOS ANIMALES,60,60,SEC-RESEARCH-LABS-F2015-060,¿Los tiempos y las condiciones de lavado son suficientes para matar las formas vegetativas de las bacterias comunes y otros organismos que presumiblemente pueden ser controlables con los programas sanitarios?,yes_no_not_applicable,binary_yes_no_na,binary_yes_no_na,not_validated_insufficient_sector_sample,"Aguilar Elena doctoral thesis (2015), Annex 1, sector-specific questionnaires",2291,2293,Use as source-preserved sector-specific instrument; do not label as validated.
sec_research_labs,Laboratorios — Investigación,final_2015_annex1_unvalidated,sector_specific_questionnaire,Laboratorios,Investigación,REQUISITOS DE ALOJAMIENTO Y MANEJO DE LOS ANIMALES,61,61,SEC-RESEARCH-LABS-F2015-061,¿Se manipulan los animales siempre con guantes adecuados?,yes_no_not_applicable,binary_yes_no_na,binary_yes_no_na,not_validated_insufficient_sector_sample,"Aguilar Elena doctoral thesis (2015), Annex 1, sector-specific questionnaires",2294,2294,Use as source-preserved sector-specific instrument; do not label as validated.
sec_research_labs,Laboratorios — Investigación,final_2015_annex1_unvalidated,sector_specific_questionnaire,Laboratorios,Investigación,REQUISITOS DE ALOJAMIENTO Y MANEJO DE LOS ANIMALES,62,62,SEC-RESEARCH-LABS-F2015-062,¿Se manipula al animal siempre en silencio y con tranquilidad y se evita en todo momento su sufrimiento innecesario ya que además puede inducir al animal a defenderse y a producir lesiones?,yes_no_not_applicable,binary_yes_no_na,binary_yes_no_na,not_validated_insufficient_sector_sample,"Aguilar Elena doctoral thesis (2015), Annex 1, sector-specific questionnaires",2295,2296,Use as source-preserved sector-specific instrument; do not label as validated.
sec_research_labs,Laboratorios — Investigación,final_2015_annex1_unvalidated,sector_specific_questionnaire,Laboratorios,Investigación,"LIMPIEZA DE RESIDUOS, RESTOS Y ELIMINACIÓN DE LOS CADÁVERES",63,63,SEC-RESEARCH-LABS-F2015-063,"¿Los desechos convencionales, biológicos y peligrosos son limpiados y eliminados de forma segura?",yes_no_not_applicable,binary_yes_no_na,binary_yes_no_na,not_validated_insufficient_sector_sample,"Aguilar Elena doctoral thesis (2015), Annex 1, sector-specific questionnaires",2298,2299,Use as source-preserved sector-specific instrument; do not label as validated.
sec_research_labs,Laboratorios — Investigación,final_2015_annex1_unvalidated,sector_specific_questionnaire,Laboratorios,Investigación,"LIMPIEZA DE RESIDUOS, RESTOS Y ELIMINACIÓN DE LOS CADÁVERES",64,64,SEC-RESEARCH-LABS-F2015-064,¿Existen recipientes de basura en número suficiente y correctamente identificados? ¿Los contenedores de desechos son a prueba de fugas?,yes_no_not_applicable,binary_yes_no_na,binary_yes_no_na,not_validated_insufficient_sector_sample,"Aguilar Elena doctoral thesis (2015), Annex 1, sector-specific questionnaires",2300,2301,Use as source-preserved sector-specific instrument; do not label as validated.
sec_research_labs,Laboratorios — Investigación,final_2015_annex1_unvalidated,sector_specific_questionnaire,Laboratorios,Investigación,"LIMPIEZA DE RESIDUOS, RESTOS Y ELIMINACIÓN DE LOS CADÁVERES",65,65,SEC-RESEARCH-LABS-F2015-065,¿Se usan bolsas interiores en los contenedores de basura?,yes_no_not_applicable,binary_yes_no_na,binary_yes_no_na,not_validated_insufficient_sector_sample,"Aguilar Elena doctoral thesis (2015), Annex 1, sector-specific questionnaires",2302,2302,Use as source-preserved sector-specific instrument; do not label as validated.
sec_research_labs,Laboratorios — Investigación,final_2015_annex1_unvalidated,sector_specific_questionnaire,Laboratorios,Investigación,"LIMPIEZA DE RESIDUOS, RESTOS Y ELIMINACIÓN DE LOS CADÁVERES",66,66,SEC-RESEARCH-LABS-F2015-066,"¿En caso de almacenar en frío el material antes de su eliminación, se usa un congelador o cuarto frío exclusivo para este fin y rotulado correctamente?",yes_no_not_applicable,binary_yes_no_na,binary_yes_no_na,not_validated_insufficient_sector_sample,"Aguilar Elena doctoral thesis (2015), Annex 1, sector-specific questionnaires",2303,2304,Use as source-preserved sector-specific instrument; do not label as validated.
sec_research_labs,Laboratorios — Investigación,final_2015_annex1_unvalidated,sector_specific_questionnaire,Laboratorios,Investigación,"LIMPIEZA DE RESIDUOS, RESTOS Y ELIMINACIÓN DE LOS CADÁVERES",67,67,SEC-RESEARCH-LABS-F2015-067,¿Todo material de desecho o residuo biológico es sometido a un programa de gestión de residuos?,yes_no_not_applicable,binary_yes_no_na,binary_yes_no_na,not_validated_insufficient_sector_sample,"Aguilar Elena doctoral thesis (2015), Annex 1, sector-specific questionnaires",2305,2306,Use as source-preserved sector-specific instrument; do not label as validated.
sec_research_labs,Laboratorios — Investigación,final_2015_annex1_unvalidated,sector_specific_questionnaire,Laboratorios,Investigación,"LIMPIEZA DE RESIDUOS, RESTOS Y ELIMINACIÓN DE LOS CADÁVERES",68,68,SEC-RESEARCH-LABS-F2015-068,"¿La limpieza de los lechos se realiza teniendo en cuenta el evitar la generación de polvo (para ello el trabajador introduce el bioterio en una bolsa y vuelca su contenido en ella? ¿Así mismo utiliza guantes de protección, mascarilla y gafas?",yes_no_not_applicable,binary_yes_no_na,binary_yes_no_na,not_validated_insufficient_sector_sample,"Aguilar Elena doctoral thesis (2015), Annex 1, sector-specific questionnaires",2307,2309,Use as source-preserved sector-specific instrument; do not label as validated.
sec_research_labs,Laboratorios — Investigación,final_2015_annex1_unvalidated,sector_specific_questionnaire,Laboratorios,Investigación,"LIMPIEZA DE RESIDUOS, RESTOS Y ELIMINACIÓN DE LOS CADÁVERES",69,69,SEC-RESEARCH-LABS-F2015-069,"¿Se restringe en la medida de lo posible, el uso de agujas y jeringuillas?",yes_no_not_applicable,binary_yes_no_na,binary_yes_no_na,not_validated_insufficient_sector_sample,"Aguilar Elena doctoral thesis (2015), Annex 1, sector-specific questionnaires",2310,2310,Use as source-preserved sector-specific instrument; do not label as validated.
sec_research_labs,Laboratorios — Investigación,final_2015_annex1_unvalidated,sector_specific_questionnaire,Laboratorios,Investigación,"LIMPIEZA DE RESIDUOS, RESTOS Y ELIMINACIÓN DE LOS CADÁVERES",70,70,SEC-RESEARCH-LABS-F2015-070,"¿Se desechan las jeringas y agujas de un solo uso en contenedores especiales (indeformables, no perforables, sin fisuras para evitar derrames) sin ser encapsuladas?",yes_no_not_applicable,binary_yes_no_na,binary_yes_no_na,not_validated_insufficient_sector_sample,"Aguilar Elena doctoral thesis (2015), Annex 1, sector-specific questionnaires",2311,2312,Use as source-preserved sector-specific instrument; do not label as validated.
sec_research_labs,Laboratorios — Investigación,final_2015_annex1_unvalidated,sector_specific_questionnaire,Laboratorios,Investigación,ENTRENAMIENTO Y EXPERIENCIA DEL PERSONAL,71,71,SEC-RESEARCH-LABS-F2015-071,"¿El personal expuesto a riesgo dispone de procedimientos claros y definidos para conducir sus responsabilidades, identificando los peligros involucrados y son adiestrados en implementar los dispositivos de seguridad requeridos?",yes_no_not_applicable,binary_yes_no_na,binary_yes_no_na,not_validated_insufficient_sector_sample,"Aguilar Elena doctoral thesis (2015), Annex 1, sector-specific questionnaires",2314,2316,Use as source-preserved sector-specific instrument; do not label as validated.
sec_research_labs,Laboratorios — Investigación,final_2015_annex1_unvalidated,sector_specific_questionnaire,Laboratorios,Investigación,ENTRENAMIENTO Y EXPERIENCIA DEL PERSONAL,72,72,SEC-RESEARCH-LABS-F2015-072,"¿El personal es entrenado acerca de las zoonosis, seguridad química, peligros microbiológicos y físicos (incluyendo aquellos relacionados con la radiación y las alergias), condiciones extraordinarias o agentes que podrían ser parte de los procedimientos experimentales, manejo de los materiales de desecho, higiene personal y otras consideraciones (Ej. se tomar las precauciones durante el embarazo, enfermedad o inmunodeficiencia del personal), que son apropiadas para los peligros impuestos en el centro de trabajo?",yes_no_not_applicable,binary_yes_no_na,binary_yes_no_na,not_validated_insufficient_sector_sample,"Aguilar Elena doctoral thesis (2015), Annex 1, sector-specific questionnaires",2317,2322,Use as source-preserved sector-specific instrument; do not label as validated.
sec_research_labs,Laboratorios — Investigación,final_2015_annex1_unvalidated,sector_specific_questionnaire,Laboratorios,Investigación,ENTRENAMIENTO Y EXPERIENCIA DEL PERSONAL,73,73,SEC-RESEARCH-LABS-F2015-073,¿Los animales son manipulados por trabajadores con experiencia en experimentación animal?,yes_no_not_applicable,binary_yes_no_na,binary_yes_no_na,not_validated_insufficient_sector_sample,"Aguilar Elena doctoral thesis (2015), Annex 1, sector-specific questionnaires",2323,2324,Use as source-preserved sector-specific instrument; do not label as validated.
sec_biotech_labs,Laboratorios — Biotecnológicos,final_2015_annex1_unvalidated,sector_specific_questionnaire,Laboratorios,Biotecnológicos,CONDICIONES GENERALES,1,1,SEC-BIOTECH-LABS-F2015-001,¿En las zonas de contención el acceso está limitado al personal designado?,yes_no_not_applicable,binary_yes_no_na,binary_yes_no_na,not_validated_insufficient_sector_sample,"Aguilar Elena doctoral thesis (2015), Annex 1, sector-specific questionnaires",2342,2342,Use as source-preserved sector-specific instrument; do not label as validated.
sec_biotech_labs,Laboratorios — Biotecnológicos,final_2015_annex1_unvalidated,sector_specific_questionnaire,Laboratorios,Biotecnológicos,CONDICIONES GENERALES,2,2,SEC-BIOTECH-LABS-F2015-002,"¿El diseño del área de trabajo permite, en caso que sea necesario, ser precintada para su desinfección?",yes_no_not_applicable,binary_yes_no_na,binary_yes_no_na,not_validated_insufficient_sector_sample,"Aguilar Elena doctoral thesis (2015), Annex 1, sector-specific questionnaires",2343,2344,Use as source-preserved sector-specific instrument; do not label as validated.
sec_biotech_labs,Laboratorios — Biotecnológicos,final_2015_annex1_unvalidated,sector_specific_questionnaire,Laboratorios,Biotecnológicos,CONDICIONES GENERALES,3,3,SEC-BIOTECH-LABS-F2015-003,"¿Los laboratorios se encuentran en edificios o zonas separadas, de tal forma que está restringido el acceso?",yes_no_not_applicable,binary_yes_no_na,binary_yes_no_na,not_validated_insufficient_sector_sample,"Aguilar Elena doctoral thesis (2015), Annex 1, sector-specific questionnaires",2345,2346,Use as source-preserved sector-specific instrument; do not label as validated.
sec_biotech_labs,Laboratorios — Biotecnológicos,final_2015_annex1_unvalidated,sector_specific_questionnaire,Laboratorios,Biotecnológicos,CONDICIONES GENERALES,4,4,SEC-BIOTECH-LABS-F2015-004,¿Hay vestuarios provistos de dobles taquillas u otro sistema que impida que la ropa de trabajo se mezcle con la ropa de calle?,yes_no_not_applicable,binary_yes_no_na,binary_yes_no_na,not_validated_insufficient_sector_sample,"Aguilar Elena doctoral thesis (2015), Annex 1, sector-specific questionnaires",2347,2348,Use as source-preserved sector-specific instrument; do not label as validated.
sec_biotech_labs,Laboratorios — Biotecnológicos,final_2015_annex1_unvalidated,sector_specific_questionnaire,Laboratorios,Biotecnológicos,CONDICIONES GENERALES,5,5,SEC-BIOTECH-LABS-F2015-005,¿Se realizan limpiezas periódicas del sistema de ventilación y climatización de las instalaciones?,yes_no_not_applicable,binary_yes_no_na,binary_yes_no_na,not_validated_insufficient_sector_sample,"Aguilar Elena doctoral thesis (2015), Annex 1, sector-specific questionnaires",2349,2349,Use as source-preserved sector-specific instrument; do not label as validated.
sec_biotech_labs,Laboratorios — Biotecnológicos,final_2015_annex1_unvalidated,sector_specific_questionnaire,Laboratorios,Biotecnológicos,CONDICIONES GENERALES,6,6,SEC-BIOTECH-LABS-F2015-006,"¿Se realiza limpieza de las herramientas utilizadas con un agente desinfectante de amplio espectro (bactericida, fungicida y virucida)?",yes_no_not_applicable,binary_yes_no_na,binary_yes_no_na,not_validated_insufficient_sector_sample,"Aguilar Elena doctoral thesis (2015), Annex 1, sector-specific questionnaires",2350,2351,Use as source-preserved sector-specific instrument; do not label as validated.
sec_biotech_labs,Laboratorios — Biotecnológicos,final_2015_annex1_unvalidated,sector_specific_questionnaire,Laboratorios,Biotecnológicos,CONDICIONES GENERALES,7,7,SEC-BIOTECH-LABS-F2015-007,¿Se manipula y reutiliza material de vidrio (es preferible la utilización de material plástico que no se rompe tan fácilmente)?,yes_no_not_applicable,binary_yes_no_na,binary_yes_no_na,not_validated_insufficient_sector_sample,"Aguilar Elena doctoral thesis (2015), Annex 1, sector-specific questionnaires",2352,2353,Use as source-preserved sector-specific instrument; do not label as validated.
sec_biotech_labs,Laboratorios — Biotecnológicos,final_2015_annex1_unvalidated,sector_specific_questionnaire,Laboratorios,Biotecnológicos,CONDICIONES GENERALES,8,8,SEC-BIOTECH-LABS-F2015-008,¿Los trabajadores usan bata o uniforme de trabajo para evitar que pueda contaminarse la ropa de calle?,yes_no_not_applicable,binary_yes_no_na,binary_yes_no_na,not_validated_insufficient_sector_sample,"Aguilar Elena doctoral thesis (2015), Annex 1, sector-specific questionnaires",2354,2355,Use as source-preserved sector-specific instrument; do not label as validated.
sec_biotech_labs,Laboratorios — Biotecnológicos,final_2015_annex1_unvalidated,sector_specific_questionnaire,Laboratorios,Biotecnológicos,CONDICIONES GENERALES,9,9,SEC-BIOTECH-LABS-F2015-009,"¿Llevan bata limpia para proteger la piel y prevenir el manchado del uniforme durante los procedimientos que puedan producir salpicaduras de sangre, fluidos, secreciones o excreciones?",yes_no_not_applicable,binary_yes_no_na,binary_yes_no_na,not_validated_insufficient_sector_sample,"Aguilar Elena doctoral thesis (2015), Annex 1, sector-specific questionnaires",2356,2357,Use as source-preserved sector-specific instrument; do not label as validated.
sec_biotech_labs,Laboratorios — Biotecnológicos,final_2015_annex1_unvalidated,sector_specific_questionnaire,Laboratorios,Biotecnológicos,CONDICIONES GENERALES,10,10,SEC-BIOTECH-LABS-F2015-010,¿La bata si está muy manchada se cambia tan pronto como es posible y después se lavan las manos?,yes_no_not_applicable,binary_yes_no_na,binary_yes_no_na,not_validated_insufficient_sector_sample,"Aguilar Elena doctoral thesis (2015), Annex 1, sector-specific questionnaires",2358,2359,Use as source-preserved sector-specific instrument; do not label as validated.
sec_biotech_labs,Laboratorios — Biotecnológicos,final_2015_annex1_unvalidated,sector_specific_questionnaire,Laboratorios,Biotecnológicos,CONDICIONES GENERALES,11,11,SEC-BIOTECH-LABS-F2015-011,¿Los cortes y las heridas se cubren con apósitos impermeables?,yes_no_not_applicable,binary_yes_no_na,binary_yes_no_na,not_validated_insufficient_sector_sample,"Aguilar Elena doctoral thesis (2015), Annex 1, sector-specific questionnaires",2360,2360,Use as source-preserved sector-specific instrument; do not label as validated.
sec_biotech_labs,Laboratorios — Biotecnológicos,final_2015_annex1_unvalidated,sector_specific_questionnaire,Laboratorios,Biotecnológicos,CONDICIONES GENERALES,12,12,SEC-BIOTECH-LABS-F2015-012,"¿Se procede al lavado de manos, y de otras superficies, cuando hayan entrado en contacto con sangre u otros fluidos y siempre después de quitarse los guantes?",yes_no_not_applicable,binary_yes_no_na,binary_yes_no_na,not_validated_insufficient_sector_sample,"Aguilar Elena doctoral thesis (2015), Annex 1, sector-specific questionnaires",2361,2362,Use as source-preserved sector-specific instrument; do not label as validated.
sec_biotech_labs,Laboratorios — Biotecnológicos,final_2015_annex1_unvalidated,sector_specific_questionnaire,Laboratorios,Biotecnológicos,CONDICIONES GENERALES,13,13,SEC-BIOTECH-LABS-F2015-013,"Al salir de la zona de trabajo, ¿el trabajador se quita las ropas de trabajo y los equipos de protección individual potencialmente contaminados y sucios y los guarda en un lugar que no contiene otras prendas?",yes_no_not_applicable,binary_yes_no_na,binary_yes_no_na,not_validated_insufficient_sector_sample,"Aguilar Elena doctoral thesis (2015), Annex 1, sector-specific questionnaires",2363,2365,Use as source-preserved sector-specific instrument; do not label as validated.
sec_biotech_labs,Laboratorios — Biotecnológicos,final_2015_annex1_unvalidated,sector_specific_questionnaire,Laboratorios,Biotecnológicos,CONDICIONES GENERALES,14,14,SEC-BIOTECH-LABS-F2015-014,¿Existen instalaciones de descontaminación y lavado para ser utilizados por el personal?,yes_no_not_applicable,binary_yes_no_na,binary_yes_no_na,not_validated_insufficient_sector_sample,"Aguilar Elena doctoral thesis (2015), Annex 1, sector-specific questionnaires",2366,2366,Use as source-preserved sector-specific instrument; do not label as validated.
sec_biotech_labs,Laboratorios — Biotecnológicos,final_2015_annex1_unvalidated,sector_specific_questionnaire,Laboratorios,Biotecnológicos,CONDICIONES GENERALES,15,15,SEC-BIOTECH-LABS-F2015-015,¿Los trabajadores deben ducharse antes de abandonar la zona controlada?,yes_no_not_applicable,binary_yes_no_na,binary_yes_no_na,not_validated_insufficient_sector_sample,"Aguilar Elena doctoral thesis (2015), Annex 1, sector-specific questionnaires",2367,2367,Use as source-preserved sector-specific instrument; do not label as validated.
sec_biotech_labs,Laboratorios — Biotecnológicos,final_2015_annex1_unvalidated,sector_specific_questionnaire,Laboratorios,Biotecnológicos,CONDICIONES GENERALES,16,16,SEC-BIOTECH-LABS-F2015-016,¿Se cambia de guantes cuando estos se rompen?,yes_no_not_applicable,binary_yes_no_na,binary_yes_no_na,not_validated_insufficient_sector_sample,"Aguilar Elena doctoral thesis (2015), Annex 1, sector-specific questionnaires",2368,2368,Use as source-preserved sector-specific instrument; do not label as validated.
sec_biotech_labs,Laboratorios — Biotecnológicos,final_2015_annex1_unvalidated,sector_specific_questionnaire,Laboratorios,Biotecnológicos,CONDICIONES GENERALES,17,17,SEC-BIOTECH-LABS-F2015-017,"¿Y se utilizan los guantes en caso de extracciones, administración de tratamientos intravenosos o canalizaciones de venas?",yes_no_not_applicable,binary_yes_no_na,binary_yes_no_na,not_validated_insufficient_sector_sample,"Aguilar Elena doctoral thesis (2015), Annex 1, sector-specific questionnaires",2369,2370,Use as source-preserved sector-specific instrument; do not label as validated.
sec_biotech_labs,Laboratorios — Biotecnológicos,final_2015_annex1_unvalidated,sector_specific_questionnaire,Laboratorios,Biotecnológicos,CONDICIONES GENERALES,18,18,SEC-BIOTECH-LABS-F2015-018,"¿Se usan las mascarillas y gafas/pantallas cuando se prevé la producción de salpicaduras de sangre o fluidos biológicos a la mucosa ocular, nasal y oral?",yes_no_not_applicable,binary_yes_no_na,binary_yes_no_na,not_validated_insufficient_sector_sample,"Aguilar Elena doctoral thesis (2015), Annex 1, sector-specific questionnaires",2371,2372,Use as source-preserved sector-specific instrument; do not label as validated.
sec_biotech_labs,Laboratorios — Biotecnológicos,final_2015_annex1_unvalidated,sector_specific_questionnaire,Laboratorios,Biotecnológicos,CONDICIONES GENERALES,19,19,SEC-BIOTECH-LABS-F2015-019,¿Hay control y reposición de equipos de protección individual y tiene lugar de almacenamiento?,yes_no_not_applicable,binary_yes_no_na,binary_yes_no_na,not_validated_insufficient_sector_sample,"Aguilar Elena doctoral thesis (2015), Annex 1, sector-specific questionnaires",2373,2373,Use as source-preserved sector-specific instrument; do not label as validated.
sec_biotech_labs,Laboratorios — Biotecnológicos,final_2015_annex1_unvalidated,sector_specific_questionnaire,Laboratorios,Biotecnológicos,CONDICIONES GENERALES,20,20,SEC-BIOTECH-LABS-F2015-020,¿Los trabajadores tienen ropa de trabajo adecuada para cada tarea a realizar?,yes_no_not_applicable,binary_yes_no_na,binary_yes_no_na,not_validated_insufficient_sector_sample,"Aguilar Elena doctoral thesis (2015), Annex 1, sector-specific questionnaires",2374,2374,Use as source-preserved sector-specific instrument; do not label as validated.
sec_biotech_labs,Laboratorios — Biotecnológicos,final_2015_annex1_unvalidated,sector_specific_questionnaire,Laboratorios,Biotecnológicos,CONDICIONES GENERALES,21,21,SEC-BIOTECH-LABS-F2015-021,"¿Se usan batas, delantales, gorros, mascarillas y protección ocular en los lugares indicados, pantallas faciales de protección, y en tareas que puedan implicar salpicaduras de sangre o fluidos?",yes_no_not_applicable,binary_yes_no_na,binary_yes_no_na,not_validated_insufficient_sector_sample,"Aguilar Elena doctoral thesis (2015), Annex 1, sector-specific questionnaires",2375,2376,Use as source-preserved sector-specific instrument; do not label as validated.
sec_biotech_labs,Laboratorios — Biotecnológicos,final_2015_annex1_unvalidated,sector_specific_questionnaire,Laboratorios,Biotecnológicos,CONDICIONES GENERALES,22,22,SEC-BIOTECH-LABS-F2015-022,¿Cuándo se produzca un derrame se recogen inmediatamente?,yes_no_not_applicable,binary_yes_no_na,binary_yes_no_na,not_validated_insufficient_sector_sample,"Aguilar Elena doctoral thesis (2015), Annex 1, sector-specific questionnaires",2377,2377,Use as source-preserved sector-specific instrument; do not label as validated.
sec_biotech_labs,Laboratorios — Biotecnológicos,final_2015_annex1_unvalidated,sector_specific_questionnaire,Laboratorios,Biotecnológicos,CONDICIONES GENERALES,23,23,SEC-BIOTECH-LABS-F2015-023,"¿Se señaliza con la señal de riesgo biológico los armarios, neveras, muestras, etc. en las que se guarden material biológico?",yes_no_not_applicable,binary_yes_no_na,binary_yes_no_na,not_validated_insufficient_sector_sample,"Aguilar Elena doctoral thesis (2015), Annex 1, sector-specific questionnaires",2378,2379,Use as source-preserved sector-specific instrument; do not label as validated.
sec_biotech_labs,Laboratorios — Biotecnológicos,final_2015_annex1_unvalidated,sector_specific_questionnaire,Laboratorios,Biotecnológicos,CONDICIONES GENERALES,24,24,SEC-BIOTECH-LABS-F2015-024,¿Hay y se cumple un programa de gestión de todos los residuos generados en el lugar de trabajo?,yes_no_not_applicable,binary_yes_no_na,binary_yes_no_na,not_validated_insufficient_sector_sample,"Aguilar Elena doctoral thesis (2015), Annex 1, sector-specific questionnaires",2380,2381,Use as source-preserved sector-specific instrument; do not label as validated.
sec_biotech_labs,Laboratorios — Biotecnológicos,final_2015_annex1_unvalidated,sector_specific_questionnaire,Laboratorios,Biotecnológicos,CONDICIONES GENERALES,25,25,SEC-BIOTECH-LABS-F2015-025,¿Los efluentes de fregaderos y duchas se recogen e inactivan antes de su liberación?,yes_no_not_applicable,binary_yes_no_na,binary_yes_no_na,not_validated_insufficient_sector_sample,"Aguilar Elena doctoral thesis (2015), Annex 1, sector-specific questionnaires",2382,2382,Use as source-preserved sector-specific instrument; do not label as validated.
sec_biotech_labs,Laboratorios — Biotecnológicos,final_2015_annex1_unvalidated,sector_specific_questionnaire,Laboratorios,Biotecnológicos,CONDICIONES GENERALES,26,26,SEC-BIOTECH-LABS-F2015-026,¿La zona controlada se ventila adecuadamente para reducir al mínimo la contaminación atmosférica?,yes_no_not_applicable,binary_yes_no_na,binary_yes_no_na,not_validated_insufficient_sector_sample,"Aguilar Elena doctoral thesis (2015), Annex 1, sector-specific questionnaires",2383,2384,Use as source-preserved sector-specific instrument; do not label as validated.
sec_biotech_labs,Laboratorios — Biotecnológicos,final_2015_annex1_unvalidated,sector_specific_questionnaire,Laboratorios,Biotecnológicos,CONDICIONES GENERALES,27,27,SEC-BIOTECH-LABS-F2015-027,¿En la zona controlada se mantiene una presión del aire negativa respecto a la atmósfera?,yes_no_not_applicable,binary_yes_no_na,binary_yes_no_na,not_validated_insufficient_sector_sample,"Aguilar Elena doctoral thesis (2015), Annex 1, sector-specific questionnaires",2385,2390,Use as source-preserved sector-specific instrument; do not label as validated.
sec_biotech_labs,Laboratorios — Biotecnológicos,final_2015_annex1_unvalidated,sector_specific_questionnaire,Laboratorios,Biotecnológicos,CONDICIONES GENERALES,28,28,SEC-BIOTECH-LABS-F2015-028,¿Se tratan con filtros «HEPA» el aire de entrada y salida de la zona controlada?,yes_no_not_applicable,binary_yes_no_na,binary_yes_no_na,not_validated_insufficient_sector_sample,"Aguilar Elena doctoral thesis (2015), Annex 1, sector-specific questionnaires",2391,2391,Use as source-preserved sector-specific instrument; do not label as validated.
sec_biotech_labs,Laboratorios — Biotecnológicos,final_2015_annex1_unvalidated,sector_specific_questionnaire,Laboratorios,Biotecnológicos,CONDICIONES GENERALES,29,29,SEC-BIOTECH-LABS-F2015-029,¿Se ha diseñado la zona controlada para impedir la fuga del contenido del sistema cerrado?,yes_no_not_applicable,binary_yes_no_na,binary_yes_no_na,not_validated_insufficient_sector_sample,"Aguilar Elena doctoral thesis (2015), Annex 1, sector-specific questionnaires",2392,2392,Use as source-preserved sector-specific instrument; do not label as validated.
sec_biotech_labs,Laboratorios — Biotecnológicos,final_2015_annex1_unvalidated,sector_specific_questionnaire,Laboratorios,Biotecnológicos,CONDICIONES GENERALES,30,30,SEC-BIOTECH-LABS-F2015-030,¿Los organismos viables se mantienen en un sistema que separe el proceso del entorno?,yes_no_not_applicable,binary_yes_no_na,binary_yes_no_na,not_validated_insufficient_sector_sample,"Aguilar Elena doctoral thesis (2015), Annex 1, sector-specific questionnaires",2393,2393,Use as source-preserved sector-specific instrument; do not label as validated.
sec_biotech_labs,Laboratorios — Biotecnológicos,final_2015_annex1_unvalidated,sector_specific_questionnaire,Laboratorios,Biotecnológicos,CONDICIONES GENERALES,31,31,SEC-BIOTECH-LABS-F2015-031,¿Se controlan los gases de escape del sistema cerrado?,yes_no_not_applicable,binary_yes_no_na,binary_yes_no_na,not_validated_insufficient_sector_sample,"Aguilar Elena doctoral thesis (2015), Annex 1, sector-specific questionnaires",2394,2394,Use as source-preserved sector-specific instrument; do not label as validated.
sec_biotech_labs,Laboratorios — Biotecnológicos,final_2015_annex1_unvalidated,sector_specific_questionnaire,Laboratorios,Biotecnológicos,CONDICIONES GENERALES,32,32,SEC-BIOTECH-LABS-F2015-032,"¿Se controlan los aerosoles durante la toma de muestras, la introducción del material en un sistema cerrado o la transferencia de material a otro sistema cerrado?",yes_no_not_applicable,binary_yes_no_na,binary_yes_no_na,not_validated_insufficient_sector_sample,"Aguilar Elena doctoral thesis (2015), Annex 1, sector-specific questionnaires",2395,2396,Use as source-preserved sector-specific instrument; do not label as validated.
sec_biotech_labs,Laboratorios — Biotecnológicos,final_2015_annex1_unvalidated,sector_specific_questionnaire,Laboratorios,Biotecnológicos,CONDICIONES GENERALES,33,33,SEC-BIOTECH-LABS-F2015-033,¿Se inactiva el líquido de cultivo en masa antes de extraerlo del sistema cerrado?,yes_no_not_applicable,binary_yes_no_na,binary_yes_no_na,not_validated_insufficient_sector_sample,"Aguilar Elena doctoral thesis (2015), Annex 1, sector-specific questionnaires",2397,2397,Use as source-preserved sector-specific instrument; do not label as validated.
sec_biotech_labs,Laboratorios — Biotecnológicos,final_2015_annex1_unvalidated,sector_specific_questionnaire,Laboratorios,Biotecnológicos,CONDICIONES GENERALES,34,34,SEC-BIOTECH-LABS-F2015-034,¿Existen sistemas de cierre diseñados para minimizar o evitar la liberación?,yes_no_not_applicable,binary_yes_no_na,binary_yes_no_na,not_validated_insufficient_sector_sample,"Aguilar Elena doctoral thesis (2015), Annex 1, sector-specific questionnaires",2398,2398,Use as source-preserved sector-specific instrument; do not label as validated.
sec_biotech_labs,Laboratorios — Biotecnológicos,final_2015_annex1_unvalidated,sector_specific_questionnaire,Laboratorios,Biotecnológicos,CONDICIONES GENERALES,35,35,SEC-BIOTECH-LABS-F2015-035,¿La zona controlada tiene capacidad para contener el vertido de todo el contenido del sistema cerrado?,yes_no_not_applicable,binary_yes_no_na,binary_yes_no_na,not_validated_insufficient_sector_sample,"Aguilar Elena doctoral thesis (2015), Annex 1, sector-specific questionnaires",2399,2400,Use as source-preserved sector-specific instrument; do not label as validated.
sec_biotech_labs,Laboratorios — Biotecnológicos,final_2015_annex1_unvalidated,sector_specific_questionnaire,Laboratorios,Biotecnológicos,CONDICIONES GENERALES,36,36,SEC-BIOTECH-LABS-F2015-036,¿La zona controlada es hermética para fumigación?,yes_no_not_applicable,binary_yes_no_na,binary_yes_no_na,not_validated_insufficient_sector_sample,"Aguilar Elena doctoral thesis (2015), Annex 1, sector-specific questionnaires",2401,2401,Use as source-preserved sector-specific instrument; do not label as validated.
sec_biotech_labs,Laboratorios — Biotecnológicos,final_2015_annex1_unvalidated,sector_specific_questionnaire,Laboratorios,Biotecnológicos,CONDICIONES GENERALES,37,37,SEC-BIOTECH-LABS-F2015-037,¿Se entra en la zona a través de esclusa?,yes_no_not_applicable,binary_yes_no_na,binary_yes_no_na,not_validated_insufficient_sector_sample,"Aguilar Elena doctoral thesis (2015), Annex 1, sector-specific questionnaires",2402,2402,Use as source-preserved sector-specific instrument; do not label as validated.
sec_biotech_labs,Laboratorios — Biotecnológicos,final_2015_annex1_unvalidated,sector_specific_questionnaire,Laboratorios,Biotecnológicos,CONDICIONES GENERALES,38,38,SEC-BIOTECH-LABS-F2015-038,¿La zona controlada está en presión negativa respecto a la presión circundante?,yes_no_not_applicable,binary_yes_no_na,binary_yes_no_na,not_validated_insufficient_sector_sample,"Aguilar Elena doctoral thesis (2015), Annex 1, sector-specific questionnaires",2403,2403,Use as source-preserved sector-specific instrument; do not label as validated.
sec_biotech_labs,Laboratorios — Biotecnológicos,final_2015_annex1_unvalidated,sector_specific_questionnaire,Laboratorios,Biotecnológicos,CONDICIONES GENERALES,39,39,SEC-BIOTECH-LABS-F2015-039,¿El aire de salida y entrada de la zona es filtrado con filtros HEPA?,yes_no_not_applicable,binary_yes_no_na,binary_yes_no_na,not_validated_insufficient_sector_sample,"Aguilar Elena doctoral thesis (2015), Annex 1, sector-specific questionnaires",2404,2404,Use as source-preserved sector-specific instrument; do not label as validated.
sec_biotech_labs,Laboratorios — Biotecnológicos,final_2015_annex1_unvalidated,sector_specific_questionnaire,Laboratorios,Biotecnológicos,CONDICIONES GENERALES,40,40,SEC-BIOTECH-LABS-F2015-040,"¿Se dispone de protocolo de actuación, y de primeros auxilios, en caso de accidentes que pueden causar exposición a agentes biológicos (salpicadura de fluidos, cortes o heridas)?",yes_no_not_applicable,binary_yes_no_na,binary_yes_no_na,not_validated_insufficient_sector_sample,"Aguilar Elena doctoral thesis (2015), Annex 1, sector-specific questionnaires",2405,2406,Use as source-preserved sector-specific instrument; do not label as validated.
sec_biotech_labs,Laboratorios — Biotecnológicos,final_2015_annex1_unvalidated,sector_specific_questionnaire,Laboratorios,Biotecnológicos,CONDICIONES GENERALES,41,41,SEC-BIOTECH-LABS-F2015-041,¿Todas las tareas están protocolizadas o procedimentadas?,yes_no_not_applicable,binary_yes_no_na,binary_yes_no_na,not_validated_insufficient_sector_sample,"Aguilar Elena doctoral thesis (2015), Annex 1, sector-specific questionnaires",2407,2407,Use as source-preserved sector-specific instrument; do not label as validated.
sec_biotech_labs,Laboratorios — Biotecnológicos,final_2015_annex1_unvalidated,sector_specific_questionnaire,Laboratorios,Biotecnológicos,CONDICIONES GENERALES,42,42,SEC-BIOTECH-LABS-F2015-042,¿Hay un manual de seguridad biológica disponible para la consulta de los trabajadores?,yes_no_not_applicable,binary_yes_no_na,binary_yes_no_na,not_validated_insufficient_sector_sample,"Aguilar Elena doctoral thesis (2015), Annex 1, sector-specific questionnaires",2408,2408,Use as source-preserved sector-specific instrument; do not label as validated.
sec_biotech_labs,Laboratorios — Biotecnológicos,final_2015_annex1_unvalidated,sector_specific_questionnaire,Laboratorios,Biotecnológicos,CONDICIONES GENERALES,43,43,SEC-BIOTECH-LABS-F2015-043,"¿En todos los protocolos o procedimientos de trabajo se incluye información sobre los riesgos de los productos y operaciones, y las medidas de seguridad y protección a aplicar?",yes_no_not_applicable,binary_yes_no_na,binary_yes_no_na,not_validated_insufficient_sector_sample,"Aguilar Elena doctoral thesis (2015), Annex 1, sector-specific questionnaires",2409,2410,Use as source-preserved sector-specific instrument; do not label as validated.
sec_biotech_labs,Laboratorios — Biotecnológicos,final_2015_annex1_unvalidated,sector_specific_questionnaire,Laboratorios,Biotecnológicos,CONDICIONES GENERALES,44,44,SEC-BIOTECH-LABS-F2015-044,¿Se cumple el protocolo para la manipulación de los animales con riesgo especial y/o para la manipulación del material biológico procedente de los mismos?,yes_no_not_applicable,binary_yes_no_na,binary_yes_no_na,not_validated_insufficient_sector_sample,"Aguilar Elena doctoral thesis (2015), Annex 1, sector-specific questionnaires",2411,2412,Use as source-preserved sector-specific instrument; do not label as validated.
sec_biotech_labs,Laboratorios — Biotecnológicos,final_2015_annex1_unvalidated,sector_specific_questionnaire,Laboratorios,Biotecnológicos,CONDICIONES GENERALES,45,45,SEC-BIOTECH-LABS-F2015-045,¿Hay programas establecidos de desinsectación?,yes_no_not_applicable,binary_yes_no_na,binary_yes_no_na,not_validated_insufficient_sector_sample,"Aguilar Elena doctoral thesis (2015), Annex 1, sector-specific questionnaires",2413,2413,Use as source-preserved sector-specific instrument; do not label as validated.
sec_biotech_labs,Laboratorios — Biotecnológicos,final_2015_annex1_unvalidated,sector_specific_questionnaire,Laboratorios,Biotecnológicos,CONDICIONES GENERALES,46,46,SEC-BIOTECH-LABS-F2015-046,¿Los microorganismos son manipulados en un sistema que separe físicamente el proceso del medio ambiente?,yes_no_not_applicable,binary_yes_no_na,binary_yes_no_na,not_validated_insufficient_sector_sample,"Aguilar Elena doctoral thesis (2015), Annex 1, sector-specific questionnaires",2414,2415,Use as source-preserved sector-specific instrument; do not label as validated.
sec_biotech_labs,Laboratorios — Biotecnológicos,final_2015_annex1_unvalidated,sector_specific_questionnaire,Laboratorios,Biotecnológicos,CONDICIONES GENERALES,47,47,SEC-BIOTECH-LABS-F2015-047,¿Se tratan los gases de escape del sistema cerrado para minimizar o impedir la liberación?,yes_no_not_applicable,binary_yes_no_na,binary_yes_no_na,not_validated_insufficient_sector_sample,"Aguilar Elena doctoral thesis (2015), Annex 1, sector-specific questionnaires",2416,2416,Use as source-preserved sector-specific instrument; do not label as validated.
sec_biotech_labs,Laboratorios — Biotecnológicos,final_2015_annex1_unvalidated,sector_specific_questionnaire,Laboratorios,Biotecnológicos,CONDICIONES GENERALES,48,48,SEC-BIOTECH-LABS-F2015-048,"¿La toma de muestras, la adición de materiales a un sistema cerrado y la transferencia de organismos viables a otro sistema cerrado permite realizarse de un modo que permita minimizar o impedir la liberación?",yes_no_not_applicable,binary_yes_no_na,binary_yes_no_na,not_validated_insufficient_sector_sample,"Aguilar Elena doctoral thesis (2015), Annex 1, sector-specific questionnaires",2417,2419,Use as source-preserved sector-specific instrument; do not label as validated.
sec_biotech_labs,Laboratorios — Biotecnológicos,final_2015_annex1_unvalidated,sector_specific_questionnaire,Laboratorios,Biotecnológicos,CONDICIONES GENERALES,49,49,SEC-BIOTECH-LABS-F2015-049,¿Los fluidos de grandes cultivos se retiran del sistema cerrado a menos que los microorganismos viables hayan sido inactivados mediante medios físicos o químicos de eficacia probada?,yes_no_not_applicable,binary_yes_no_na,binary_yes_no_na,not_validated_insufficient_sector_sample,"Aguilar Elena doctoral thesis (2015), Annex 1, sector-specific questionnaires",2420,2422,Use as source-preserved sector-specific instrument; do not label as validated.
sec_biotech_labs,Laboratorios — Biotecnológicos,final_2015_annex1_unvalidated,sector_specific_questionnaire,Laboratorios,Biotecnológicos,CONDICIONES GENERALES,50,50,SEC-BIOTECH-LABS-F2015-050,¿Los precintos se diseñan con el fin de minimizar o impedir la liberación?,yes_no_not_applicable,binary_yes_no_na,binary_yes_no_na,not_validated_insufficient_sector_sample,"Aguilar Elena doctoral thesis (2015), Annex 1, sector-specific questionnaires",2423,2423,Use as source-preserved sector-specific instrument; do not label as validated.
sec_biotech_labs,Laboratorios — Biotecnológicos,final_2015_annex1_unvalidated,sector_specific_questionnaire,Laboratorios,Biotecnológicos,CONDICIONES GENERALES,51,51,SEC-BIOTECH-LABS-F2015-051,¿Los sistemas cerrados se ubican en una zona controlada?,yes_no_not_applicable,binary_yes_no_na,binary_yes_no_na,not_validated_insufficient_sector_sample,"Aguilar Elena doctoral thesis (2015), Annex 1, sector-specific questionnaires",2424,2424,Use as source-preserved sector-specific instrument; do not label as validated.
sec_biotech_labs,Laboratorios — Biotecnológicos,final_2015_annex1_unvalidated,sector_specific_questionnaire,Laboratorios,Biotecnológicos,EXPOSICIÓN A RESIDUOS O FLUIDOS BIOLÓGICOS,52,52,SEC-BIOTECH-LABS-F2015-052,¿La utilización de agujas hipodérmicas está restringida?,yes_no_not_applicable,binary_yes_no_na,binary_yes_no_na,not_validated_insufficient_sector_sample,"Aguilar Elena doctoral thesis (2015), Annex 1, sector-specific questionnaires",2426,2426,Use as source-preserved sector-specific instrument; do not label as validated.
sec_biotech_labs,Laboratorios — Biotecnológicos,final_2015_annex1_unvalidated,sector_specific_questionnaire,Laboratorios,Biotecnológicos,EXPOSICIÓN A RESIDUOS O FLUIDOS BIOLÓGICOS,53,53,SEC-BIOTECH-LABS-F2015-053,¿No se reencapsulan nunca las agujas?,yes_no_not_applicable,binary_yes_no_na,binary_yes_no_na,not_validated_insufficient_sector_sample,"Aguilar Elena doctoral thesis (2015), Annex 1, sector-specific questionnaires",2427,2427,Use as source-preserved sector-specific instrument; do not label as validated.
sec_biotech_labs,Laboratorios — Biotecnológicos,final_2015_annex1_unvalidated,sector_specific_questionnaire,Laboratorios,Biotecnológicos,EXPOSICIÓN A RESIDUOS O FLUIDOS BIOLÓGICOS,54,54,SEC-BIOTECH-LABS-F2015-054,¿Se procede siempre a la retirada inmediata del conjunto aguja – jeringa?,yes_no_not_applicable,binary_yes_no_na,binary_yes_no_na,not_validated_insufficient_sector_sample,"Aguilar Elena doctoral thesis (2015), Annex 1, sector-specific questionnaires",2428,2428,Use as source-preserved sector-specific instrument; do not label as validated.
sec_biotech_labs,Laboratorios — Biotecnológicos,final_2015_annex1_unvalidated,sector_specific_questionnaire,Laboratorios,Biotecnológicos,EXPOSICIÓN A RESIDUOS O FLUIDOS BIOLÓGICOS,55,55,SEC-BIOTECH-LABS-F2015-055,¿Los objetos punzantes y/o cortantes se manejan con extremo cuidado?,yes_no_not_applicable,binary_yes_no_na,binary_yes_no_na,not_validated_insufficient_sector_sample,"Aguilar Elena doctoral thesis (2015), Annex 1, sector-specific questionnaires",2429,2429,Use as source-preserved sector-specific instrument; do not label as validated.
sec_biotech_labs,Laboratorios — Biotecnológicos,final_2015_annex1_unvalidated,sector_specific_questionnaire,Laboratorios,Biotecnológicos,EXPOSICIÓN A RESIDUOS O FLUIDOS BIOLÓGICOS,56,56,SEC-BIOTECH-LABS-F2015-056,"¿Se evita el uso de agujas cuando existen alternativas seguras y efectivas (agujas con dispositivos de seguridad,...)?",yes_no_not_applicable,binary_yes_no_na,binary_yes_no_na,not_validated_insufficient_sector_sample,"Aguilar Elena doctoral thesis (2015), Annex 1, sector-specific questionnaires",2430,2431,Use as source-preserved sector-specific instrument; do not label as validated.
sec_biotech_labs,Laboratorios — Biotecnológicos,final_2015_annex1_unvalidated,sector_specific_questionnaire,Laboratorios,Biotecnológicos,EXPOSICIÓN A RESIDUOS O FLUIDOS BIOLÓGICOS,57,57,SEC-BIOTECH-LABS-F2015-057,"¿Se utiliza, para la eliminación de agujas y material cortante, un contenedor rígido adecuado que se encuentra en las inmediaciones para su eliminación?",yes_no_not_applicable,binary_yes_no_na,binary_yes_no_na,not_validated_insufficient_sector_sample,"Aguilar Elena doctoral thesis (2015), Annex 1, sector-specific questionnaires",2432,2433,Use as source-preserved sector-specific instrument; do not label as validated.
sec_biotech_labs,Laboratorios — Biotecnológicos,final_2015_annex1_unvalidated,sector_specific_questionnaire,Laboratorios,Biotecnológicos,EXPOSICIÓN A RESIDUOS O FLUIDOS BIOLÓGICOS,58,58,SEC-BIOTECH-LABS-F2015-058,"¿Las superficies de trabajo se descontaminan, al menos, una vez al día y siempre que se produzca un derrame de material que pueda ser infeccioso?",yes_no_not_applicable,binary_yes_no_na,binary_yes_no_na,not_validated_insufficient_sector_sample,"Aguilar Elena doctoral thesis (2015), Annex 1, sector-specific questionnaires",2434,2435,Use as source-preserved sector-specific instrument; do not label as validated.
sec_biotech_labs,Laboratorios — Biotecnológicos,final_2015_annex1_unvalidated,sector_specific_questionnaire,Laboratorios,Biotecnológicos,ENTRENAMIENTO Y EXPERIENCIA DEL PERSONAL,59,59,SEC-BIOTECH-LABS-F2015-059,"¿El personal expuesto a riesgo dispone de procedimientos claros y definidos para conducir sus responsabilidades, identificando los peligros involucrados y son adiestrados en implementar los dispositivos de seguridad requeridos?",yes_no_not_applicable,binary_yes_no_na,binary_yes_no_na,not_validated_insufficient_sector_sample,"Aguilar Elena doctoral thesis (2015), Annex 1, sector-specific questionnaires",2437,2440,Use as source-preserved sector-specific instrument; do not label as validated.
sec_waste_maintenance,Plantas de tratamiento de residuos — Mantenimiento,final_2015_annex1_unvalidated,sector_specific_questionnaire,Plantas de tratamiento de residuos,Mantenimiento,CONDICIONES GENERALES,1,1,SEC-WASTE-MAINTENANCE-F2015-001,"¿Está prohibido comer, beber o fumar mientras se realizan las tareas de mantenimiento?",yes_no_not_applicable,binary_yes_no_na,binary_yes_no_na,not_validated_insufficient_sector_sample,"Aguilar Elena doctoral thesis (2015), Annex 1, sector-specific questionnaires",2460,2460,Use as source-preserved sector-specific instrument; do not label as validated.
sec_waste_maintenance,Plantas de tratamiento de residuos — Mantenimiento,final_2015_annex1_unvalidated,sector_specific_questionnaire,Plantas de tratamiento de residuos,Mantenimiento,CONDICIONES GENERALES,2,2,SEC-WASTE-MAINTENANCE-F2015-002,"¿Se lavan las manos antes de ir a comer y antes de beber, fumar,...?",yes_no_not_applicable,binary_yes_no_na,binary_yes_no_na,not_validated_insufficient_sector_sample,"Aguilar Elena doctoral thesis (2015), Annex 1, sector-specific questionnaires",2461,2461,Use as source-preserved sector-specific instrument; do not label as validated.
sec_waste_maintenance,Plantas de tratamiento de residuos — Mantenimiento,final_2015_annex1_unvalidated,sector_specific_questionnaire,Plantas de tratamiento de residuos,Mantenimiento,CONDICIONES GENERALES,3,3,SEC-WASTE-MAINTENANCE-F2015-003,¿Tienen un vestuario adecuado con duchas de agua caliente y fría?,yes_no_not_applicable,binary_yes_no_na,binary_yes_no_na,not_validated_insufficient_sector_sample,"Aguilar Elena doctoral thesis (2015), Annex 1, sector-specific questionnaires",2462,2462,Use as source-preserved sector-specific instrument; do not label as validated.
sec_waste_maintenance,Plantas de tratamiento de residuos — Mantenimiento,final_2015_annex1_unvalidated,sector_specific_questionnaire,Plantas de tratamiento de residuos,Mantenimiento,CONDICIONES GENERALES,4,4,SEC-WASTE-MAINTENANCE-F2015-004,"¿Tienen 10 minutos para cambiarse de ropa y lavarse, antes y después de la jornada laboral?",yes_no_not_applicable,binary_yes_no_na,binary_yes_no_na,not_validated_insufficient_sector_sample,"Aguilar Elena doctoral thesis (2015), Annex 1, sector-specific questionnaires",2463,2463,Use as source-preserved sector-specific instrument; do not label as validated.
sec_waste_maintenance,Plantas de tratamiento de residuos — Mantenimiento,final_2015_annex1_unvalidated,sector_specific_questionnaire,Plantas de tratamiento de residuos,Mantenimiento,CONDICIONES GENERALES,5,5,SEC-WASTE-MAINTENANCE-F2015-005,"¿Se duchan después de la jornada de trabajo, antes de volver a casa?",yes_no_not_applicable,binary_yes_no_na,binary_yes_no_na,not_validated_insufficient_sector_sample,"Aguilar Elena doctoral thesis (2015), Annex 1, sector-specific questionnaires",2464,2464,Use as source-preserved sector-specific instrument; do not label as validated.
sec_waste_maintenance,Plantas de tratamiento de residuos — Mantenimiento,final_2015_annex1_unvalidated,sector_specific_questionnaire,Plantas de tratamiento de residuos,Mantenimiento,CONDICIONES GENERALES,6,6,SEC-WASTE-MAINTENANCE-F2015-006,¿Disponen de jabón antibacteriano?,yes_no_not_applicable,binary_yes_no_na,binary_yes_no_na,not_validated_insufficient_sector_sample,"Aguilar Elena doctoral thesis (2015), Annex 1, sector-specific questionnaires",2465,2465,Use as source-preserved sector-specific instrument; do not label as validated.
sec_waste_maintenance,Plantas de tratamiento de residuos — Mantenimiento,final_2015_annex1_unvalidated,sector_specific_questionnaire,Plantas de tratamiento de residuos,Mantenimiento,CONDICIONES GENERALES,7,7,SEC-WASTE-MAINTENANCE-F2015-007,¿Están informados de los riesgos a los que se exponen cuando acceden a un área para realizar algún trabajo?,yes_no_not_applicable,binary_yes_no_na,binary_yes_no_na,not_validated_insufficient_sector_sample,"Aguilar Elena doctoral thesis (2015), Annex 1, sector-specific questionnaires",2466,2467,Use as source-preserved sector-specific instrument; do not label as validated.
sec_waste_maintenance,Plantas de tratamiento de residuos — Mantenimiento,final_2015_annex1_unvalidated,sector_specific_questionnaire,Plantas de tratamiento de residuos,Mantenimiento,CONDICIONES GENERALES,8,8,SEC-WASTE-MAINTENANCE-F2015-008,"¿La ropa de trabajo no se puede llevar a casa para su lavado, del lavado de esta ropa se encarga el empresario?",yes_no_not_applicable,binary_yes_no_na,binary_yes_no_na,not_validated_insufficient_sector_sample,"Aguilar Elena doctoral thesis (2015), Annex 1, sector-specific questionnaires",2468,2469,Use as source-preserved sector-specific instrument; do not label as validated.
sec_waste_maintenance,Plantas de tratamiento de residuos — Mantenimiento,final_2015_annex1_unvalidated,sector_specific_questionnaire,Plantas de tratamiento de residuos,Mantenimiento,CONDICIONES GENERALES,9,9,SEC-WASTE-MAINTENANCE-F2015-009,¿Tienen un vestuario adecuado con taquillas dobles para evitar que la ropa de trabajo se mezcle la ropa de trabajo con la ropa de calle?,yes_no_not_applicable,binary_yes_no_na,binary_yes_no_na,not_validated_insufficient_sector_sample,"Aguilar Elena doctoral thesis (2015), Annex 1, sector-specific questionnaires",2470,2471,Use as source-preserved sector-specific instrument; do not label as validated.
sec_waste_maintenance,Plantas de tratamiento de residuos — Mantenimiento,final_2015_annex1_unvalidated,sector_specific_questionnaire,Plantas de tratamiento de residuos,Mantenimiento,CONDICIONES GENERALES,10,10,SEC-WASTE-MAINTENANCE-F2015-010,¿Las heridas ocasionadas en el transcurso de las tareas se curan de inmediato?,yes_no_not_applicable,binary_yes_no_na,binary_yes_no_na,not_validated_insufficient_sector_sample,"Aguilar Elena doctoral thesis (2015), Annex 1, sector-specific questionnaires",2472,2472,Use as source-preserved sector-specific instrument; do not label as validated.
sec_waste_maintenance,Plantas de tratamiento de residuos — Mantenimiento,final_2015_annex1_unvalidated,sector_specific_questionnaire,Plantas de tratamiento de residuos,Mantenimiento,CONDICIONES GENERALES,11,11,SEC-WASTE-MAINTENANCE-F2015-011,¿Antes de efectuar cualquier trabajo de mantenimiento deberá hacerse una valoración del riesgo y adoptar la protección adecuada del mismo?,yes_no_not_applicable,binary_yes_no_na,binary_yes_no_na,not_validated_insufficient_sector_sample,"Aguilar Elena doctoral thesis (2015), Annex 1, sector-specific questionnaires",2473,2474,Use as source-preserved sector-specific instrument; do not label as validated.
sec_waste_maintenance,Plantas de tratamiento de residuos — Mantenimiento,final_2015_annex1_unvalidated,sector_specific_questionnaire,Plantas de tratamiento de residuos,Mantenimiento,CONDICIONES GENERALES,12,12,SEC-WASTE-MAINTENANCE-F2015-012,"¿Las herramientas de trabajo que puedan estar en contacto con material susceptible de estar contaminado, se desinfectan adecuadamente?",yes_no_not_applicable,binary_yes_no_na,binary_yes_no_na,not_validated_insufficient_sector_sample,"Aguilar Elena doctoral thesis (2015), Annex 1, sector-specific questionnaires",2475,2476,Use as source-preserved sector-specific instrument; do not label as validated.
sec_waste_maintenance,Plantas de tratamiento de residuos — Mantenimiento,final_2015_annex1_unvalidated,sector_specific_questionnaire,Plantas de tratamiento de residuos,Mantenimiento,CONDICIONES GENERALES,13,13,SEC-WASTE-MAINTENANCE-F2015-013,"¿Se usan guantes de protección al corte en aquellos trabajos que puedan producirse cortes o cuando exista la posibilidad de encontrar agujas, etc¿",yes_no_not_applicable,binary_yes_no_na,binary_yes_no_na,not_validated_insufficient_sector_sample,"Aguilar Elena doctoral thesis (2015), Annex 1, sector-specific questionnaires",2477,2478,Use as source-preserved sector-specific instrument; do not label as validated.
sec_waste_maintenance,Plantas de tratamiento de residuos — Mantenimiento,final_2015_annex1_unvalidated,sector_specific_questionnaire,Plantas de tratamiento de residuos,Mantenimiento,CONDICIONES GENERALES,14,14,SEC-WASTE-MAINTENANCE-F2015-014,¿Se usan guantes de protección biológica (látex o análogo) cuando se mantiene contacto con material que pueda estar contaminado?,yes_no_not_applicable,binary_yes_no_na,binary_yes_no_na,not_validated_insufficient_sector_sample,"Aguilar Elena doctoral thesis (2015), Annex 1, sector-specific questionnaires",2479,2480,Use as source-preserved sector-specific instrument; do not label as validated.
sec_waste_maintenance,Plantas de tratamiento de residuos — Mantenimiento,final_2015_annex1_unvalidated,sector_specific_questionnaire,Plantas de tratamiento de residuos,Mantenimiento,CONDICIONES GENERALES,15,15,SEC-WASTE-MAINTENANCE-F2015-015,¿Se usan pantallas cuando se prevea que pueden producirse salpicaduras o protección de material contaminado?,yes_no_not_applicable,binary_yes_no_na,binary_yes_no_na,not_validated_insufficient_sector_sample,"Aguilar Elena doctoral thesis (2015), Annex 1, sector-specific questionnaires",2481,2482,Use as source-preserved sector-specific instrument; do not label as validated.
sec_waste_maintenance,Plantas de tratamiento de residuos — Mantenimiento,final_2015_annex1_unvalidated,sector_specific_questionnaire,Plantas de tratamiento de residuos,Mantenimiento,CONDICIONES GENERALES,16,16,SEC-WASTE-MAINTENANCE-F2015-016,¿Se usan mascarillas cuando se prevé la formación de aerosoles y siempre que se proceda a realizar revisiones y/o reparaciones en sistemas de aire acondicionado?,yes_no_not_applicable,binary_yes_no_na,binary_yes_no_na,not_validated_insufficient_sector_sample,"Aguilar Elena doctoral thesis (2015), Annex 1, sector-specific questionnaires",2483,2484,Use as source-preserved sector-specific instrument; do not label as validated.
sec_waste_maintenance,Plantas de tratamiento de residuos — Mantenimiento,final_2015_annex1_unvalidated,sector_specific_questionnaire,Plantas de tratamiento de residuos,Mantenimiento,CONDICIONES GENERALES,17,17,SEC-WASTE-MAINTENANCE-F2015-017,¿Los equipos de protección personal se lavan y desinfectan antes de guardarlos?,yes_no_not_applicable,binary_yes_no_na,binary_yes_no_na,not_validated_insufficient_sector_sample,"Aguilar Elena doctoral thesis (2015), Annex 1, sector-specific questionnaires",2485,2485,Use as source-preserved sector-specific instrument; do not label as validated.
sec_waste_maintenance,Plantas de tratamiento de residuos — Mantenimiento,final_2015_annex1_unvalidated,sector_specific_questionnaire,Plantas de tratamiento de residuos,Mantenimiento,CONDICIONES GENERALES,18,18,SEC-WASTE-MAINTENANCE-F2015-018,¿Se ha impartido formación respecto al riesgo biológico que pueden suponer determinadas tareas?,yes_no_not_applicable,binary_yes_no_na,binary_yes_no_na,not_validated_insufficient_sector_sample,"Aguilar Elena doctoral thesis (2015), Annex 1, sector-specific questionnaires",2486,2487,Use as source-preserved sector-specific instrument; do not label as validated.
sec_waste_maintenance,Plantas de tratamiento de residuos — Mantenimiento,final_2015_annex1_unvalidated,sector_specific_questionnaire,Plantas de tratamiento de residuos,Mantenimiento,CONDICIONES GENERALES,19,19,SEC-WASTE-MAINTENANCE-F2015-019,¿Hay manuales o protocolos que definen como se realizan las tareas que implican riesgo biológico?,yes_no_not_applicable,binary_yes_no_na,binary_yes_no_na,not_validated_insufficient_sector_sample,"Aguilar Elena doctoral thesis (2015), Annex 1, sector-specific questionnaires",2488,2490,Use as source-preserved sector-specific instrument; do not label as validated.
sec_waste_treatment,Plantas de tratamiento de residuos — Planta de tratamiento de residuos,final_2015_annex1_unvalidated,sector_specific_questionnaire,Plantas de tratamiento de residuos,Planta de tratamiento de residuos,CONDICIONES GENERALES,1,1,SEC-WASTE-TREATMENT-F2015-001,"¿Se tiene en cuenta que los procesos de trabajo eviten o reduzcan sensiblemente la liberación de contaminantes biológicos en el lugar de trabajo (generación de polvo o aerosoles generados, sistemas de aireación) y el contacto de los trabajadores con ellos? El riesgo de contaminación por la vía respiratoria es mayor en las zonas con posibilidad de generación de aerosoles, sobretodo en la proximidad de los sistemas de aireación.",yes_no_not_applicable,binary_yes_no_na,binary_yes_no_na,not_validated_insufficient_sector_sample,"Aguilar Elena doctoral thesis (2015), Annex 1, sector-specific questionnaires",2508,2513,Use as source-preserved sector-specific instrument; do not label as validated.
sec_waste_treatment,Plantas de tratamiento de residuos — Planta de tratamiento de residuos,final_2015_annex1_unvalidated,sector_specific_questionnaire,Plantas de tratamiento de residuos,Planta de tratamiento de residuos,CONDICIONES GENERALES,2,2,SEC-WASTE-TREATMENT-F2015-002,"¿Se evita la manipulación de los lixiviados? Si no es posible, se utilizan equipos de protección individual",yes_no_not_applicable,binary_yes_no_na,binary_yes_no_na,not_validated_insufficient_sector_sample,"Aguilar Elena doctoral thesis (2015), Annex 1, sector-specific questionnaires",2514,2516,Use as source-preserved sector-specific instrument; do not label as validated.
sec_waste_treatment,Plantas de tratamiento de residuos — Planta de tratamiento de residuos,final_2015_annex1_unvalidated,sector_specific_questionnaire,Plantas de tratamiento de residuos,Planta de tratamiento de residuos,CONDICIONES GENERALES,3,3,SEC-WASTE-TREATMENT-F2015-003,"¿Se utilizan EPI´s en las operaciones de mantenimiento (eliminación de obstrucciones, etc…), limpieza de camiones, zonas de almacenamiento?",yes_no_not_applicable,binary_yes_no_na,binary_yes_no_na,not_validated_insufficient_sector_sample,"Aguilar Elena doctoral thesis (2015), Annex 1, sector-specific questionnaires",2517,2518,Use as source-preserved sector-specific instrument; do not label as validated.
sec_waste_treatment,Plantas de tratamiento de residuos — Planta de tratamiento de residuos,final_2015_annex1_unvalidated,sector_specific_questionnaire,Plantas de tratamiento de residuos,Planta de tratamiento de residuos,CONDICIONES GENERALES,4,4,SEC-WASTE-TREATMENT-F2015-004,"¿Las zonas contaminadas con material pulverulento, así como los equipos de protección individual no desechables, se limpian periódicamente y de forma completa con agua y jabón?",yes_no_not_applicable,binary_yes_no_na,binary_yes_no_na,not_validated_insufficient_sector_sample,"Aguilar Elena doctoral thesis (2015), Annex 1, sector-specific questionnaires",2519,2520,Use as source-preserved sector-specific instrument; do not label as validated.
sec_waste_treatment,Plantas de tratamiento de residuos — Planta de tratamiento de residuos,final_2015_annex1_unvalidated,sector_specific_questionnaire,Plantas de tratamiento de residuos,Planta de tratamiento de residuos,CONDICIONES GENERALES,5,5,SEC-WASTE-TREATMENT-F2015-005,"¿El personal que opera en la planta de tratamiento de residuos utiliza ropa de trabajo adecuada, calzado de goma y otras prendas de protección?",yes_no_not_applicable,binary_yes_no_na,binary_yes_no_na,not_validated_insufficient_sector_sample,"Aguilar Elena doctoral thesis (2015), Annex 1, sector-specific questionnaires",2521,2522,Use as source-preserved sector-specific instrument; do not label as validated.
sec_waste_treatment,Plantas de tratamiento de residuos — Planta de tratamiento de residuos,final_2015_annex1_unvalidated,sector_specific_questionnaire,Plantas de tratamiento de residuos,Planta de tratamiento de residuos,CONDICIONES GENERALES DE LA ZONA DE TRIAJE,6,6,SEC-WASTE-TREATMENT-F2015-006,¿Se limpian periódicamente las instalaciones?,yes_no_not_applicable,binary_yes_no_na,binary_yes_no_na,not_validated_insufficient_sector_sample,"Aguilar Elena doctoral thesis (2015), Annex 1, sector-specific questionnaires",2524,2525,Use as source-preserved sector-specific instrument; do not label as validated.
sec_waste_treatment,Plantas de tratamiento de residuos — Planta de tratamiento de residuos,final_2015_annex1_unvalidated,sector_specific_questionnaire,Plantas de tratamiento de residuos,Planta de tratamiento de residuos,CONDICIONES GENERALES DE LA ZONA DE TRIAJE,7,7,SEC-WASTE-TREATMENT-F2015-007,¿Existen lavaojos por todo el centro de trabajo?,yes_no_not_applicable,binary_yes_no_na,binary_yes_no_na,not_validated_insufficient_sector_sample,"Aguilar Elena doctoral thesis (2015), Annex 1, sector-specific questionnaires",2526,2526,Use as source-preserved sector-specific instrument; do not label as validated.
sec_waste_treatment,Plantas de tratamiento de residuos — Planta de tratamiento de residuos,final_2015_annex1_unvalidated,sector_specific_questionnaire,Plantas de tratamiento de residuos,Planta de tratamiento de residuos,CONDICIONES GENERALES DE LA ZONA DE TRIAJE,8,8,SEC-WASTE-TREATMENT-F2015-008,¿Los lavaojos están señalizados e identificados?,yes_no_not_applicable,binary_yes_no_na,binary_yes_no_na,not_validated_insufficient_sector_sample,"Aguilar Elena doctoral thesis (2015), Annex 1, sector-specific questionnaires",2527,2527,Use as source-preserved sector-specific instrument; do not label as validated.
sec_waste_treatment,Plantas de tratamiento de residuos — Planta de tratamiento de residuos,final_2015_annex1_unvalidated,sector_specific_questionnaire,Plantas de tratamiento de residuos,Planta de tratamiento de residuos,CONDICIONES GENERALES DE LA ZONA DE TRIAJE,9,9,SEC-WASTE-TREATMENT-F2015-009,"¿El mobiliario es robusto y hay espacio suficiente, entre ellos, para facilitar la limpieza?",yes_no_not_applicable,binary_yes_no_na,binary_yes_no_na,not_validated_insufficient_sector_sample,"Aguilar Elena doctoral thesis (2015), Annex 1, sector-specific questionnaires",2528,2529,Use as source-preserved sector-specific instrument; do not label as validated.
sec_compost,Plantas de tratamiento de residuos — Plantas de compostaje,final_2015_annex1_unvalidated,sector_specific_questionnaire,Plantas de tratamiento de residuos,Plantas de compostaje,CONDICIONES GENERALES,1,1,SEC-COMPOST-F2015-001,¿Se evita la generación de aerosoles o polvo procedente de materia orgánica?,yes_no_not_applicable,binary_yes_no_na,binary_yes_no_na,not_validated_insufficient_sector_sample,"Aguilar Elena doctoral thesis (2015), Annex 1, sector-specific questionnaires",2547,2547,Use as source-preserved sector-specific instrument; do not label as validated.
sec_compost,Plantas de tratamiento de residuos — Plantas de compostaje,final_2015_annex1_unvalidated,sector_specific_questionnaire,Plantas de tratamiento de residuos,Plantas de compostaje,CONDICIONES GENERALES,2,2,SEC-COMPOST-F2015-002,"¿La maquinaria está equipada con un dispositivo que permita la evacuación, en circuito cerrado, de las aguas residuales?",yes_no_not_applicable,binary_yes_no_na,binary_yes_no_na,not_validated_insufficient_sector_sample,"Aguilar Elena doctoral thesis (2015), Annex 1, sector-specific questionnaires",2548,2549,Use as source-preserved sector-specific instrument; do not label as validated.
sec_compost,Plantas de tratamiento de residuos — Plantas de compostaje,final_2015_annex1_unvalidated,sector_specific_questionnaire,Plantas de tratamiento de residuos,Plantas de compostaje,CONDICIONES GENERALES,3,3,SEC-COMPOST-F2015-003,"¿Los sistemas de carga y descarga de los lugares de almacenamiento minimizan la manipulación manual y la generación de polvo mediante, por ejemplo el uso de palas de carga frontal o cintas elevadoras de goma?",yes_no_not_applicable,binary_yes_no_na,binary_yes_no_na,not_validated_insufficient_sector_sample,"Aguilar Elena doctoral thesis (2015), Annex 1, sector-specific questionnaires",2550,2552,Use as source-preserved sector-specific instrument; do not label as validated.
sec_compost,Plantas de tratamiento de residuos — Plantas de compostaje,final_2015_annex1_unvalidated,sector_specific_questionnaire,Plantas de tratamiento de residuos,Plantas de compostaje,CONDICIONES GENERALES,4,4,SEC-COMPOST-F2015-004,"¿Se reduce al mínimo la exposición a aerosoles y polvos, protegiéndoles la cara (ojos, nariz y boca)?",yes_no_not_applicable,binary_yes_no_na,binary_yes_no_na,not_validated_insufficient_sector_sample,"Aguilar Elena doctoral thesis (2015), Annex 1, sector-specific questionnaires",2553,2554,Use as source-preserved sector-specific instrument; do not label as validated.
sec_compost,Plantas de tratamiento de residuos — Plantas de compostaje,final_2015_annex1_unvalidated,sector_specific_questionnaire,Plantas de tratamiento de residuos,Plantas de compostaje,CONDICIONES GENERALES,5,5,SEC-COMPOST-F2015-005,"¿Se realizan los procesos de forma cerrada, utilizando instalaciones adecuadamente diseñadas?",yes_no_not_applicable,binary_yes_no_na,binary_yes_no_na,not_validated_insufficient_sector_sample,"Aguilar Elena doctoral thesis (2015), Annex 1, sector-specific questionnaires",2555,2555,Use as source-preserved sector-specific instrument; do not label as validated.
sec_compost,Plantas de tratamiento de residuos — Plantas de compostaje,final_2015_annex1_unvalidated,sector_specific_questionnaire,Plantas de tratamiento de residuos,Plantas de compostaje,CONDICIONES GENERALES,6,6,SEC-COMPOST-F2015-006,"¿Los sistemas de carga y descarga de los lugares de almacenamiento minimizan la manipulación manual y la generación de polvo mediante, por ejemplo, el uso de palas de carga frontal o cintas elevadoras de goma? Las cabinas deberán estar dotadas de ventilación y de filtros de retención de polvo.",yes_no_not_applicable,binary_yes_no_na,binary_yes_no_na,not_validated_insufficient_sector_sample,"Aguilar Elena doctoral thesis (2015), Annex 1, sector-specific questionnaires",2556,2560,Use as source-preserved sector-specific instrument; do not label as validated.
sec_compost,Plantas de tratamiento de residuos — Plantas de compostaje,final_2015_annex1_unvalidated,sector_specific_questionnaire,Plantas de tratamiento de residuos,Plantas de compostaje,CONDICIONES GENERALES,7,7,SEC-COMPOST-F2015-007,¿Los camiones de transporte están firmemente cerrados y herméticamente sellados con tapas resistentes para impedir los derrames durante el transporte?,yes_no_not_applicable,binary_yes_no_na,binary_yes_no_na,not_validated_insufficient_sector_sample,"Aguilar Elena doctoral thesis (2015), Annex 1, sector-specific questionnaires",2561,2562,Use as source-preserved sector-specific instrument; do not label as validated.
sec_compost,Plantas de tratamiento de residuos — Plantas de compostaje,final_2015_annex1_unvalidated,sector_specific_questionnaire,Plantas de tratamiento de residuos,Plantas de compostaje,CONDICIONES GENERALES,8,8,SEC-COMPOST-F2015-008,¿Los sistemas de transportadores (desde la planta al almacenamiento) como de molturación cuando se requiere triturar los residuos antes de su eliminación final son cerrados?,yes_no_not_applicable,binary_yes_no_na,binary_yes_no_na,not_validated_insufficient_sector_sample,"Aguilar Elena doctoral thesis (2015), Annex 1, sector-specific questionnaires",2563,2564,Use as source-preserved sector-specific instrument; do not label as validated.
sec_compost,Plantas de tratamiento de residuos — Plantas de compostaje,final_2015_annex1_unvalidated,sector_specific_questionnaire,Plantas de tratamiento de residuos,Plantas de compostaje,CONDICIONES GENERALES,9,9,SEC-COMPOST-F2015-009,"¿Se utilizan EPI´s en las operaciones de mantenimiento (eliminación de obstrucciones, etc.), limpieza de camiones, zonas de almacenamiento y limpieza de equipos de extracción localizada (con suministro de aire, si son periodos de trabajo largos y máscaras desechables con gafas si son periodos cortos)?",yes_no_not_applicable,binary_yes_no_na,binary_yes_no_na,not_validated_insufficient_sector_sample,"Aguilar Elena doctoral thesis (2015), Annex 1, sector-specific questionnaires",2565,2568,Use as source-preserved sector-specific instrument; do not label as validated.
sec_compost,Plantas de tratamiento de residuos — Plantas de compostaje,final_2015_annex1_unvalidated,sector_specific_questionnaire,Plantas de tratamiento de residuos,Plantas de compostaje,CONDICIONES GENERALES,10,10,SEC-COMPOST-F2015-010,"¿Las zonas contaminadas con material pulverulento, así como los equipos de protección individual no desechables, se limpian periódicamente y de forma completa con agua y jabón?",yes_no_not_applicable,binary_yes_no_na,binary_yes_no_na,not_validated_insufficient_sector_sample,"Aguilar Elena doctoral thesis (2015), Annex 1, sector-specific questionnaires",2569,2570,Use as source-preserved sector-specific instrument; do not label as validated.
sec_compost,Plantas de tratamiento de residuos — Plantas de compostaje,final_2015_annex1_unvalidated,sector_specific_questionnaire,Plantas de tratamiento de residuos,Plantas de compostaje,CONDICIONES GENERALES,11,11,SEC-COMPOST-F2015-011,¿Para la eliminación de todos los restos de material de los vehículos y zonas de almacenamiento se utiliza un aspirador industrial? ¿Los restos que se limpian del aspirador se introducen en bolsas para su adecuada eliminación?,yes_no_not_applicable,binary_yes_no_na,binary_yes_no_na,not_validated_insufficient_sector_sample,"Aguilar Elena doctoral thesis (2015), Annex 1, sector-specific questionnaires",2571,2573,Use as source-preserved sector-specific instrument; do not label as validated.
sec_food,Industria alimentaria — Industria alimentaria,final_2015_annex1_unvalidated,sector_specific_questionnaire,Industria alimentaria,Industria alimentaria,CONDICIONES GENERALES,1,1,SEC-FOOD-F2015-001,"¿Está prohibido que los trabajadores coman, beban o fumen en las zonas de trabajo en las que exista dicho riesgo?",yes_no_not_applicable,binary_yes_no_na,binary_yes_no_na,not_validated_insufficient_sector_sample,"Aguilar Elena doctoral thesis (2015), Annex 1, sector-specific questionnaires",2592,2593,Use as source-preserved sector-specific instrument; do not label as validated.
sec_food,Industria alimentaria — Industria alimentaria,final_2015_annex1_unvalidated,sector_specific_questionnaire,Industria alimentaria,Industria alimentaria,CONDICIONES GENERALES,2,2,SEC-FOOD-F2015-002,¿Los trabajadores disponen de prendas de protección apropiadas o de otro tipo de prendas especiales adecuadas?,yes_no_not_applicable,binary_yes_no_na,binary_yes_no_na,not_validated_insufficient_sector_sample,"Aguilar Elena doctoral thesis (2015), Annex 1, sector-specific questionnaires",2594,2595,Use as source-preserved sector-specific instrument; do not label as validated.
sec_food,Industria alimentaria — Industria alimentaria,final_2015_annex1_unvalidated,sector_specific_questionnaire,Industria alimentaria,Industria alimentaria,CONDICIONES GENERALES,3,3,SEC-FOOD-F2015-003,"¿Se disponer de un lugar determinado para el almacenamiento adecuado de los equipos de protección y se verifica que se limpian, se comprueba su buen funcionamiento, si fuera posible con anterioridad y, en todo caso, después de cada utilización, reparando o sustituyendo los equipos defectuosos antes de nuevo uso?.",yes_no_not_applicable,binary_yes_no_na,binary_yes_no_na,not_validated_insufficient_sector_sample,"Aguilar Elena doctoral thesis (2015), Annex 1, sector-specific questionnaires",2596,2599,Use as source-preserved sector-specific instrument; do not label as validated.
sec_food,Industria alimentaria — Industria alimentaria,final_2015_annex1_unvalidated,sector_specific_questionnaire,Industria alimentaria,Industria alimentaria,CONDICIONES GENERALES,4,4,SEC-FOOD-F2015-004,"¿Los trabajadores disponen, dentro de la jornada laboral, de diez minutos para su aseo personal antes de la comida y otros diez minutos antes de abandonar el trabajo?",yes_no_not_applicable,binary_yes_no_na,binary_yes_no_na,not_validated_insufficient_sector_sample,"Aguilar Elena doctoral thesis (2015), Annex 1, sector-specific questionnaires",2600,2601,Use as source-preserved sector-specific instrument; do not label as validated.
sec_food,Industria alimentaria — Industria alimentaria,final_2015_annex1_unvalidated,sector_specific_questionnaire,Industria alimentaria,Industria alimentaria,CONDICIONES GENERALES,5,5,SEC-FOOD-F2015-005,"¿El empresario se responsabiliza del lavado, descontaminación y, en caso necesario, destrucción de la ropa de trabajo y los equipos de protección? Queda rigurosamente prohibido que los trabajadores se lleven los mismos a su domicilio para tal fin. Cuando se contrate, este servicio, a una empresa estará obligado a asegurar que la ropa y los equipos se envíen en recipientes cerrados y etiquetados con las advertencias precisas",yes_no_not_applicable,binary_yes_no_na,binary_yes_no_na,not_validated_insufficient_sector_sample,"Aguilar Elena doctoral thesis (2015), Annex 1, sector-specific questionnaires",2602,2607,Use as source-preserved sector-specific instrument; do not label as validated.
sec_food,Industria alimentaria — Industria alimentaria,final_2015_annex1_unvalidated,sector_specific_questionnaire,Industria alimentaria,Industria alimentaria,CONDICIONES GENERALES,6,6,SEC-FOOD-F2015-006,¿Antes de empezar a trabajar se cubren cortes y heridas con apósitos impermeables?,yes_no_not_applicable,binary_yes_no_na,binary_yes_no_na,not_validated_insufficient_sector_sample,"Aguilar Elena doctoral thesis (2015), Annex 1, sector-specific questionnaires",2608,2608,Use as source-preserved sector-specific instrument; do not label as validated.
sec_food,Industria alimentaria — Industria alimentaria,final_2015_annex1_unvalidated,sector_specific_questionnaire,Industria alimentaria,Industria alimentaria,CONDICIONES GENERALES,7,7,SEC-FOOD-F2015-007,¿Además cuando estas lesiones cutáneas se encuentren en las manos se cubren con guantes?,yes_no_not_applicable,binary_yes_no_na,binary_yes_no_na,not_validated_insufficient_sector_sample,"Aguilar Elena doctoral thesis (2015), Annex 1, sector-specific questionnaires",2609,2609,Use as source-preserved sector-specific instrument; do not label as validated.
sec_food,Industria alimentaria — Industria alimentaria,final_2015_annex1_unvalidated,sector_specific_questionnaire,Industria alimentaria,Industria alimentaria,CONDICIONES GENERALES,8,8,SEC-FOOD-F2015-008,"¿Antes de empezar a trabajar, cuando se tengan que utilizar guantes, se retiran anillos y joyas?",yes_no_not_applicable,binary_yes_no_na,binary_yes_no_na,not_validated_insufficient_sector_sample,"Aguilar Elena doctoral thesis (2015), Annex 1, sector-specific questionnaires",2610,2610,Use as source-preserved sector-specific instrument; do not label as validated.
sec_food,Industria alimentaria — Industria alimentaria,final_2015_annex1_unvalidated,sector_specific_questionnaire,Industria alimentaria,Industria alimentaria,CONDICIONES GENERALES,9,9,SEC-FOOD-F2015-009,"¿El personal se lava a menudo las manos, principalmente antes de empezar a trabajar?",yes_no_not_applicable,binary_yes_no_na,binary_yes_no_na,not_validated_insufficient_sector_sample,"Aguilar Elena doctoral thesis (2015), Annex 1, sector-specific questionnaires",2611,2611,Use as source-preserved sector-specific instrument; do not label as validated.
sec_food,Industria alimentaria — Industria alimentaria,final_2015_annex1_unvalidated,sector_specific_questionnaire,Industria alimentaria,Industria alimentaria,CONDICIONES GENERALES,10,10,SEC-FOOD-F2015-010,"¿El personal usa ropa exclusiva para el trabajo, en uso de gorro es obligatorio?",yes_no_not_applicable,binary_yes_no_na,binary_yes_no_na,not_validated_insufficient_sector_sample,"Aguilar Elena doctoral thesis (2015), Annex 1, sector-specific questionnaires",2612,2612,Use as source-preserved sector-specific instrument; do not label as validated.
sec_food,Industria alimentaria — Industria alimentaria,final_2015_annex1_unvalidated,sector_specific_questionnaire,Industria alimentaria,Industria alimentaria,CONDICIONES GENERALES,11,11,SEC-FOOD-F2015-011,"¿Cuándo se tiene alguna herida, se procede a cubrirla con un apósito impermeable o tirita?",yes_no_not_applicable,binary_yes_no_na,binary_yes_no_na,not_validated_insufficient_sector_sample,"Aguilar Elena doctoral thesis (2015), Annex 1, sector-specific questionnaires",2613,2613,Use as source-preserved sector-specific instrument; do not label as validated.
sec_food,Industria alimentaria — Industria alimentaria,final_2015_annex1_unvalidated,sector_specific_questionnaire,Industria alimentaria,Industria alimentaria,CONDICIONES GENERALES,12,12,SEC-FOOD-F2015-012,¿Está prohibido fumar y comer en las zonas de preparación y manipulación de alimentos?,yes_no_not_applicable,binary_yes_no_na,binary_yes_no_na,not_validated_insufficient_sector_sample,"Aguilar Elena doctoral thesis (2015), Annex 1, sector-specific questionnaires",2614,2614,Use as source-preserved sector-specific instrument; do not label as validated.
sec_food,Industria alimentaria — Industria alimentaria,final_2015_annex1_unvalidated,sector_specific_questionnaire,Industria alimentaria,Industria alimentaria,CONDICIONES GENERALES,13,13,SEC-FOOD-F2015-013,¿Se prohíbe el acceso en las áreas de elaboración de alimentos a cualquier persona que no lleve la indumentaria adecuada?,yes_no_not_applicable,binary_yes_no_na,binary_yes_no_na,not_validated_insufficient_sector_sample,"Aguilar Elena doctoral thesis (2015), Annex 1, sector-specific questionnaires",2615,2616,Use as source-preserved sector-specific instrument; do not label as validated.
sec_food,Industria alimentaria — Industria alimentaria,final_2015_annex1_unvalidated,sector_specific_questionnaire,Industria alimentaria,Industria alimentaria,CONDICIONES GENERALES,14,14,SEC-FOOD-F2015-014,¿Las ventanas están protegidas con telas mosquiteras o similar para evitar que entren insectos? ¿También hay control de roedores?,yes_no_not_applicable,binary_yes_no_na,binary_yes_no_na,not_validated_insufficient_sector_sample,"Aguilar Elena doctoral thesis (2015), Annex 1, sector-specific questionnaires",2617,2618,Use as source-preserved sector-specific instrument; do not label as validated.
sec_food,Industria alimentaria — Industria alimentaria,final_2015_annex1_unvalidated,sector_specific_questionnaire,Industria alimentaria,Industria alimentaria,CONDICIONES GENERALES,15,15,SEC-FOOD-F2015-015,¿Los materiales de las superficies de trabajo son de fácil limpieza y desinfección (no se utilizan materiales porosos como tablas de madera para cortar)?,yes_no_not_applicable,binary_yes_no_na,binary_yes_no_na,not_validated_insufficient_sector_sample,"Aguilar Elena doctoral thesis (2015), Annex 1, sector-specific questionnaires",2619,2620,Use as source-preserved sector-specific instrument; do not label as validated.
sec_food,Industria alimentaria — Industria alimentaria,final_2015_annex1_unvalidated,sector_specific_questionnaire,Industria alimentaria,Industria alimentaria,CONDICIONES GENERALES,16,16,SEC-FOOD-F2015-016,¿La zona donde se cocina está separada de la zona donde se lavan los platos?,yes_no_not_applicable,binary_yes_no_na,binary_yes_no_na,not_validated_insufficient_sector_sample,"Aguilar Elena doctoral thesis (2015), Annex 1, sector-specific questionnaires",2621,2621,Use as source-preserved sector-specific instrument; do not label as validated.
sec_food,Industria alimentaria — Industria alimentaria,final_2015_annex1_unvalidated,sector_specific_questionnaire,Industria alimentaria,Industria alimentaria,CONDICIONES GENERALES,17,17,SEC-FOOD-F2015-017,¿Se mantiene una estricta limpieza de las instalaciones?,yes_no_not_applicable,binary_yes_no_na,binary_yes_no_na,not_validated_insufficient_sector_sample,"Aguilar Elena doctoral thesis (2015), Annex 1, sector-specific questionnaires",2622,2622,Use as source-preserved sector-specific instrument; do not label as validated.
sec_food,Industria alimentaria — Industria alimentaria,final_2015_annex1_unvalidated,sector_specific_questionnaire,Industria alimentaria,Industria alimentaria,CONDICIONES GENERALES,18,18,SEC-FOOD-F2015-018,¿Se utiliza para la limpieza la técnica del doble cubo (uno con agua “sucia” y otro con agua “limpia”)?,yes_no_not_applicable,binary_yes_no_na,binary_yes_no_na,not_validated_insufficient_sector_sample,"Aguilar Elena doctoral thesis (2015), Annex 1, sector-specific questionnaires",2623,2624,Use as source-preserved sector-specific instrument; do not label as validated.
sec_food,Industria alimentaria — Industria alimentaria,final_2015_annex1_unvalidated,sector_specific_questionnaire,Industria alimentaria,Industria alimentaria,CONDICIONES GENERALES,19,19,SEC-FOOD-F2015-019,¿En el carro del doble cubo se diferencia la zona de limpio y la de sucio?,yes_no_not_applicable,binary_yes_no_na,binary_yes_no_na,not_validated_insufficient_sector_sample,"Aguilar Elena doctoral thesis (2015), Annex 1, sector-specific questionnaires",2625,2625,Use as source-preserved sector-specific instrument; do not label as validated.
sec_food,Industria alimentaria — Industria alimentaria,final_2015_annex1_unvalidated,sector_specific_questionnaire,Industria alimentaria,Industria alimentaria,CONDICIONES GENERALES,20,20,SEC-FOOD-F2015-020,"¿Las/os limpiadoras/es utilizan vestimenta y EPI’s adecuados, en especial guantes de goma o látex?",yes_no_not_applicable,binary_yes_no_na,binary_yes_no_na,not_validated_insufficient_sector_sample,"Aguilar Elena doctoral thesis (2015), Annex 1, sector-specific questionnaires",2626,2627,Use as source-preserved sector-specific instrument; do not label as validated.
sec_food,Industria alimentaria — Industria alimentaria,final_2015_annex1_unvalidated,sector_specific_questionnaire,Industria alimentaria,Industria alimentaria,GESTION DE RESIDUOS,21,21,SEC-FOOD-F2015-021,¿Hay contenedores diferenciados según el tipo de residuo?,yes_no_not_applicable,binary_yes_no_na,binary_yes_no_na,not_validated_insufficient_sector_sample,"Aguilar Elena doctoral thesis (2015), Annex 1, sector-specific questionnaires",2629,2629,Use as source-preserved sector-specific instrument; do not label as validated.
sec_food,Industria alimentaria — Industria alimentaria,final_2015_annex1_unvalidated,sector_specific_questionnaire,Industria alimentaria,Industria alimentaria,GESTION DE RESIDUOS,22,22,SEC-FOOD-F2015-022,¿Se informa a los trabajadores del tipo de residuo que deben depositar en cada contenedor?,yes_no_not_applicable,binary_yes_no_na,binary_yes_no_na,not_validated_insufficient_sector_sample,"Aguilar Elena doctoral thesis (2015), Annex 1, sector-specific questionnaires",2630,2630,Use as source-preserved sector-specific instrument; do not label as validated.
sec_food,Industria alimentaria — Industria alimentaria,final_2015_annex1_unvalidated,sector_specific_questionnaire,Industria alimentaria,Industria alimentaria,GESTION DE RESIDUOS,23,23,SEC-FOOD-F2015-023,¿El personal que cierra los contenedores de residuos específicos comprueba que queda estanco?,yes_no_not_applicable,binary_yes_no_na,binary_yes_no_na,not_validated_insufficient_sector_sample,"Aguilar Elena doctoral thesis (2015), Annex 1, sector-specific questionnaires",2631,2631,Use as source-preserved sector-specific instrument; do not label as validated.
sec_food,Industria alimentaria — Industria alimentaria,final_2015_annex1_unvalidated,sector_specific_questionnaire,Industria alimentaria,Industria alimentaria,GESTION DE RESIDUOS,24,24,SEC-FOOD-F2015-024,¿Los contenedores o estructuras de soporte y sistemas de transporte se limpian en lugares adecuados con agua a presión y detergentes?,yes_no_not_applicable,binary_yes_no_na,binary_yes_no_na,not_validated_insufficient_sector_sample,"Aguilar Elena doctoral thesis (2015), Annex 1, sector-specific questionnaires",2632,2638,Use as source-preserved sector-specific instrument; do not label as validated.
sec_food,Industria alimentaria — Industria alimentaria,final_2015_annex1_unvalidated,sector_specific_questionnaire,Industria alimentaria,Industria alimentaria,GESTION DE RESIDUOS,25,25,SEC-FOOD-F2015-025,"¿Los sistemas de transporte y los contenedores de los centros generadores de residuos, son estructuras sin rincones, que facilitan al máximo el proceso de limpieza?",yes_no_not_applicable,binary_yes_no_na,binary_yes_no_na,not_validated_insufficient_sector_sample,"Aguilar Elena doctoral thesis (2015), Annex 1, sector-specific questionnaires",2639,2640,Use as source-preserved sector-specific instrument; do not label as validated.
sec_food,Industria alimentaria — Industria alimentaria,final_2015_annex1_unvalidated,sector_specific_questionnaire,Industria alimentaria,Industria alimentaria,GESTION DE RESIDUOS,26,26,SEC-FOOD-F2015-026,"¿No se dejan ni recipientes ni residuos en lugares no previstos, excepto donde se han producido, o bien en el almacén (o almacenes intermedios que estén delimitados, definidos y señalizados)?.",yes_no_not_applicable,binary_yes_no_na,binary_yes_no_na,not_validated_insufficient_sector_sample,"Aguilar Elena doctoral thesis (2015), Annex 1, sector-specific questionnaires",2641,2642,Use as source-preserved sector-specific instrument; do not label as validated.
sec_food,Industria alimentaria — Industria alimentaria,final_2015_annex1_unvalidated,sector_specific_questionnaire,Industria alimentaria,Industria alimentaria,GESTION DE RESIDUOS,27,27,SEC-FOOD-F2015-027,¿Las bolsas no se almacenan unas encima de otras; si no unas al lado de otras sobre superficies horizontales?,yes_no_not_applicable,binary_yes_no_na,binary_yes_no_na,not_validated_insufficient_sector_sample,"Aguilar Elena doctoral thesis (2015), Annex 1, sector-specific questionnaires",2643,2644,Use as source-preserved sector-specific instrument; do not label as validated.
sec_food,Industria alimentaria — Industria alimentaria,final_2015_annex1_unvalidated,sector_specific_questionnaire,Industria alimentaria,Industria alimentaria,GESTION DE RESIDUOS,28,28,SEC-FOOD-F2015-028,"¿En la estructura o carro de transporte no se comprimen las bolsas para poder transportar más cantidad en un trayecto, ni se sobrepasa el nivel que permite cerrar la tapa del carro?",yes_no_not_applicable,binary_yes_no_na,binary_yes_no_na,not_validated_insufficient_sector_sample,"Aguilar Elena doctoral thesis (2015), Annex 1, sector-specific questionnaires",2645,2646,Use as source-preserved sector-specific instrument; do not label as validated.
sec_food,Industria alimentaria — Industria alimentaria,final_2015_annex1_unvalidated,sector_specific_questionnaire,Industria alimentaria,Industria alimentaria,GESTION DE RESIDUOS,29,29,SEC-FOOD-F2015-029,"¿Las bolsas no se arrastran por el suelo, se usan sistemas de transporte?",yes_no_not_applicable,binary_yes_no_na,binary_yes_no_na,not_validated_insufficient_sector_sample,"Aguilar Elena doctoral thesis (2015), Annex 1, sector-specific questionnaires",2647,2647,Use as source-preserved sector-specific instrument; do not label as validated.
sec_food,Industria alimentaria — Industria alimentaria,final_2015_annex1_unvalidated,sector_specific_questionnaire,Industria alimentaria,Industria alimentaria,GESTION DE RESIDUOS,30,30,SEC-FOOD-F2015-030,"¿Las características del almacén son ventilado, espacioso, bien iluminado, señalizado, puede cerrarse y tiene fácil acceso desde el exterior, está protegido de animales, de la intemperie y de temperaturas elevadas?",yes_no_not_applicable,binary_yes_no_na,binary_yes_no_na,not_validated_insufficient_sector_sample,"Aguilar Elena doctoral thesis (2015), Annex 1, sector-specific questionnaires",2648,2650,Use as source-preserved sector-specific instrument; do not label as validated.
sec_food,Industria alimentaria — Industria alimentaria,final_2015_annex1_unvalidated,sector_specific_questionnaire,Industria alimentaria,Industria alimentaria,GESTION DE RESIDUOS,31,31,SEC-FOOD-F2015-031,¿Al almacén sólo tiene acceso el personal autorizado?,yes_no_not_applicable,binary_yes_no_na,binary_yes_no_na,not_validated_insufficient_sector_sample,"Aguilar Elena doctoral thesis (2015), Annex 1, sector-specific questionnaires",2651,2651,Use as source-preserved sector-specific instrument; do not label as validated.
sec_food,Industria alimentaria — Industria alimentaria,final_2015_annex1_unvalidated,sector_specific_questionnaire,Industria alimentaria,Industria alimentaria,GESTION DE RESIDUOS,32,32,SEC-FOOD-F2015-032,¿Las bolsas para los residuos son suficientemente resistentes para soportar el peso de los residuos y no se rompen fácilmente?,yes_no_not_applicable,binary_yes_no_na,binary_yes_no_na,not_validated_insufficient_sector_sample,"Aguilar Elena doctoral thesis (2015), Annex 1, sector-specific questionnaires",2652,2653,Use as source-preserved sector-specific instrument; do not label as validated.
sec_food,Industria alimentaria — Industria alimentaria,final_2015_annex1_unvalidated,sector_specific_questionnaire,Industria alimentaria,Industria alimentaria,GESTION DE RESIDUOS,33,33,SEC-FOOD-F2015-033,¿El almacenamiento máximo es de 72 horas o una semana si el almacén dispone de sistemas de refrigeración adecuado?,yes_no_not_applicable,binary_yes_no_na,binary_yes_no_na,not_validated_insufficient_sector_sample,"Aguilar Elena doctoral thesis (2015), Annex 1, sector-specific questionnaires",2654,2656,Use as source-preserved sector-specific instrument; do not label as validated.
sec_vet_general,Centros veterinarios — Servicios generales,final_2015_annex1_unvalidated,sector_specific_questionnaire,Centros veterinarios,Servicios generales,CONSIDERACIONES GENERALES,1,1,SEC-VET-GENERAL-F2015-001,"¿Está prohibido que los trabajadores coman, beban o fumen en las zonas de trabajo en las que exista dicho riesgo?",yes_no_not_applicable,binary_yes_no_na,binary_yes_no_na,not_validated_insufficient_sector_sample,"Aguilar Elena doctoral thesis (2015), Annex 1, sector-specific questionnaires",2677,2678,Use as source-preserved sector-specific instrument; do not label as validated.
sec_vet_general,Centros veterinarios — Servicios generales,final_2015_annex1_unvalidated,sector_specific_questionnaire,Centros veterinarios,Servicios generales,CONSIDERACIONES GENERALES,2,2,SEC-VET-GENERAL-F2015-002,¿Los trabajadores disponen de prendas de protección apropiadas o de otro tipo de prendas especiales adecuadas?,yes_no_not_applicable,binary_yes_no_na,binary_yes_no_na,not_validated_insufficient_sector_sample,"Aguilar Elena doctoral thesis (2015), Annex 1, sector-specific questionnaires",2679,2680,Use as source-preserved sector-specific instrument; do not label as validated.
sec_vet_general,Centros veterinarios — Servicios generales,final_2015_annex1_unvalidated,sector_specific_questionnaire,Centros veterinarios,Servicios generales,CONSIDERACIONES GENERALES,3,3,SEC-VET-GENERAL-F2015-003,"¿Se dispone de retretes y cuartos de aseo apropiados, adecuados para el uso de los trabajadores (estos incluyen productos para la limpieza ocular y antisépticos para la piel)?",yes_no_not_applicable,binary_yes_no_na,binary_yes_no_na,not_validated_insufficient_sector_sample,"Aguilar Elena doctoral thesis (2015), Annex 1, sector-specific questionnaires",2681,2682,Use as source-preserved sector-specific instrument; do not label as validated.
sec_vet_general,Centros veterinarios — Servicios generales,final_2015_annex1_unvalidated,sector_specific_questionnaire,Centros veterinarios,Servicios generales,CONSIDERACIONES GENERALES,4,4,SEC-VET-GENERAL-F2015-004,"¿Se disponer de un lugar determinado para el almacenamiento adecuado de los equipos de protección y se verifica que se limpian, se comprueba su buen funcionamiento, si fuera posible con anterioridad y, en todo caso, después de cada utilización, reparando o sustituyendo los equipos defectuosos antes de nuevo uso?.",yes_no_not_applicable,binary_yes_no_na,binary_yes_no_na,not_validated_insufficient_sector_sample,"Aguilar Elena doctoral thesis (2015), Annex 1, sector-specific questionnaires",2683,2686,Use as source-preserved sector-specific instrument; do not label as validated.
sec_vet_general,Centros veterinarios — Servicios generales,final_2015_annex1_unvalidated,sector_specific_questionnaire,Centros veterinarios,Servicios generales,CONSIDERACIONES GENERALES,5,5,SEC-VET-GENERAL-F2015-005,"¿Se especifican los procedimientos de obtención, manipulación y procesamiento de muestras de origen humano o animal?",yes_no_not_applicable,binary_yes_no_na,binary_yes_no_na,not_validated_insufficient_sector_sample,"Aguilar Elena doctoral thesis (2015), Annex 1, sector-specific questionnaires",2687,2688,Use as source-preserved sector-specific instrument; do not label as validated.
sec_vet_general,Centros veterinarios — Servicios generales,final_2015_annex1_unvalidated,sector_specific_questionnaire,Centros veterinarios,Servicios generales,CONSIDERACIONES GENERALES,6,6,SEC-VET-GENERAL-F2015-006,"¿Los trabajadores disponen, dentro de la jornada laboral, de diez minutos para su aseo personal antes de la comida y otros diez minutos antes de abandonar el trabajo?",yes_no_not_applicable,binary_yes_no_na,binary_yes_no_na,not_validated_insufficient_sector_sample,"Aguilar Elena doctoral thesis (2015), Annex 1, sector-specific questionnaires",2689,2690,Use as source-preserved sector-specific instrument; do not label as validated.
sec_vet_general,Centros veterinarios — Servicios generales,final_2015_annex1_unvalidated,sector_specific_questionnaire,Centros veterinarios,Servicios generales,CONSIDERACIONES GENERALES,7,7,SEC-VET-GENERAL-F2015-007,"¿Al salir de la zona de trabajo, el trabajador se quita las ropas de trabajo y los equipos de protección personal que pueden estar contaminado por agentes biológicos y estos se guardan en lugares que no tengan otras prendas?",yes_no_not_applicable,binary_yes_no_na,binary_yes_no_na,not_validated_insufficient_sector_sample,"Aguilar Elena doctoral thesis (2015), Annex 1, sector-specific questionnaires",2691,2693,Use as source-preserved sector-specific instrument; do not label as validated.
sec_vet_general,Centros veterinarios — Servicios generales,final_2015_annex1_unvalidated,sector_specific_questionnaire,Centros veterinarios,Servicios generales,CONSIDERACIONES GENERALES,8,8,SEC-VET-GENERAL-F2015-008,"¿El empresario se responsabiliza del lavado, descontaminación y, en caso necesario, destrucción de la ropa de trabajo y los equipos de protección? Queda rigurosamente prohibido que los trabajadores se lleven los mismos a su domicilio para tal fin. Cuando se contrate, este servicio, a una empresa estará obligado a asegurar que la ropa y los equipos se envíen en recipientes cerrados y etiquetados con las advertencias precisas",yes_no_not_applicable,binary_yes_no_na,binary_yes_no_na,not_validated_insufficient_sector_sample,"Aguilar Elena doctoral thesis (2015), Annex 1, sector-specific questionnaires",2694,2699,Use as source-preserved sector-specific instrument; do not label as validated.
sec_vet_general,Centros veterinarios — Servicios generales,final_2015_annex1_unvalidated,sector_specific_questionnaire,Centros veterinarios,Servicios generales,CONSIDERACIONES GENERALES,9,9,SEC-VET-GENERAL-F2015-009,¿Antes de empezar a trabajar se cubren cortes y heridas con apósitos impermeables?,yes_no_not_applicable,binary_yes_no_na,binary_yes_no_na,not_validated_insufficient_sector_sample,"Aguilar Elena doctoral thesis (2015), Annex 1, sector-specific questionnaires",2700,2700,Use as source-preserved sector-specific instrument; do not label as validated.
sec_vet_general,Centros veterinarios — Servicios generales,final_2015_annex1_unvalidated,sector_specific_questionnaire,Centros veterinarios,Servicios generales,CONSIDERACIONES GENERALES,10,10,SEC-VET-GENERAL-F2015-010,¿Además cuando estas lesiones cutáneas se encuentren en las manos se cubren con guantes?,yes_no_not_applicable,binary_yes_no_na,binary_yes_no_na,not_validated_insufficient_sector_sample,"Aguilar Elena doctoral thesis (2015), Annex 1, sector-specific questionnaires",2701,2701,Use as source-preserved sector-specific instrument; do not label as validated.
sec_vet_general,Centros veterinarios — Servicios generales,final_2015_annex1_unvalidated,sector_specific_questionnaire,Centros veterinarios,Servicios generales,CONSIDERACIONES GENERALES,11,11,SEC-VET-GENERAL-F2015-011,"¿Antes de empezar a trabajar, cuando se tengan que utilizar guantes, se retiran anillos y joyas?",yes_no_not_applicable,binary_yes_no_na,binary_yes_no_na,not_validated_insufficient_sector_sample,"Aguilar Elena doctoral thesis (2015), Annex 1, sector-specific questionnaires",2702,2702,Use as source-preserved sector-specific instrument; do not label as validated.
sec_vet_general,Centros veterinarios — Servicios generales,final_2015_annex1_unvalidated,sector_specific_questionnaire,Centros veterinarios,Servicios generales,CONSIDERACIONES GENERALES,12,12,SEC-VET-GENERAL-F2015-012,"¿Las zonas de contención y las áreas de aislamiento (habitaciones especiales) son de acceso limitado? Y cuando se realicen limpiezas a pacientes de estas áreas ¿se extreman las precauciones, manteniéndose las recomendaciones necesarias para cada tipo de aislamiento? Además el personal que accede a estas zonas tiene que estar especialmente informado y entrenado.",yes_no_not_applicable,binary_yes_no_na,binary_yes_no_na,not_validated_insufficient_sector_sample,"Aguilar Elena doctoral thesis (2015), Annex 1, sector-specific questionnaires",2703,2708,Use as source-preserved sector-specific instrument; do not label as validated.
sec_vet_general,Centros veterinarios — Servicios generales,final_2015_annex1_unvalidated,sector_specific_questionnaire,Centros veterinarios,Servicios generales,CONSIDERACIONES GENERALES,13,13,SEC-VET-GENERAL-F2015-013,"¿Se cumple el protocolo para la manipulación de los pacientes de riesgo especial y/o para la manipulación del material biológico procedente de los mismos (ropa del enfermo, ropa de cama)?",yes_no_not_applicable,binary_yes_no_na,binary_yes_no_na,not_validated_insufficient_sector_sample,"Aguilar Elena doctoral thesis (2015), Annex 1, sector-specific questionnaires",2709,2710,Use as source-preserved sector-specific instrument; do not label as validated.
sec_vet_general,Centros veterinarios — Servicios generales,final_2015_annex1_unvalidated,sector_specific_questionnaire,Centros veterinarios,Servicios generales,CONSIDERACIONES GENERALES,14,14,SEC-VET-GENERAL-F2015-014,"¿Los procedimientos de trabajo incluyen información sobre los riesgos de los productos, las operaciones, las medidas de seguridad y la protección a aplicar?",yes_no_not_applicable,binary_yes_no_na,binary_yes_no_na,not_validated_insufficient_sector_sample,"Aguilar Elena doctoral thesis (2015), Annex 1, sector-specific questionnaires",2711,2712,Use as source-preserved sector-specific instrument; do not label as validated.
sec_vet_general,Centros veterinarios — Servicios generales,final_2015_annex1_unvalidated,sector_specific_questionnaire,Centros veterinarios,Servicios generales,CONSIDERACIONES GENERALES,15,15,SEC-VET-GENERAL-F2015-015,¿Los trabajadores tienen y usan equipos de protección individual con el de marcado CE?,yes_no_not_applicable,binary_yes_no_na,binary_yes_no_na,not_validated_insufficient_sector_sample,"Aguilar Elena doctoral thesis (2015), Annex 1, sector-specific questionnaires",2713,2713,Use as source-preserved sector-specific instrument; do not label as validated.
sec_vet_general,Centros veterinarios — Servicios generales,final_2015_annex1_unvalidated,sector_specific_questionnaire,Centros veterinarios,Servicios generales,CONSIDERACIONES GENERALES,16,16,SEC-VET-GENERAL-F2015-016,¿Los trabajadores tienen ropa de trabajo adecuada preferentemente de manga larga?,yes_no_not_applicable,binary_yes_no_na,binary_yes_no_na,not_validated_insufficient_sector_sample,"Aguilar Elena doctoral thesis (2015), Annex 1, sector-specific questionnaires",2714,2714,Use as source-preserved sector-specific instrument; do not label as validated.
sec_vet_general,Centros veterinarios — Servicios generales,final_2015_annex1_unvalidated,sector_specific_questionnaire,Centros veterinarios,Servicios generales,CONSIDERACIONES GENERALES,17,17,SEC-VET-GENERAL-F2015-017,¿Hay control y reposición de los equipos de protección individual y tienen un lugar para su almacenamiento?,yes_no_not_applicable,binary_yes_no_na,binary_yes_no_na,not_validated_insufficient_sector_sample,"Aguilar Elena doctoral thesis (2015), Annex 1, sector-specific questionnaires",2715,2716,Use as source-preserved sector-specific instrument; do not label as validated.
sec_vet_general,Centros veterinarios — Servicios generales,final_2015_annex1_unvalidated,sector_specific_questionnaire,Centros veterinarios,Servicios generales,CONSIDERACIONES GENERALES,18,18,SEC-VET-GENERAL-F2015-018,¿Cada empleado se ocupa de la retirada o limpieza del material que utiliza y que podría estar contaminado?,yes_no_not_applicable,binary_yes_no_na,binary_yes_no_na,not_validated_insufficient_sector_sample,"Aguilar Elena doctoral thesis (2015), Annex 1, sector-specific questionnaires",2717,2718,Use as source-preserved sector-specific instrument; do not label as validated.
sec_vet_general,Centros veterinarios — Servicios generales,final_2015_annex1_unvalidated,sector_specific_questionnaire,Centros veterinarios,Servicios generales,CONSIDERACIONES GENERALES,19,19,SEC-VET-GENERAL-F2015-019,¿Se cambia de guantes tras el contacto con cada paciente y siempre que se rompan?,yes_no_not_applicable,binary_yes_no_na,binary_yes_no_na,not_validated_insufficient_sector_sample,"Aguilar Elena doctoral thesis (2015), Annex 1, sector-specific questionnaires",2719,2719,Use as source-preserved sector-specific instrument; do not label as validated.
sec_vet_general,Centros veterinarios — Servicios generales,final_2015_annex1_unvalidated,sector_specific_questionnaire,Centros veterinarios,Servicios generales,CONSIDERACIONES GENERALES,20,20,SEC-VET-GENERAL-F2015-020,¿Después de atender a cada paciente se procede al lavado cuidadoso de las manos?,yes_no_not_applicable,binary_yes_no_na,binary_yes_no_na,not_validated_insufficient_sector_sample,"Aguilar Elena doctoral thesis (2015), Annex 1, sector-specific questionnaires",2720,2725,Use as source-preserved sector-specific instrument; do not label as validated.
sec_vet_general,Centros veterinarios — Servicios generales,final_2015_annex1_unvalidated,sector_specific_questionnaire,Centros veterinarios,Servicios generales,CONSIDERACIONES GENERALES,21,21,SEC-VET-GENERAL-F2015-021,"¿Se dispone de la posibilidad del cambio frecuente de guantes, principalmente cuando se vaya pasando de una tarea a otra (después de lavar al enfermo antes de empezar a vestirlo, al hacer la cama, etc)?.",yes_no_not_applicable,binary_yes_no_na,binary_yes_no_na,not_validated_insufficient_sector_sample,"Aguilar Elena doctoral thesis (2015), Annex 1, sector-specific questionnaires",2726,2728,Use as source-preserved sector-specific instrument; do not label as validated.
sec_vet_general,Centros veterinarios — Servicios generales,final_2015_annex1_unvalidated,sector_specific_questionnaire,Centros veterinarios,Servicios generales,CONSIDERACIONES GENERALES,22,22,SEC-VET-GENERAL-F2015-022,"¿Existen normas que señalan la protección de las heridas y lesiones de las manos, antes de iniciar la actividad laboral, mediante apósito impermeable (como tiritas, por ejemplo)?.",yes_no_not_applicable,binary_yes_no_na,binary_yes_no_na,not_validated_insufficient_sector_sample,"Aguilar Elena doctoral thesis (2015), Annex 1, sector-specific questionnaires",2729,2730,Use as source-preserved sector-specific instrument; do not label as validated.
sec_vet_general,Centros veterinarios — Servicios generales,final_2015_annex1_unvalidated,sector_specific_questionnaire,Centros veterinarios,Servicios generales,CONSIDERACIONES GENERALES,23,23,SEC-VET-GENERAL-F2015-023,¿Se limita el trabajo directo con pacientes y/o manejo de equipos contaminados al personal sanitario con lesiones cutáneas que no se pueden cubrir (sobre todo si son exudativas o supurantes)?,yes_no_not_applicable,binary_yes_no_na,binary_yes_no_na,not_validated_insufficient_sector_sample,"Aguilar Elena doctoral thesis (2015), Annex 1, sector-specific questionnaires",2731,2732,Use as source-preserved sector-specific instrument; do not label as validated.
sec_vet_general,Centros veterinarios — Servicios generales,final_2015_annex1_unvalidated,sector_specific_questionnaire,Centros veterinarios,Servicios generales,CONSIDERACIONES GENERALES,24,24,SEC-VET-GENERAL-F2015-024,"¿Se usan siempre los guantes, y sobre todo cuando hay presencia de heridas o lesiones cutáneas?",yes_no_not_applicable,binary_yes_no_na,binary_yes_no_na,not_validated_insufficient_sector_sample,"Aguilar Elena doctoral thesis (2015), Annex 1, sector-specific questionnaires",2733,2734,Use as source-preserved sector-specific instrument; do not label as validated.
sec_vet_general,Centros veterinarios — Servicios generales,final_2015_annex1_unvalidated,sector_specific_questionnaire,Centros veterinarios,Servicios generales,CONSIDERACIONES GENERALES,25,25,SEC-VET-GENERAL-F2015-025,¿Se usan siempre los guantes al entrar en contacto con la piel no intacta o mucosas de un paciente?,yes_no_not_applicable,binary_yes_no_na,binary_yes_no_na,not_validated_insufficient_sector_sample,"Aguilar Elena doctoral thesis (2015), Annex 1, sector-specific questionnaires",2735,2736,Use as source-preserved sector-specific instrument; do not label as validated.
sec_vet_general,Centros veterinarios — Servicios generales,final_2015_annex1_unvalidated,sector_specific_questionnaire,Centros veterinarios,Servicios generales,CONSIDERACIONES GENERALES,26,26,SEC-VET-GENERAL-F2015-026,"¿Se usan siempre los guantes en la manipulación de ropa, materia o superficies contaminadas con fluidos biológicos?",yes_no_not_applicable,binary_yes_no_na,binary_yes_no_na,not_validated_insufficient_sector_sample,"Aguilar Elena doctoral thesis (2015), Annex 1, sector-specific questionnaires",2737,2738,Use as source-preserved sector-specific instrument; do not label as validated.
sec_vet_general,Centros veterinarios — Servicios generales,final_2015_annex1_unvalidated,sector_specific_questionnaire,Centros veterinarios,Servicios generales,CONSIDERACIONES GENERALES,27,27,SEC-VET-GENERAL-F2015-027,"Respecto al lavado de manos, ¿hay procedimiento escrito, se dispone de jabón desinfectante y de toallas desechables?",yes_no_not_applicable,binary_yes_no_na,binary_yes_no_na,not_validated_insufficient_sector_sample,"Aguilar Elena doctoral thesis (2015), Annex 1, sector-specific questionnaires",2739,2740,Use as source-preserved sector-specific instrument; do not label as validated.
sec_vet_general,Centros veterinarios — Servicios generales,final_2015_annex1_unvalidated,sector_specific_questionnaire,Centros veterinarios,Servicios generales,CONSIDERACIONES GENERALES,28,28,SEC-VET-GENERAL-F2015-028,"¿Hay normas que prohíben comer, beber, fumar, maquillarse, manipular lentillas en áreas de trabajo?",yes_no_not_applicable,binary_yes_no_na,binary_yes_no_na,not_validated_insufficient_sector_sample,"Aguilar Elena doctoral thesis (2015), Annex 1, sector-specific questionnaires",2741,2742,Use as source-preserved sector-specific instrument; do not label as validated.
sec_vet_general,Centros veterinarios — Servicios generales,final_2015_annex1_unvalidated,sector_specific_questionnaire,Centros veterinarios,Servicios generales,CONSIDERACIONES GENERALES,29,29,SEC-VET-GENERAL-F2015-029,¿El calzado que se utiliza es adecuado a las tareas que realizan (calzado impermeable que impida que se mojen los pies y los calcetines) o utilizar polainas u otros sistemas que realicen la misma función?,yes_no_not_applicable,binary_yes_no_na,binary_yes_no_na,not_validated_insufficient_sector_sample,"Aguilar Elena doctoral thesis (2015), Annex 1, sector-specific questionnaires",2743,2745,Use as source-preserved sector-specific instrument; do not label as validated.
sec_vet_general,Centros veterinarios — Servicios generales,final_2015_annex1_unvalidated,sector_specific_questionnaire,Centros veterinarios,Servicios generales,CONSIDERACIONES GENERALES,30,30,SEC-VET-GENERAL-F2015-030,"¿Se procede al lavado de manos, y de otras superficies, cuando hayan entrado en contacto con sangre u otros fluidos después de quitarse los guantes?",yes_no_not_applicable,binary_yes_no_na,binary_yes_no_na,not_validated_insufficient_sector_sample,"Aguilar Elena doctoral thesis (2015), Annex 1, sector-specific questionnaires",2746,2747,Use as source-preserved sector-specific instrument; do not label as validated.
sec_vet_general,Centros veterinarios — Servicios generales,final_2015_annex1_unvalidated,sector_specific_questionnaire,Centros veterinarios,Servicios generales,CONSIDERACIONES GENERALES,31,31,SEC-VET-GENERAL-F2015-031,¿Los trabajadores usan gafas de protección y/o pantallas de protección para evitar salpicaduras de líquidos a los ojos o a las mucosas?,yes_no_not_applicable,binary_yes_no_na,binary_yes_no_na,not_validated_insufficient_sector_sample,"Aguilar Elena doctoral thesis (2015), Annex 1, sector-specific questionnaires",2748,2749,Use as source-preserved sector-specific instrument; do not label as validated.
sec_vet_general,Centros veterinarios — Servicios generales,final_2015_annex1_unvalidated,sector_specific_questionnaire,Centros veterinarios,Servicios generales,SERVICIO DE PELUQUERIA,32,32,SEC-VET-GENERAL-F2015-032,¿Siempre se lavan las manos al terminar el trabajo?,yes_no_not_applicable,binary_yes_no_na,binary_yes_no_na,not_validated_insufficient_sector_sample,"Aguilar Elena doctoral thesis (2015), Annex 1, sector-specific questionnaires",2751,2751,Use as source-preserved sector-specific instrument; do not label as validated.
sec_vet_general,Centros veterinarios — Servicios generales,final_2015_annex1_unvalidated,sector_specific_questionnaire,Centros veterinarios,Servicios generales,SERVICIO DE PELUQUERIA,33,33,SEC-VET-GENERAL-F2015-033,"¿El resto de material (tijeras, peines, etc.) son igualmente limpiados y desinfectados mediante una solución de glutaraldehido 2% (cidex, instrunet esporocide, etc) mediante inmersión durante: 10-20 minutos?",yes_no_not_applicable,binary_yes_no_na,binary_yes_no_na,not_validated_insufficient_sector_sample,"Aguilar Elena doctoral thesis (2015), Annex 1, sector-specific questionnaires",2752,2754,Use as source-preserved sector-specific instrument; do not label as validated.
sec_vet_general,Centros veterinarios — Servicios generales,final_2015_annex1_unvalidated,sector_specific_questionnaire,Centros veterinarios,Servicios generales,SERVICIO DE LIMPIEZA,34,34,SEC-VET-GENERAL-F2015-034,"¿Se prohíbe al personal de limpieza, en cualquier caso, manipular agujas o cualquier otro material punzante? Todas las agujas son descartadas, por el personal cualificado (DUE, médico,...) en recipientes especialmente rotulados",yes_no_not_applicable,binary_yes_no_na,binary_yes_no_na,not_validated_insufficient_sector_sample,"Aguilar Elena doctoral thesis (2015), Annex 1, sector-specific questionnaires",2756,2760,Use as source-preserved sector-specific instrument; do not label as validated.
sec_vet_general,Centros veterinarios — Servicios generales,final_2015_annex1_unvalidated,sector_specific_questionnaire,Centros veterinarios,Servicios generales,SERVICIO DE LIMPIEZA,35,35,SEC-VET-GENERAL-F2015-035,"¿Las soluciones acuosas o detergentes y desinfectantes (sobre todo en recipientes abiertos) se usan lo antes posible, y siempre dentro de las 24 horas después de su preparación para evitar que pierdan sus propiedades?",yes_no_not_applicable,binary_yes_no_na,binary_yes_no_na,not_validated_insufficient_sector_sample,"Aguilar Elena doctoral thesis (2015), Annex 1, sector-specific questionnaires",2761,2763,Use as source-preserved sector-specific instrument; do not label as validated.
sec_vet_general,Centros veterinarios — Servicios generales,final_2015_annex1_unvalidated,sector_specific_questionnaire,Centros veterinarios,Servicios generales,SERVICIO DE LIMPIEZA,36,36,SEC-VET-GENERAL-F2015-036,"¿Los suelos se limpian mediante métodos que no forman polvo (barrido húmedo, mopas, aspiradores de bolsa filtrante o con depósito de agua) que disperse los posibles microorganismos depositados en las superficies por toda el área y superficies?",yes_no_not_applicable,binary_yes_no_na,binary_yes_no_na,not_validated_insufficient_sector_sample,"Aguilar Elena doctoral thesis (2015), Annex 1, sector-specific questionnaires",2764,2766,Use as source-preserved sector-specific instrument; do not label as validated.
sec_vet_general,Centros veterinarios — Servicios generales,final_2015_annex1_unvalidated,sector_specific_questionnaire,Centros veterinarios,Servicios generales,SERVICIO DE LIMPIEZA,37,37,SEC-VET-GENERAL-F2015-037,"¿Hay procedimientos de limpieza y desinfección específicos para las zonas de aislamientos, en las que se incluyen las medidas de seguridad que se deben adoptar?",yes_no_not_applicable,binary_yes_no_na,binary_yes_no_na,not_validated_insufficient_sector_sample,"Aguilar Elena doctoral thesis (2015), Annex 1, sector-specific questionnaires",2767,2768,Use as source-preserved sector-specific instrument; do not label as validated.
sec_vet_general,Centros veterinarios — Servicios generales,final_2015_annex1_unvalidated,sector_specific_questionnaire,Centros veterinarios,Servicios generales,SERVICIO DE LIMPIEZA,38,38,SEC-VET-GENERAL-F2015-038,"¿Está instituido un programa para la limpieza, desinfección de los locales y materiales?",yes_no_not_applicable,binary_yes_no_na,binary_yes_no_na,not_validated_insufficient_sector_sample,"Aguilar Elena doctoral thesis (2015), Annex 1, sector-specific questionnaires",2769,2769,Use as source-preserved sector-specific instrument; do not label as validated.
sec_vet_general,Centros veterinarios — Servicios generales,final_2015_annex1_unvalidated,sector_specific_questionnaire,Centros veterinarios,Servicios generales,SERVICIO DE LIMPIEZA,39,39,SEC-VET-GENERAL-F2015-039,¿Cuándo recojan residuos que puedan estar contaminados se utilizan guantes?,yes_no_not_applicable,binary_yes_no_na,binary_yes_no_na,not_validated_insufficient_sector_sample,"Aguilar Elena doctoral thesis (2015), Annex 1, sector-specific questionnaires",2770,2770,Use as source-preserved sector-specific instrument; do not label as validated.
sec_vet_general,Centros veterinarios — Servicios generales,final_2015_annex1_unvalidated,sector_specific_questionnaire,Centros veterinarios,Servicios generales,SERVICIO DE LIMPIEZA,40,40,SEC-VET-GENERAL-F2015-040,¿Han recibido la formación adecuada para la manipulación de residuos?,yes_no_not_applicable,binary_yes_no_na,binary_yes_no_na,not_validated_insufficient_sector_sample,"Aguilar Elena doctoral thesis (2015), Annex 1, sector-specific questionnaires",2771,2771,Use as source-preserved sector-specific instrument; do not label as validated.
sec_vet_general,Centros veterinarios — Servicios generales,final_2015_annex1_unvalidated,sector_specific_questionnaire,Centros veterinarios,Servicios generales,SERVICIO DE LIMPIEZA,41,41,SEC-VET-GENERAL-F2015-041,¿Los residuos contaminados están adecuadamente señalizados?,yes_no_not_applicable,binary_yes_no_na,binary_yes_no_na,not_validated_insufficient_sector_sample,"Aguilar Elena doctoral thesis (2015), Annex 1, sector-specific questionnaires",2772,2772,Use as source-preserved sector-specific instrument; do not label as validated.
sec_vet_general,Centros veterinarios — Servicios generales,final_2015_annex1_unvalidated,sector_specific_questionnaire,Centros veterinarios,Servicios generales,SERVICIO DE LIMPIEZA,42,42,SEC-VET-GENERAL-F2015-042,¿Los residuos contaminados los recoge personal especialmente formado para ello?,yes_no_not_applicable,binary_yes_no_na,binary_yes_no_na,not_validated_insufficient_sector_sample,"Aguilar Elena doctoral thesis (2015), Annex 1, sector-specific questionnaires",2773,2773,Use as source-preserved sector-specific instrument; do not label as validated.
sec_vet_general,Centros veterinarios — Servicios generales,final_2015_annex1_unvalidated,sector_specific_questionnaire,Centros veterinarios,Servicios generales,SERVICIO DE LIMPIEZA,43,43,SEC-VET-GENERAL-F2015-043,¿Las operaciones de recogida de residuos se realiza con guantes adecuados a las circunstancias?,yes_no_not_applicable,binary_yes_no_na,binary_yes_no_na,not_validated_insufficient_sector_sample,"Aguilar Elena doctoral thesis (2015), Annex 1, sector-specific questionnaires",2774,2774,Use as source-preserved sector-specific instrument; do not label as validated.
sec_vet_general,Centros veterinarios — Servicios generales,final_2015_annex1_unvalidated,sector_specific_questionnaire,Centros veterinarios,Servicios generales,SERVICIO DE LIMPIEZA,44,44,SEC-VET-GENERAL-F2015-044,"¿Hay un protocolo específico, y se sigue, para la limpieza de las habitaciones de aislamiento y zonas especiales?",yes_no_not_applicable,binary_yes_no_na,binary_yes_no_na,not_validated_insufficient_sector_sample,"Aguilar Elena doctoral thesis (2015), Annex 1, sector-specific questionnaires",2775,2776,Use as source-preserved sector-specific instrument; do not label as validated.
sec_vet_general,Centros veterinarios — Servicios generales,final_2015_annex1_unvalidated,sector_specific_questionnaire,Centros veterinarios,Servicios generales,SERVICIO DE LIMPIEZA,45,45,SEC-VET-GENERAL-F2015-045,¿Se utiliza la técnica del doble cubo (uno con agua “sucia” y otro con agua “limpia”)?,yes_no_not_applicable,binary_yes_no_na,binary_yes_no_na,not_validated_insufficient_sector_sample,"Aguilar Elena doctoral thesis (2015), Annex 1, sector-specific questionnaires",2777,2777,Use as source-preserved sector-specific instrument; do not label as validated.
sec_vet_general,Centros veterinarios — Servicios generales,final_2015_annex1_unvalidated,sector_specific_questionnaire,Centros veterinarios,Servicios generales,SERVICIO DE LIMPIEZA,46,46,SEC-VET-GENERAL-F2015-046,¿En el carro del doble cubo se diferencia la zona de limpio y la de sucio?,yes_no_not_applicable,binary_yes_no_na,binary_yes_no_na,not_validated_insufficient_sector_sample,"Aguilar Elena doctoral thesis (2015), Annex 1, sector-specific questionnaires",2778,2778,Use as source-preserved sector-specific instrument; do not label as validated.
sec_vet_general,Centros veterinarios — Servicios generales,final_2015_annex1_unvalidated,sector_specific_questionnaire,Centros veterinarios,Servicios generales,SERVICIO DE LIMPIEZA,47,47,SEC-VET-GENERAL-F2015-047,¿Se limpian los pomos de las puertas diariamente?,yes_no_not_applicable,binary_yes_no_na,binary_yes_no_na,not_validated_insufficient_sector_sample,"Aguilar Elena doctoral thesis (2015), Annex 1, sector-specific questionnaires",2779,2779,Use as source-preserved sector-specific instrument; do not label as validated.
sec_vet_general,Centros veterinarios — Servicios generales,final_2015_annex1_unvalidated,sector_specific_questionnaire,Centros veterinarios,Servicios generales,SERVICIO DE LIMPIEZA,48,48,SEC-VET-GENERAL-F2015-048,¿Se utilizan las concentraciones adecuadas de detergente – desinfectante para suelos y superficies?,yes_no_not_applicable,binary_yes_no_na,binary_yes_no_na,not_validated_insufficient_sector_sample,"Aguilar Elena doctoral thesis (2015), Annex 1, sector-specific questionnaires",2780,2786,Use as source-preserved sector-specific instrument; do not label as validated.
sec_vet_general,Centros veterinarios — Servicios generales,final_2015_annex1_unvalidated,sector_specific_questionnaire,Centros veterinarios,Servicios generales,SERVICIO DE LIMPIEZA,49,49,SEC-VET-GENERAL-F2015-049,¿Se realiza desinfección del material de limpieza al final de cada turno?,yes_no_not_applicable,binary_yes_no_na,binary_yes_no_na,not_validated_insufficient_sector_sample,"Aguilar Elena doctoral thesis (2015), Annex 1, sector-specific questionnaires",2787,2787,Use as source-preserved sector-specific instrument; do not label as validated.
sec_vet_general,Centros veterinarios — Servicios generales,final_2015_annex1_unvalidated,sector_specific_questionnaire,Centros veterinarios,Servicios generales,SERVICIO DE LIMPIEZA,50,50,SEC-VET-GENERAL-F2015-050,¿Se realiza una limpieza especial más profunda cuando se dan de alta el/los pacientes de una habitación?,yes_no_not_applicable,binary_yes_no_na,binary_yes_no_na,not_validated_insufficient_sector_sample,"Aguilar Elena doctoral thesis (2015), Annex 1, sector-specific questionnaires",2788,2789,Use as source-preserved sector-specific instrument; do not label as validated.
sec_vet_general,Centros veterinarios — Servicios generales,final_2015_annex1_unvalidated,sector_specific_questionnaire,Centros veterinarios,Servicios generales,SERVICIO DE LIMPIEZA,51,51,SEC-VET-GENERAL-F2015-051,"¿Las/os limpiadoras/es utilizan vestimenta y EPI’s adecuados, en especial guantes de goma o látex?",yes_no_not_applicable,binary_yes_no_na,binary_yes_no_na,not_validated_insufficient_sector_sample,"Aguilar Elena doctoral thesis (2015), Annex 1, sector-specific questionnaires",2790,2792,Use as source-preserved sector-specific instrument; do not label as validated.
sec_vet_personnel,Centros veterinarios — Personal veterinario,final_2015_annex1_unvalidated,sector_specific_questionnaire,Centros veterinarios,Personal veterinario,CONSIDERACIONES GENERALES,1,1,SEC-VET-PERSONNEL-F2015-001,¿Puede restringirse el acceso a las zonas al personal autorizado?,yes_no_not_applicable,binary_yes_no_na,binary_yes_no_na,not_validated_insufficient_sector_sample,"Aguilar Elena doctoral thesis (2015), Annex 1, sector-specific questionnaires",2807,2807,Use as source-preserved sector-specific instrument; do not label as validated.
sec_vet_personnel,Centros veterinarios — Personal veterinario,final_2015_annex1_unvalidated,sector_specific_questionnaire,Centros veterinarios,Personal veterinario,CONSIDERACIONES GENERALES,2,2,SEC-VET-PERSONNEL-F2015-002,¿Se realizan limpiezas periódicas del sistema de ventilación y climatización de las instalaciones?,yes_no_not_applicable,binary_yes_no_na,binary_yes_no_na,not_validated_insufficient_sector_sample,"Aguilar Elena doctoral thesis (2015), Annex 1, sector-specific questionnaires",2808,2808,Use as source-preserved sector-specific instrument; do not label as validated.
sec_vet_personnel,Centros veterinarios — Personal veterinario,final_2015_annex1_unvalidated,sector_specific_questionnaire,Centros veterinarios,Personal veterinario,CONSIDERACIONES GENERALES,3,3,SEC-VET-PERSONNEL-F2015-003,"¿Los lavabos, para uso del personal del centro, preferiblemente será accionable con el codo o con el pie?",yes_no_not_applicable,binary_yes_no_na,binary_yes_no_na,not_validated_insufficient_sector_sample,"Aguilar Elena doctoral thesis (2015), Annex 1, sector-specific questionnaires",2809,2810,Use as source-preserved sector-specific instrument; do not label as validated.
sec_vet_personnel,Centros veterinarios — Personal veterinario,final_2015_annex1_unvalidated,sector_specific_questionnaire,Centros veterinarios,Personal veterinario,CONSIDERACIONES GENERALES,4,4,SEC-VET-PERSONNEL-F2015-004,¿Existen lavaojos por todo el centro de trabajo?,yes_no_not_applicable,binary_yes_no_na,binary_yes_no_na,not_validated_insufficient_sector_sample,"Aguilar Elena doctoral thesis (2015), Annex 1, sector-specific questionnaires",2811,2811,Use as source-preserved sector-specific instrument; do not label as validated.
sec_vet_personnel,Centros veterinarios — Personal veterinario,final_2015_annex1_unvalidated,sector_specific_questionnaire,Centros veterinarios,Personal veterinario,CONSIDERACIONES GENERALES,5,5,SEC-VET-PERSONNEL-F2015-005,¿Los lavaojos están señalizados e identificados?,yes_no_not_applicable,binary_yes_no_na,binary_yes_no_na,not_validated_insufficient_sector_sample,"Aguilar Elena doctoral thesis (2015), Annex 1, sector-specific questionnaires",2812,2812,Use as source-preserved sector-specific instrument; do not label as validated.
sec_vet_personnel,Centros veterinarios — Personal veterinario,final_2015_annex1_unvalidated,sector_specific_questionnaire,Centros veterinarios,Personal veterinario,CONSIDERACIONES GENERALES,6,6,SEC-VET-PERSONNEL-F2015-006,"¿El mobiliario es robusto y hay espacio suficiente, entre ellos, para facilitar la limpieza?",yes_no_not_applicable,binary_yes_no_na,binary_yes_no_na,not_validated_insufficient_sector_sample,"Aguilar Elena doctoral thesis (2015), Annex 1, sector-specific questionnaires",2813,2813,Use as source-preserved sector-specific instrument; do not label as validated.
sec_vet_personnel,Centros veterinarios — Personal veterinario,final_2015_annex1_unvalidated,sector_specific_questionnaire,Centros veterinarios,Personal veterinario,CONSIDERACIONES GENERALES,7,7,SEC-VET-PERSONNEL-F2015-007,¿Las salas se pueden desinfectar?,yes_no_not_applicable,binary_yes_no_na,binary_yes_no_na,not_validated_insufficient_sector_sample,"Aguilar Elena doctoral thesis (2015), Annex 1, sector-specific questionnaires",2814,2814,Use as source-preserved sector-specific instrument; do not label as validated.
sec_vet_personnel,Centros veterinarios — Personal veterinario,final_2015_annex1_unvalidated,sector_specific_questionnaire,Centros veterinarios,Personal veterinario,CONSIDERACIONES GENERALES,8,8,SEC-VET-PERSONNEL-F2015-008,"¿Las salas de descanso son adecuadas para comer, con nevera para alimentos,…?",yes_no_not_applicable,binary_yes_no_na,binary_yes_no_na,not_validated_insufficient_sector_sample,"Aguilar Elena doctoral thesis (2015), Annex 1, sector-specific questionnaires",2815,2815,Use as source-preserved sector-specific instrument; do not label as validated.
sec_vet_personnel,Centros veterinarios — Personal veterinario,final_2015_annex1_unvalidated,sector_specific_questionnaire,Centros veterinarios,Personal veterinario,CONSIDERACIONES GENERALES,9,9,SEC-VET-PERSONNEL-F2015-009,"¿Existen bolsas para la ropa de lavandería, diferenciadas para la ropa posiblemente contaminada o muy sucia (que se hayan utilizado para recoger, por ejemplo, grandes cantidades de sangre o cualquier fluido biológico)?",yes_no_not_applicable,binary_yes_no_na,binary_yes_no_na,not_validated_insufficient_sector_sample,"Aguilar Elena doctoral thesis (2015), Annex 1, sector-specific questionnaires",2816,2818,Use as source-preserved sector-specific instrument; do not label as validated.
sec_vet_personnel,Centros veterinarios — Personal veterinario,final_2015_annex1_unvalidated,sector_specific_questionnaire,Centros veterinarios,Personal veterinario,CONSIDERACIONES GENERALES,10,10,SEC-VET-PERSONNEL-F2015-010,¿Hay vestuarios provistos de dobles taquillas u otro sistema que impida que la ropa de trabajo se mezcle con la ropa de calle?,yes_no_not_applicable,binary_yes_no_na,binary_yes_no_na,not_validated_insufficient_sector_sample,"Aguilar Elena doctoral thesis (2015), Annex 1, sector-specific questionnaires",2819,2820,Use as source-preserved sector-specific instrument; do not label as validated.
sec_vet_personnel,Centros veterinarios — Personal veterinario,final_2015_annex1_unvalidated,sector_specific_questionnaire,Centros veterinarios,Personal veterinario,CONSIDERACIONES GENERALES,11,11,SEC-VET-PERSONNEL-F2015-011,"¿Se realiza limpieza de las herramientas utilizadas y de las instalaciones con un agente desinfectante de amplio espectro (bactericida, fungicida y virucida)?",yes_no_not_applicable,binary_yes_no_na,binary_yes_no_na,not_validated_insufficient_sector_sample,"Aguilar Elena doctoral thesis (2015), Annex 1, sector-specific questionnaires",2821,2822,Use as source-preserved sector-specific instrument; do not label as validated.
sec_vet_personnel,Centros veterinarios — Personal veterinario,final_2015_annex1_unvalidated,sector_specific_questionnaire,Centros veterinarios,Personal veterinario,CONSIDERACIONES GENERALES,12,12,SEC-VET-PERSONNEL-F2015-012,"¿El personal lleva, en particular, ropa de trabajo y calzado adecuado y otras prendas de protección?",yes_no_not_applicable,binary_yes_no_na,binary_yes_no_na,not_validated_insufficient_sector_sample,"Aguilar Elena doctoral thesis (2015), Annex 1, sector-specific questionnaires",2823,2824,Use as source-preserved sector-specific instrument; do not label as validated.
sec_vet_personnel,Centros veterinarios — Personal veterinario,final_2015_annex1_unvalidated,sector_specific_questionnaire,Centros veterinarios,Personal veterinario,CONSIDERACIONES GENERALES,13,13,SEC-VET-PERSONNEL-F2015-013,¿Los trabajadores usan bata y uniforme de trabajo para evitar que pueda contaminarse la ropa de calle?,yes_no_not_applicable,binary_yes_no_na,binary_yes_no_na,not_validated_insufficient_sector_sample,"Aguilar Elena doctoral thesis (2015), Annex 1, sector-specific questionnaires",2825,2826,Use as source-preserved sector-specific instrument; do not label as validated.
sec_vet_personnel,Centros veterinarios — Personal veterinario,final_2015_annex1_unvalidated,sector_specific_questionnaire,Centros veterinarios,Personal veterinario,CONSIDERACIONES GENERALES,14,14,SEC-VET-PERSONNEL-F2015-014,¿La bata si está manchada se cambia tan pronto como es posible y después se lavan las manos?,yes_no_not_applicable,binary_yes_no_na,binary_yes_no_na,not_validated_insufficient_sector_sample,"Aguilar Elena doctoral thesis (2015), Annex 1, sector-specific questionnaires",2827,2828,Use as source-preserved sector-specific instrument; do not label as validated.
sec_vet_personnel,Centros veterinarios — Personal veterinario,final_2015_annex1_unvalidated,sector_specific_questionnaire,Centros veterinarios,Personal veterinario,CONSIDERACIONES GENERALES,15,15,SEC-VET-PERSONNEL-F2015-015,"Al salir de la zona de trabajo (zonas de contención), ¿el trabajador se quita las ropas de trabajo y los equipos de protección individual potencialmente contaminados y sucios y los guarda en un lugar que no contiene otras prendas?",yes_no_not_applicable,binary_yes_no_na,binary_yes_no_na,not_validated_insufficient_sector_sample,"Aguilar Elena doctoral thesis (2015), Annex 1, sector-specific questionnaires",2829,2831,Use as source-preserved sector-specific instrument; do not label as validated.
sec_vet_personnel,Centros veterinarios — Personal veterinario,final_2015_annex1_unvalidated,sector_specific_questionnaire,Centros veterinarios,Personal veterinario,CONSIDERACIONES GENERALES,16,16,SEC-VET-PERSONNEL-F2015-016,¿Se cambia de guantes tras el contacto con cada paciente y siempre que el guante se rompa? Cuando el guante se rompa se deben lavar inmediatamente las manos con agua y jabón antiséptico,yes_no_not_applicable,binary_yes_no_na,binary_yes_no_na,not_validated_insufficient_sector_sample,"Aguilar Elena doctoral thesis (2015), Annex 1, sector-specific questionnaires",2832,2834,Use as source-preserved sector-specific instrument; do not label as validated.
sec_vet_personnel,Centros veterinarios — Personal veterinario,final_2015_annex1_unvalidated,sector_specific_questionnaire,Centros veterinarios,Personal veterinario,CONSIDERACIONES GENERALES,17,17,SEC-VET-PERSONNEL-F2015-017,¿Se utiliza calzado exclusivo de la zona quirúrgica? Si esto no es posible ¿se utilizan calzas?,yes_no_not_applicable,binary_yes_no_na,binary_yes_no_na,not_validated_insufficient_sector_sample,"Aguilar Elena doctoral thesis (2015), Annex 1, sector-specific questionnaires",2835,2835,Use as source-preserved sector-specific instrument; do not label as validated.
sec_vet_personnel,Centros veterinarios — Personal veterinario,final_2015_annex1_unvalidated,sector_specific_questionnaire,Centros veterinarios,Personal veterinario,CONSIDERACIONES GENERALES,18,18,SEC-VET-PERSONNEL-F2015-018,¿El personal de quirófano no circula por las zonas comunes con el uniforme típico de la zona quirúrgica?,yes_no_not_applicable,binary_yes_no_na,binary_yes_no_na,not_validated_insufficient_sector_sample,"Aguilar Elena doctoral thesis (2015), Annex 1, sector-specific questionnaires",2836,2837,Use as source-preserved sector-specific instrument; do not label as validated.
sec_vet_personnel,Centros veterinarios — Personal veterinario,final_2015_annex1_unvalidated,sector_specific_questionnaire,Centros veterinarios,Personal veterinario,CONSIDERACIONES GENERALES,19,19,SEC-VET-PERSONNEL-F2015-019,¿Las mascarillas utilizadas se ajustan adecuadamente? La mascarilla debe cubrir la nariz y mentón ajustando las cintas de la cabeza adecuadamente y se cambia cuando se humedezca.,yes_no_not_applicable,binary_yes_no_na,binary_yes_no_na,not_validated_insufficient_sector_sample,"Aguilar Elena doctoral thesis (2015), Annex 1, sector-specific questionnaires",2838,2840,Use as source-preserved sector-specific instrument; do not label as validated.
sec_vet_personnel,Centros veterinarios — Personal veterinario,final_2015_annex1_unvalidated,sector_specific_questionnaire,Centros veterinarios,Personal veterinario,CONSIDERACIONES GENERALES,20,20,SEC-VET-PERSONNEL-F2015-020,¿Los quirófanos disponen de presión positiva?,yes_no_not_applicable,binary_yes_no_na,binary_yes_no_na,not_validated_insufficient_sector_sample,"Aguilar Elena doctoral thesis (2015), Annex 1, sector-specific questionnaires",2841,2841,Use as source-preserved sector-specific instrument; do not label as validated.
sec_vet_personnel,Centros veterinarios — Personal veterinario,final_2015_annex1_unvalidated,sector_specific_questionnaire,Centros veterinarios,Personal veterinario,CONSIDERACIONES GENERALES,21,21,SEC-VET-PERSONNEL-F2015-021,¿Las puertas garantizan la estanqueidad de las zonas de quirófano?,yes_no_not_applicable,binary_yes_no_na,binary_yes_no_na,not_validated_insufficient_sector_sample,"Aguilar Elena doctoral thesis (2015), Annex 1, sector-specific questionnaires",2842,2842,Use as source-preserved sector-specific instrument; do not label as validated.
sec_vet_personnel,Centros veterinarios — Personal veterinario,final_2015_annex1_unvalidated,sector_specific_questionnaire,Centros veterinarios,Personal veterinario,CONSIDERACIONES GENERALES,22,22,SEC-VET-PERSONNEL-F2015-022,¿Se dispone de procedimiento de actuación en caso de tratamiento de pacientes con enfermedades del grupo 3 y 4?,yes_no_not_applicable,binary_yes_no_na,binary_yes_no_na,not_validated_insufficient_sector_sample,"Aguilar Elena doctoral thesis (2015), Annex 1, sector-specific questionnaires",2843,2844,Use as source-preserved sector-specific instrument; do not label as validated.
sec_vet_personnel,Centros veterinarios — Personal veterinario,final_2015_annex1_unvalidated,sector_specific_questionnaire,Centros veterinarios,Personal veterinario,CONSIDERACIONES GENERALES,23,23,SEC-VET-PERSONNEL-F2015-023,"¿También se cambiará de guantes cuando entre tareas, en el mismo paciente, si se manchan con material altamente contaminado?",yes_no_not_applicable,binary_yes_no_na,binary_yes_no_na,not_validated_insufficient_sector_sample,"Aguilar Elena doctoral thesis (2015), Annex 1, sector-specific questionnaires",2845,2846,Use as source-preserved sector-specific instrument; do not label as validated.
sec_vet_personnel,Centros veterinarios — Personal veterinario,final_2015_annex1_unvalidated,sector_specific_questionnaire,Centros veterinarios,Personal veterinario,CONSIDERACIONES GENERALES,24,24,SEC-VET-PERSONNEL-F2015-024,"¿Se usan siempre los guantes cuando hay: presencia de heridas o lesiones cutáneas; al entrar en contacto con la piel no intacta o mucosas del paciente; en la manipulación de objetos, materia o superficies contaminadas con fluidos biológicos?",yes_no_not_applicable,binary_yes_no_na,binary_yes_no_na,not_validated_insufficient_sector_sample,"Aguilar Elena doctoral thesis (2015), Annex 1, sector-specific questionnaires",2847,2849,Use as source-preserved sector-specific instrument; do not label as validated.
sec_vet_personnel,Centros veterinarios — Personal veterinario,final_2015_annex1_unvalidated,sector_specific_questionnaire,Centros veterinarios,Personal veterinario,CONSIDERACIONES GENERALES,25,25,SEC-VET-PERSONNEL-F2015-025,"¿Y se utilizan los guantes en caso de extracciones, administración de tratamientos intravenosos o canalizaciones de venas?",yes_no_not_applicable,binary_yes_no_na,binary_yes_no_na,not_validated_insufficient_sector_sample,"Aguilar Elena doctoral thesis (2015), Annex 1, sector-specific questionnaires",2850,2851,Use as source-preserved sector-specific instrument; do not label as validated.
sec_vet_personnel,Centros veterinarios — Personal veterinario,final_2015_annex1_unvalidated,sector_specific_questionnaire,Centros veterinarios,Personal veterinario,CONSIDERACIONES GENERALES,26,26,SEC-VET-PERSONNEL-F2015-026,¿Se usan las mascarillas cuando se prevé la producción de salpicaduras de sangre o fluidos biológicos a la mucosa nasal y oral?,yes_no_not_applicable,binary_yes_no_na,binary_yes_no_na,not_validated_insufficient_sector_sample,"Aguilar Elena doctoral thesis (2015), Annex 1, sector-specific questionnaires",2852,2853,Use as source-preserved sector-specific instrument; do not label as validated.
sec_vet_personnel,Centros veterinarios — Personal veterinario,final_2015_annex1_unvalidated,sector_specific_questionnaire,Centros veterinarios,Personal veterinario,CONSIDERACIONES GENERALES,27,27,SEC-VET-PERSONNEL-F2015-027,¿Los trabajadores usan respiradores cuando se realizan técnicas de respiración boca –boca o respiración asistida?,yes_no_not_applicable,binary_yes_no_na,binary_yes_no_na,not_validated_insufficient_sector_sample,"Aguilar Elena doctoral thesis (2015), Annex 1, sector-specific questionnaires",2854,2860,Use as source-preserved sector-specific instrument; do not label as validated.
sec_vet_personnel,Centros veterinarios — Personal veterinario,final_2015_annex1_unvalidated,sector_specific_questionnaire,Centros veterinarios,Personal veterinario,CONSIDERACIONES GENERALES,28,28,SEC-VET-PERSONNEL-F2015-028,¿Hay control y reposición de equipos de protección individual y tiene lugar de almacenamiento?,yes_no_not_applicable,binary_yes_no_na,binary_yes_no_na,not_validated_insufficient_sector_sample,"Aguilar Elena doctoral thesis (2015), Annex 1, sector-specific questionnaires",2861,2861,Use as source-preserved sector-specific instrument; do not label as validated.
sec_vet_personnel,Centros veterinarios — Personal veterinario,final_2015_annex1_unvalidated,sector_specific_questionnaire,Centros veterinarios,Personal veterinario,CONSIDERACIONES GENERALES,29,29,SEC-VET-PERSONNEL-F2015-029,¿Los trabajadores tienen ropa de trabajo adecuada para cada tarea a realizar?,yes_no_not_applicable,binary_yes_no_na,binary_yes_no_na,not_validated_insufficient_sector_sample,"Aguilar Elena doctoral thesis (2015), Annex 1, sector-specific questionnaires",2862,2862,Use as source-preserved sector-specific instrument; do not label as validated.
sec_vet_personnel,Centros veterinarios — Personal veterinario,final_2015_annex1_unvalidated,sector_specific_questionnaire,Centros veterinarios,Personal veterinario,CONSIDERACIONES GENERALES,30,30,SEC-VET-PERSONNEL-F2015-030,¿Cuándo se produzca un derrame de muestras procedente de los pacientes se recogen inmediatamente?,yes_no_not_applicable,binary_yes_no_na,binary_yes_no_na,not_validated_insufficient_sector_sample,"Aguilar Elena doctoral thesis (2015), Annex 1, sector-specific questionnaires",2863,2864,Use as source-preserved sector-specific instrument; do not label as validated.
sec_vet_personnel,Centros veterinarios — Personal veterinario,final_2015_annex1_unvalidated,sector_specific_questionnaire,Centros veterinarios,Personal veterinario,CONSIDERACIONES GENERALES,31,31,SEC-VET-PERSONNEL-F2015-031,"¿Se señaliza con el signo de riesgos biológicos los armarios, neveras, muestras, etc. en las que se guarden material biológico?",yes_no_not_applicable,binary_yes_no_na,binary_yes_no_na,not_validated_insufficient_sector_sample,"Aguilar Elena doctoral thesis (2015), Annex 1, sector-specific questionnaires",2865,2866,Use as source-preserved sector-specific instrument; do not label as validated.
sec_vet_personnel,Centros veterinarios — Personal veterinario,final_2015_annex1_unvalidated,sector_specific_questionnaire,Centros veterinarios,Personal veterinario,CONSIDERACIONES GENERALES,32,32,SEC-VET-PERSONNEL-F2015-032,¿Se dispone de zonas específicas con filtros HEPA en los sistemas de ventilación?,yes_no_not_applicable,binary_yes_no_na,binary_yes_no_na,not_validated_insufficient_sector_sample,"Aguilar Elena doctoral thesis (2015), Annex 1, sector-specific questionnaires",2867,2867,Use as source-preserved sector-specific instrument; do not label as validated.
sec_vet_personnel,Centros veterinarios — Personal veterinario,final_2015_annex1_unvalidated,sector_specific_questionnaire,Centros veterinarios,Personal veterinario,EXPOSICIÓN A RESIDUOS O FLUIDOS BIOLÓGICOS,33,33,SEC-VET-PERSONNEL-F2015-033,¿Se prohíbe la utilización de agujas hipodérmicas?,yes_no_not_applicable,binary_yes_no_na,binary_yes_no_na,not_validated_insufficient_sector_sample,"Aguilar Elena doctoral thesis (2015), Annex 1, sector-specific questionnaires",2869,2869,Use as source-preserved sector-specific instrument; do not label as validated.
sec_vet_personnel,Centros veterinarios — Personal veterinario,final_2015_annex1_unvalidated,sector_specific_questionnaire,Centros veterinarios,Personal veterinario,EXPOSICIÓN A RESIDUOS O FLUIDOS BIOLÓGICOS,34,34,SEC-VET-PERSONNEL-F2015-034,Si no está prohibida la utilización de agujas ¿Se prohíbe reencapsular las agujas?,yes_no_not_applicable,binary_yes_no_na,binary_yes_no_na,not_validated_insufficient_sector_sample,"Aguilar Elena doctoral thesis (2015), Annex 1, sector-specific questionnaires",2870,2870,Use as source-preserved sector-specific instrument; do not label as validated.
sec_vet_personnel,Centros veterinarios — Personal veterinario,final_2015_annex1_unvalidated,sector_specific_questionnaire,Centros veterinarios,Personal veterinario,EXPOSICIÓN A RESIDUOS O FLUIDOS BIOLÓGICOS,35,35,SEC-VET-PERSONNEL-F2015-035,¿Se procede siempre a la retirada inmediata del conjunto aguja – jeringa?,yes_no_not_applicable,binary_yes_no_na,binary_yes_no_na,not_validated_insufficient_sector_sample,"Aguilar Elena doctoral thesis (2015), Annex 1, sector-specific questionnaires",2871,2871,Use as source-preserved sector-specific instrument; do not label as validated.
sec_vet_personnel,Centros veterinarios — Personal veterinario,final_2015_annex1_unvalidated,sector_specific_questionnaire,Centros veterinarios,Personal veterinario,EXPOSICIÓN A RESIDUOS O FLUIDOS BIOLÓGICOS,36,36,SEC-VET-PERSONNEL-F2015-036,¿Los objetos punzantes y/o cortantes se manejan con extremo cuidado?,yes_no_not_applicable,binary_yes_no_na,binary_yes_no_na,not_validated_insufficient_sector_sample,"Aguilar Elena doctoral thesis (2015), Annex 1, sector-specific questionnaires",2872,2872,Use as source-preserved sector-specific instrument; do not label as validated.
sec_vet_personnel,Centros veterinarios — Personal veterinario,final_2015_annex1_unvalidated,sector_specific_questionnaire,Centros veterinarios,Personal veterinario,EXPOSICIÓN A RESIDUOS O FLUIDOS BIOLÓGICOS,37,37,SEC-VET-PERSONNEL-F2015-037,"¿Se evita el uso de agujas cuando existen alternativas seguras y efectivas (agujas con dispositivos de seguridad,...)?",yes_no_not_applicable,binary_yes_no_na,binary_yes_no_na,not_validated_insufficient_sector_sample,"Aguilar Elena doctoral thesis (2015), Annex 1, sector-specific questionnaires",2873,2874,Use as source-preserved sector-specific instrument; do not label as validated.
sec_vet_personnel,Centros veterinarios — Personal veterinario,final_2015_annex1_unvalidated,sector_specific_questionnaire,Centros veterinarios,Personal veterinario,EXPOSICIÓN A RESIDUOS O FLUIDOS BIOLÓGICOS,38,38,SEC-VET-PERSONNEL-F2015-038,"¿Se utiliza, para la eliminación de agujas y material cortante, un contenedor rígido adecuado que se encuentra en las inmediaciones para su eliminación?",yes_no_not_applicable,binary_yes_no_na,binary_yes_no_na,not_validated_insufficient_sector_sample,"Aguilar Elena doctoral thesis (2015), Annex 1, sector-specific questionnaires",2875,2876,Use as source-preserved sector-specific instrument; do not label as validated.
sec_vet_personnel,Centros veterinarios — Personal veterinario,final_2015_annex1_unvalidated,sector_specific_questionnaire,Centros veterinarios,Personal veterinario,EXPOSICIÓN A RESIDUOS O FLUIDOS BIOLÓGICOS,39,39,SEC-VET-PERSONNEL-F2015-039,"¿Para cualquier técnica o manipulación, se realiza de manera que se minimice la creación de aerosoles (por inyección violenta de líquidos o jeringas que puedan generar aerosoles)?",yes_no_not_applicable,binary_yes_no_na,binary_yes_no_na,not_validated_insufficient_sector_sample,"Aguilar Elena doctoral thesis (2015), Annex 1, sector-specific questionnaires",2877,2878,Use as source-preserved sector-specific instrument; do not label as validated.
sec_vet_personnel,Centros veterinarios — Personal veterinario,final_2015_annex1_unvalidated,sector_specific_questionnaire,Centros veterinarios,Personal veterinario,EXPOSICIÓN A RESIDUOS O FLUIDOS BIOLÓGICOS,40,40,SEC-VET-PERSONNEL-F2015-040,¿Antes de iniciar cualquier procedimiento en el que se utilicen agujas se realizan los preparativos de manipulación y eliminación segura de los mismos?,yes_no_not_applicable,binary_yes_no_na,binary_yes_no_na,not_validated_insufficient_sector_sample,"Aguilar Elena doctoral thesis (2015), Annex 1, sector-specific questionnaires",2879,2880,Use as source-preserved sector-specific instrument; do not label as validated.
sec_vet_personnel,Centros veterinarios — Personal veterinario,final_2015_annex1_unvalidated,sector_specific_questionnaire,Centros veterinarios,Personal veterinario,EXPOSICIÓN A RESIDUOS O FLUIDOS BIOLÓGICOS,41,41,SEC-VET-PERSONNEL-F2015-041,¿Cada empleado se ocupa de la retirada o limpieza del material punzante o cortante contaminado que utiliza?,yes_no_not_applicable,binary_yes_no_na,binary_yes_no_na,not_validated_insufficient_sector_sample,"Aguilar Elena doctoral thesis (2015), Annex 1, sector-specific questionnaires",2881,2882,Use as source-preserved sector-specific instrument; do not label as validated.
sec_vet_personnel,Centros veterinarios — Personal veterinario,final_2015_annex1_unvalidated,sector_specific_questionnaire,Centros veterinarios,Personal veterinario,EXPOSICIÓN A RESIDUOS O FLUIDOS BIOLÓGICOS,42,42,SEC-VET-PERSONNEL-F2015-042,¿Se comprueba que los objetos punzantes y cortantes no han quedado abandonados fuera del contenedor apropiado y se comprueba que no va entre la ropa que se envía a lavandería?,yes_no_not_applicable,binary_yes_no_na,binary_yes_no_na,not_validated_insufficient_sector_sample,"Aguilar Elena doctoral thesis (2015), Annex 1, sector-specific questionnaires",2883,2884,Use as source-preserved sector-specific instrument; do not label as validated.
sec_vet_personnel,Centros veterinarios — Personal veterinario,final_2015_annex1_unvalidated,sector_specific_questionnaire,Centros veterinarios,Personal veterinario,EXPOSICIÓN A RESIDUOS O FLUIDOS BIOLÓGICOS,43,43,SEC-VET-PERSONNEL-F2015-043,¿Se informa de todas las lesiones con agujas y otros elementos cortantes rápidamente para asegurarse de recibir el tratamiento de seguimiento adecuado?,yes_no_not_applicable,binary_yes_no_na,binary_yes_no_na,not_validated_insufficient_sector_sample,"Aguilar Elena doctoral thesis (2015), Annex 1, sector-specific questionnaires",2885,2886,Use as source-preserved sector-specific instrument; do not label as validated.
sec_vet_personnel,Centros veterinarios — Personal veterinario,final_2015_annex1_unvalidated,sector_specific_questionnaire,Centros veterinarios,Personal veterinario,EXPOSICIÓN A RESIDUOS O FLUIDOS BIOLÓGICOS,44,44,SEC-VET-PERSONNEL-F2015-044,"¿Las superficies de trabajo se descontaminan, al menos, una vez al día y siempre que se produzca un derrame de material que pueda ser infeccioso?",yes_no_not_applicable,binary_yes_no_na,binary_yes_no_na,not_validated_insufficient_sector_sample,"Aguilar Elena doctoral thesis (2015), Annex 1, sector-specific questionnaires",2887,2888,Use as source-preserved sector-specific instrument; do not label as validated.
sec_vet_personnel,Centros veterinarios — Personal veterinario,final_2015_annex1_unvalidated,sector_specific_questionnaire,Centros veterinarios,Personal veterinario,TRANSPORTE DE MUESTRAS Y ALMACENAMIENTO DE RESIDUOS,45,45,SEC-VET-PERSONNEL-F2015-045,¿Se reciben todas las muestras en condiciones de seguridad?,yes_no_not_applicable,binary_yes_no_na,binary_yes_no_na,not_validated_insufficient_sector_sample,"Aguilar Elena doctoral thesis (2015), Annex 1, sector-specific questionnaires",2890,2890,Use as source-preserved sector-specific instrument; do not label as validated.
sec_vet_personnel,Centros veterinarios — Personal veterinario,final_2015_annex1_unvalidated,sector_specific_questionnaire,Centros veterinarios,Personal veterinario,TRANSPORTE DE MUESTRAS Y ALMACENAMIENTO DE RESIDUOS,46,46,SEC-VET-PERSONNEL-F2015-046,¿Se mantienen registros de los materiales recibidos?,yes_no_not_applicable,binary_yes_no_na,binary_yes_no_na,not_validated_insufficient_sector_sample,"Aguilar Elena doctoral thesis (2015), Annex 1, sector-specific questionnaires",2891,2891,Use as source-preserved sector-specific instrument; do not label as validated.
sec_vet_personnel,Centros veterinarios — Personal veterinario,final_2015_annex1_unvalidated,sector_specific_questionnaire,Centros veterinarios,Personal veterinario,TRANSPORTE DE MUESTRAS Y ALMACENAMIENTO DE RESIDUOS,47,47,SEC-VET-PERSONNEL-F2015-047,¿Se utilizan guantes y otras prendas de protección para desempaquetar las muestras?,yes_no_not_applicable,binary_yes_no_na,binary_yes_no_na,not_validated_insufficient_sector_sample,"Aguilar Elena doctoral thesis (2015), Annex 1, sector-specific questionnaires",2892,2892,Use as source-preserved sector-specific instrument; do not label as validated.
sec_vet_personnel,Centros veterinarios — Personal veterinario,final_2015_annex1_unvalidated,sector_specific_questionnaire,Centros veterinarios,Personal veterinario,TRANSPORTE DE MUESTRAS Y ALMACENAMIENTO DE RESIDUOS,48,48,SEC-VET-PERSONNEL-F2015-048,¿Se adiestra al personal para enviar las sustancias infecciosas de acuerdo con las normas nacionales o internacionales vigentes?,yes_no_not_applicable,binary_yes_no_na,binary_yes_no_na,not_validated_insufficient_sector_sample,"Aguilar Elena doctoral thesis (2015), Annex 1, sector-specific questionnaires",2893,2894,Use as source-preserved sector-specific instrument; do not label as validated.
sec_vet_personnel,Centros veterinarios — Personal veterinario,final_2015_annex1_unvalidated,sector_specific_questionnaire,Centros veterinarios,Personal veterinario,TRANSPORTE DE MUESTRAS Y ALMACENAMIENTO DE RESIDUOS,49,49,SEC-VET-PERSONNEL-F2015-049,¿Conocen todos los miembros del personal los procedimientos para tratar roturas y derrames de cultivos y material infeccioso?,yes_no_not_applicable,binary_yes_no_na,binary_yes_no_na,not_validated_insufficient_sector_sample,"Aguilar Elena doctoral thesis (2015), Annex 1, sector-specific questionnaires",2895,2896,Use as source-preserved sector-specific instrument; do not label as validated.
sec_vet_personnel,Centros veterinarios — Personal veterinario,final_2015_annex1_unvalidated,sector_specific_questionnaire,Centros veterinarios,Personal veterinario,TRANSPORTE DE MUESTRAS Y ALMACENAMIENTO DE RESIDUOS,50,50,SEC-VET-PERSONNEL-F2015-050,¿Hay un sistema adecuado de gestión de residuos con contenedores diferenciados para cada tipo de residuo y se procuran sustituir los llenos por otros vacíos con la frecuencia suficiente para que no se llenen más de lo necesario (únicamente se tienen que llenar las tres terceras partes)?,yes_no_not_applicable,binary_yes_no_na,binary_yes_no_na,not_validated_insufficient_sector_sample,"Aguilar Elena doctoral thesis (2015), Annex 1, sector-specific questionnaires",2897,2899,Use as source-preserved sector-specific instrument; do not label as validated.
sec_vet_personnel,Centros veterinarios — Personal veterinario,final_2015_annex1_unvalidated,sector_specific_questionnaire,Centros veterinarios,Personal veterinario,TRANSPORTE DE MUESTRAS Y ALMACENAMIENTO DE RESIDUOS,51,51,SEC-VET-PERSONNEL-F2015-051,"¿Hay material y/o dispositivos con mecanismos de seguridad (agujas con dispositivos de seguridad que impiden el pinchazo, etc.) están a disposición de los trabajadores y se procura difundir su uso entre el personal?",yes_no_not_applicable,binary_yes_no_na,binary_yes_no_na,not_validated_insufficient_sector_sample,"Aguilar Elena doctoral thesis (2015), Annex 1, sector-specific questionnaires",2900,2902,Use as source-preserved sector-specific instrument; do not label as validated.
sec_vet_personnel,Centros veterinarios — Personal veterinario,final_2015_annex1_unvalidated,sector_specific_questionnaire,Centros veterinarios,Personal veterinario,TRANSPORTE DE MUESTRAS Y ALMACENAMIENTO DE RESIDUOS,52,52,SEC-VET-PERSONNEL-F2015-052,¿Los recipientes para traslados de muestras se limpian con desinfectante adecuado cuando se derrama o ensucian por fuera?,yes_no_not_applicable,binary_yes_no_na,binary_yes_no_na,not_validated_insufficient_sector_sample,"Aguilar Elena doctoral thesis (2015), Annex 1, sector-specific questionnaires",2903,2904,Use as source-preserved sector-specific instrument; do not label as validated.
sec_vet_personnel,Centros veterinarios — Personal veterinario,final_2015_annex1_unvalidated,sector_specific_questionnaire,Centros veterinarios,Personal veterinario,TRANSPORTE DE MUESTRAS Y ALMACENAMIENTO DE RESIDUOS,53,53,SEC-VET-PERSONNEL-F2015-053,"¿No se dejan bolsas ni recipientes de residuos en lugares no previstos, excepto donde se han producido, o bien en el almacén (o almacenes intermedios que estén delimitados, adecuados y señalizados)?",yes_no_not_applicable,binary_yes_no_na,binary_yes_no_na,not_validated_insufficient_sector_sample,"Aguilar Elena doctoral thesis (2015), Annex 1, sector-specific questionnaires",2905,2907,Use as source-preserved sector-specific instrument; do not label as validated.
sec_vet_personnel,Centros veterinarios — Personal veterinario,final_2015_annex1_unvalidated,sector_specific_questionnaire,Centros veterinarios,Personal veterinario,TRANSPORTE DE MUESTRAS Y ALMACENAMIENTO DE RESIDUOS,54,54,SEC-VET-PERSONNEL-F2015-054,¿Las bolsas de residuos no se almacenan unas encima de otras; si no unas al lado de otras sobre superficies horizontales?,yes_no_not_applicable,binary_yes_no_na,binary_yes_no_na,not_validated_insufficient_sector_sample,"Aguilar Elena doctoral thesis (2015), Annex 1, sector-specific questionnaires",2908,2909,Use as source-preserved sector-specific instrument; do not label as validated.
sec_vet_personnel,Centros veterinarios — Personal veterinario,final_2015_annex1_unvalidated,sector_specific_questionnaire,Centros veterinarios,Personal veterinario,TRANSPORTE DE MUESTRAS Y ALMACENAMIENTO DE RESIDUOS,55,55,SEC-VET-PERSONNEL-F2015-055,"Las bolsas de residuos no se arrastran por el suelo, ¿se usan sistemas de transporte?",yes_no_not_applicable,binary_yes_no_na,binary_yes_no_na,not_validated_insufficient_sector_sample,"Aguilar Elena doctoral thesis (2015), Annex 1, sector-specific questionnaires",2910,2910,Use as source-preserved sector-specific instrument; do not label as validated.
sec_vet_personnel,Centros veterinarios — Personal veterinario,final_2015_annex1_unvalidated,sector_specific_questionnaire,Centros veterinarios,Personal veterinario,TRANSPORTE DE MUESTRAS Y ALMACENAMIENTO DE RESIDUOS,56,56,SEC-VET-PERSONNEL-F2015-056,¿Se etiquetan adecuadamente las bolsas de residuos?,yes_no_not_applicable,binary_yes_no_na,binary_yes_no_na,not_validated_insufficient_sector_sample,"Aguilar Elena doctoral thesis (2015), Annex 1, sector-specific questionnaires",2911,2911,Use as source-preserved sector-specific instrument; do not label as validated.
sec_vet_personnel,Centros veterinarios — Personal veterinario,final_2015_annex1_unvalidated,sector_specific_questionnaire,Centros veterinarios,Personal veterinario,TRANSPORTE DE MUESTRAS Y ALMACENAMIENTO DE RESIDUOS,57,57,SEC-VET-PERSONNEL-F2015-057,"¿En la estructura o carro de transporte de residuos no se comprimen las bolsas para poder transportar más cantidad en un trayecto, ni se sobrepasa el nivel que permita cerrar la tapa del carro?",yes_no_not_applicable,binary_yes_no_na,binary_yes_no_na,not_validated_insufficient_sector_sample,"Aguilar Elena doctoral thesis (2015), Annex 1, sector-specific questionnaires",2912,2919,Use as source-preserved sector-specific instrument; do not label as validated.
sec_vet_personnel,Centros veterinarios — Personal veterinario,final_2015_annex1_unvalidated,sector_specific_questionnaire,Centros veterinarios,Personal veterinario,CUARENTENA TRANSPORTE Y RECEPCIÓN DE LOS ANIMALES,58,58,SEC-VET-PERSONNEL-F2015-058,¿Se asegura una cuarentena mínima de 15 días antes de la recepción de los animales en el laboratorio?,yes_no_not_applicable,binary_yes_no_na,binary_yes_no_na,not_validated_insufficient_sector_sample,"Aguilar Elena doctoral thesis (2015), Annex 1, sector-specific questionnaires",2921,2922,Use as source-preserved sector-specific instrument; do not label as validated.
sec_vet_personnel,Centros veterinarios — Personal veterinario,final_2015_annex1_unvalidated,sector_specific_questionnaire,Centros veterinarios,Personal veterinario,CUARENTENA TRANSPORTE Y RECEPCIÓN DE LOS ANIMALES,59,59,SEC-VET-PERSONNEL-F2015-059,¿Se aíslan los animales sanos de aquellos que muestren signos de enfermedades contagiosas en la colonia?,yes_no_not_applicable,binary_yes_no_na,binary_yes_no_na,not_validated_insufficient_sector_sample,"Aguilar Elena doctoral thesis (2015), Annex 1, sector-specific questionnaires",2923,2924,Use as source-preserved sector-specific instrument; do not label as validated.
sec_vet_personnel,Centros veterinarios — Personal veterinario,final_2015_annex1_unvalidated,sector_specific_questionnaire,Centros veterinarios,Personal veterinario,CUARENTENA TRANSPORTE Y RECEPCIÓN DE LOS ANIMALES,60,60,SEC-VET-PERSONNEL-F2015-060,"¿Los traslados de animales, incluyendo aquellos dentro del laboratorio, se organizan para minimizar el tiempo de traslado, el riesgo de zoonosis, protegerlos contra condiciones climáticas extremas y evitar el hacinamiento?",yes_no_not_applicable,binary_yes_no_na,binary_yes_no_na,not_validated_insufficient_sector_sample,"Aguilar Elena doctoral thesis (2015), Annex 1, sector-specific questionnaires",2925,2927,Use as source-preserved sector-specific instrument; do not label as validated.
sec_vet_personnel,Centros veterinarios — Personal veterinario,final_2015_annex1_unvalidated,sector_specific_questionnaire,Centros veterinarios,Personal veterinario,CUARENTENA TRANSPORTE Y RECEPCIÓN DE LOS ANIMALES,61,61,SEC-VET-PERSONNEL-F2015-061,¿Antes de realizar el transporte de animales se revisa cada embarque para comprobar el cumplimiento de las especificaciones de adquisición y si presentan signos clínicos de enfermedad se cancela el envío de animales?,yes_no_not_applicable,binary_yes_no_na,binary_yes_no_na,not_validated_insufficient_sector_sample,"Aguilar Elena doctoral thesis (2015), Annex 1, sector-specific questionnaires",2928,2930,Use as source-preserved sector-specific instrument; do not label as validated.
sec_vet_personnel,Centros veterinarios — Personal veterinario,final_2015_annex1_unvalidated,sector_specific_questionnaire,Centros veterinarios,Personal veterinario,CUARENTENA TRANSPORTE Y RECEPCIÓN DE LOS ANIMALES,62,62,SEC-VET-PERSONNEL-F2015-062,¿El personal que recibe los animales comprueba si los animales recibidos presentan síntomas de enfermedad?,yes_no_not_applicable,binary_yes_no_na,binary_yes_no_na,not_validated_insufficient_sector_sample,"Aguilar Elena doctoral thesis (2015), Annex 1, sector-specific questionnaires",2931,2932,Use as source-preserved sector-specific instrument; do not label as validated.
sec_vet_personnel,Centros veterinarios — Personal veterinario,final_2015_annex1_unvalidated,sector_specific_questionnaire,Centros veterinarios,Personal veterinario,CUARENTENA TRANSPORTE Y RECEPCIÓN DE LOS ANIMALES,63,63,SEC-VET-PERSONNEL-F2015-063,¿Se establecen los procedimientos apropiados de cuarentena (mínimo 15 días separados del resto de animales sanos) y estabilización de acuerdo a la especie y a las circunstancias?,yes_no_not_applicable,binary_yes_no_na,binary_yes_no_na,not_validated_insufficient_sector_sample,"Aguilar Elena doctoral thesis (2015), Annex 1, sector-specific questionnaires",2933,2934,Use as source-preserved sector-specific instrument; do not label as validated.
sec_vet_personnel,Centros veterinarios — Personal veterinario,final_2015_annex1_unvalidated,sector_specific_questionnaire,Centros veterinarios,Personal veterinario,CUARENTENA TRANSPORTE Y RECEPCIÓN DE LOS ANIMALES,64,64,SEC-VET-PERSONNEL-F2015-064,¿Se indica qué bioterio contiene los animales en cuarentena?,yes_no_not_applicable,binary_yes_no_na,binary_yes_no_na,not_validated_insufficient_sector_sample,"Aguilar Elena doctoral thesis (2015), Annex 1, sector-specific questionnaires",2935,2935,Use as source-preserved sector-specific instrument; do not label as validated.
sec_vet_personnel,Centros veterinarios — Personal veterinario,final_2015_annex1_unvalidated,sector_specific_questionnaire,Centros veterinarios,Personal veterinario,REQUISITOS DE ALOJAMIENTO Y MANEJO DE LOS ANIMALES,65,65,SEC-VET-PERSONNEL-F2015-065,¿Los bioterios y sus accesorios como tapas se sanitizan por lo menos cada dos semanas?,yes_no_not_applicable,binary_yes_no_na,binary_yes_no_na,not_validated_insufficient_sector_sample,"Aguilar Elena doctoral thesis (2015), Annex 1, sector-specific questionnaires",2937,2937,Use as source-preserved sector-specific instrument; do not label as validated.
sec_vet_personnel,Centros veterinarios — Personal veterinario,final_2015_annex1_unvalidated,sector_specific_questionnaire,Centros veterinarios,Personal veterinario,REQUISITOS DE ALOJAMIENTO Y MANEJO DE LOS ANIMALES,66,66,SEC-VET-PERSONNEL-F2015-066,"¿Los bioterios se desinfectan con substancias químicas, agua caliente o una combinación de ambos?",yes_no_not_applicable,binary_yes_no_na,binary_yes_no_na,not_validated_insufficient_sector_sample,"Aguilar Elena doctoral thesis (2015), Annex 1, sector-specific questionnaires",2938,2939,Use as source-preserved sector-specific instrument; do not label as validated.
sec_vet_personnel,Centros veterinarios — Personal veterinario,final_2015_annex1_unvalidated,sector_specific_questionnaire,Centros veterinarios,Personal veterinario,REQUISITOS DE ALOJAMIENTO Y MANEJO DE LOS ANIMALES,67,67,SEC-VET-PERSONNEL-F2015-067,¿Los tiempos y las condiciones de lavado son suficientes para matar las formas vegetativas de las bacterias comunes y otros organismos que presumiblemente pueden ser controlables con los programas sanitarios?,yes_no_not_applicable,binary_yes_no_na,binary_yes_no_na,not_validated_insufficient_sector_sample,"Aguilar Elena doctoral thesis (2015), Annex 1, sector-specific questionnaires",2940,2942,Use as source-preserved sector-specific instrument; do not label as validated.
sec_vet_personnel,Centros veterinarios — Personal veterinario,final_2015_annex1_unvalidated,sector_specific_questionnaire,Centros veterinarios,Personal veterinario,REQUISITOS DE ALOJAMIENTO Y MANEJO DE LOS ANIMALES,68,68,SEC-VET-PERSONNEL-F2015-068,¿Se manipulan los animales siempre con guantes adecuados?,yes_no_not_applicable,binary_yes_no_na,binary_yes_no_na,not_validated_insufficient_sector_sample,"Aguilar Elena doctoral thesis (2015), Annex 1, sector-specific questionnaires",2943,2943,Use as source-preserved sector-specific instrument; do not label as validated.
sec_vet_personnel,Centros veterinarios — Personal veterinario,final_2015_annex1_unvalidated,sector_specific_questionnaire,Centros veterinarios,Personal veterinario,REQUISITOS DE ALOJAMIENTO Y MANEJO DE LOS ANIMALES,69,69,SEC-VET-PERSONNEL-F2015-069,¿Se manipula al animal siempre en silencio y con tranquilidad y se evita en todo momento su sufrimiento innecesario ya que además puede inducir al animal a defenderse y a producir lesiones?,yes_no_not_applicable,binary_yes_no_na,binary_yes_no_na,not_validated_insufficient_sector_sample,"Aguilar Elena doctoral thesis (2015), Annex 1, sector-specific questionnaires",2944,2945,Use as source-preserved sector-specific instrument; do not label as validated.
sec_vet_personnel,Centros veterinarios — Personal veterinario,final_2015_annex1_unvalidated,sector_specific_questionnaire,Centros veterinarios,Personal veterinario,LIMPIEZA DE RESIDUOS Y RESTOS,70,70,SEC-VET-PERSONNEL-F2015-070,"¿Los desechos convencionales, biológicos y peligrosos son limpiados y eliminados de forma segura?",yes_no_not_applicable,binary_yes_no_na,binary_yes_no_na,not_validated_insufficient_sector_sample,"Aguilar Elena doctoral thesis (2015), Annex 1, sector-specific questionnaires",2947,2948,Use as source-preserved sector-specific instrument; do not label as validated.
sec_vet_personnel,Centros veterinarios — Personal veterinario,final_2015_annex1_unvalidated,sector_specific_questionnaire,Centros veterinarios,Personal veterinario,LIMPIEZA DE RESIDUOS Y RESTOS,71,71,SEC-VET-PERSONNEL-F2015-071,¿Existen recipientes de basura en número suficiente y correctamente identificados? ¿Los contenedores de desechos son a prueba de fugas?,yes_no_not_applicable,binary_yes_no_na,binary_yes_no_na,not_validated_insufficient_sector_sample,"Aguilar Elena doctoral thesis (2015), Annex 1, sector-specific questionnaires",2949,2950,Use as source-preserved sector-specific instrument; do not label as validated.
sec_vet_personnel,Centros veterinarios — Personal veterinario,final_2015_annex1_unvalidated,sector_specific_questionnaire,Centros veterinarios,Personal veterinario,LIMPIEZA DE RESIDUOS Y RESTOS,72,72,SEC-VET-PERSONNEL-F2015-072,¿Se usan bolsas interiores en los contenedores de basura?,yes_no_not_applicable,binary_yes_no_na,binary_yes_no_na,not_validated_insufficient_sector_sample,"Aguilar Elena doctoral thesis (2015), Annex 1, sector-specific questionnaires",2951,2951,Use as source-preserved sector-specific instrument; do not label as validated.
sec_vet_personnel,Centros veterinarios — Personal veterinario,final_2015_annex1_unvalidated,sector_specific_questionnaire,Centros veterinarios,Personal veterinario,LIMPIEZA DE RESIDUOS Y RESTOS,73,73,SEC-VET-PERSONNEL-F2015-073,"¿En caso de almacenar en frío el material antes de su eliminación, se usa un congelador o cuarto frío exclusivo para este fin y rotulado correctamente?",yes_no_not_applicable,binary_yes_no_na,binary_yes_no_na,not_validated_insufficient_sector_sample,"Aguilar Elena doctoral thesis (2015), Annex 1, sector-specific questionnaires",2952,2953,Use as source-preserved sector-specific instrument; do not label as validated.
sec_vet_personnel,Centros veterinarios — Personal veterinario,final_2015_annex1_unvalidated,sector_specific_questionnaire,Centros veterinarios,Personal veterinario,LIMPIEZA DE RESIDUOS Y RESTOS,74,74,SEC-VET-PERSONNEL-F2015-074,¿Todo material de desecho o residuo biológico es sometido a un programa de gestión de residuos?,yes_no_not_applicable,binary_yes_no_na,binary_yes_no_na,not_validated_insufficient_sector_sample,"Aguilar Elena doctoral thesis (2015), Annex 1, sector-specific questionnaires",2954,2955,Use as source-preserved sector-specific instrument; do not label as validated.
sec_vet_personnel,Centros veterinarios — Personal veterinario,final_2015_annex1_unvalidated,sector_specific_questionnaire,Centros veterinarios,Personal veterinario,LIMPIEZA DE RESIDUOS Y RESTOS,75,75,SEC-VET-PERSONNEL-F2015-075,"¿La limpieza de los lechos se realiza teniendo en cuenta el evitar la generación de polvo (para ello el trabajador introduce el bioterio en una bolsa y vuelca su contenido en ella? ¿Así mismo utiliza guantes de protección, mascarilla y gafas?",yes_no_not_applicable,binary_yes_no_na,binary_yes_no_na,not_validated_insufficient_sector_sample,"Aguilar Elena doctoral thesis (2015), Annex 1, sector-specific questionnaires",2956,2958,Use as source-preserved sector-specific instrument; do not label as validated.
sec_vet_personnel,Centros veterinarios — Personal veterinario,final_2015_annex1_unvalidated,sector_specific_questionnaire,Centros veterinarios,Personal veterinario,LIMPIEZA DE RESIDUOS Y RESTOS,76,76,SEC-VET-PERSONNEL-F2015-076,"¿Se restringe en la medida de lo posible, el uso de agujas y jeringuillas?",yes_no_not_applicable,binary_yes_no_na,binary_yes_no_na,not_validated_insufficient_sector_sample,"Aguilar Elena doctoral thesis (2015), Annex 1, sector-specific questionnaires",2959,2959,Use as source-preserved sector-specific instrument; do not label as validated.
sec_vet_personnel,Centros veterinarios — Personal veterinario,final_2015_annex1_unvalidated,sector_specific_questionnaire,Centros veterinarios,Personal veterinario,LIMPIEZA DE RESIDUOS Y RESTOS,77,77,SEC-VET-PERSONNEL-F2015-077,"¿Se desechan las jeringas y agujas de un solo uso en contenedores especiales (indeformables, no perforables, sin fisuras para evitar derrames) sin ser encapsuladas?",yes_no_not_applicable,binary_yes_no_na,binary_yes_no_na,not_validated_insufficient_sector_sample,"Aguilar Elena doctoral thesis (2015), Annex 1, sector-specific questionnaires",2960,2961,Use as source-preserved sector-specific instrument; do not label as validated.
sec_vet_personnel,Centros veterinarios — Personal veterinario,final_2015_annex1_unvalidated,sector_specific_questionnaire,Centros veterinarios,Personal veterinario,ENTRENAMIENTO Y EXPERIENCIA DEL PERSONAL,78,78,SEC-VET-PERSONNEL-F2015-078,"¿El personal expuesto a riesgo dispone de procedimientos claros y definidos para conducir sus responsabilidades, identificando los peligros involucrados y son adiestrados en implementar los dispositivos de seguridad requeridos?",yes_no_not_applicable,binary_yes_no_na,binary_yes_no_na,not_validated_insufficient_sector_sample,"Aguilar Elena doctoral thesis (2015), Annex 1, sector-specific questionnaires",2963,2965,Use as source-preserved sector-specific instrument; do not label as validated.
sec_vet_personnel,Centros veterinarios — Personal veterinario,final_2015_annex1_unvalidated,sector_specific_questionnaire,Centros veterinarios,Personal veterinario,ENTRENAMIENTO Y EXPERIENCIA DEL PERSONAL,79,79,SEC-VET-PERSONNEL-F2015-079,"¿El personal es entrenado acerca de las zoonosis, seguridad química, peligros microbiológicos y físicos (incluyendo aquellos relacionados con la radiación y las alergias), condiciones extraordinarias o agentes que podrían ser parte de los procedimientos experimentales, manejo de los materiales de desecho, higiene personal y otras consideraciones (Ej. se tomar las precauciones durante el embarazo, enfermedad o inmunodeficiencia del personal), que son apropiadas para los peligros impuestos en el centro de trabajo?",yes_no_not_applicable,binary_yes_no_na,binary_yes_no_na,not_validated_insufficient_sector_sample,"Aguilar Elena doctoral thesis (2015), Annex 1, sector-specific questionnaires",2966,2971,Use as source-preserved sector-specific instrument; do not label as validated.
sec_vet_personnel,Centros veterinarios — Personal veterinario,final_2015_annex1_unvalidated,sector_specific_questionnaire,Centros veterinarios,Personal veterinario,ENTRENAMIENTO Y EXPERIENCIA DEL PERSONAL,80,80,SEC-VET-PERSONNEL-F2015-080,¿Los animales son manipulados por trabajadores con experiencia en trato con animales?,yes_no_not_applicable,binary_yes_no_na,binary_yes_no_na,not_validated_insufficient_sector_sample,"Aguilar Elena doctoral thesis (2015), Annex 1, sector-specific questionnaires",2972,2973,Use as source-preserved sector-specific instrument; do not label as validated.
